-- phpMyAdmin SQL Dump
-- version 5.1.1
-- https://www.phpmyadmin.net/
--
-- Host: 127.0.0.1
-- Generation Time: Aug 17, 2022 at 01:33 AM
-- Server version: 10.4.22-MariaDB
-- PHP Version: 8.1.2

SET SQL_MODE = "NO_AUTO_VALUE_ON_ZERO";
START TRANSACTION;
SET time_zone = "+00:00";


/*!40101 SET @OLD_CHARACTER_SET_CLIENT=@@CHARACTER_SET_CLIENT */;
/*!40101 SET @OLD_CHARACTER_SET_RESULTS=@@CHARACTER_SET_RESULTS */;
/*!40101 SET @OLD_COLLATION_CONNECTION=@@COLLATION_CONNECTION */;
/*!40101 SET NAMES utf8mb4 */;

--
-- Database: `yahuas`
--

-- --------------------------------------------------------

--
-- Table structure for table `building`
--

CREATE TABLE `building` (
  `building_id` smallint(10) UNSIGNED NOT NULL,
  `building_name` varchar(250) DEFAULT NULL,
  `building_address` varchar(250) DEFAULT NULL,
  `manager_id` smallint(10) UNSIGNED DEFAULT NULL,
  `number_of_rooms` int(3) DEFAULT NULL,
  `number_of_floors` int(2) DEFAULT NULL,
  `max_capacity` int(3) DEFAULT NULL,
  `halls_id` smallint(10) UNSIGNED DEFAULT NULL
) ENGINE=InnoDB DEFAULT CHARSET=utf8mb4;

--
-- Dumping data for table `building`
--

INSERT INTO `building` (`building_id`, `building_name`, `building_address`, `manager_id`, `number_of_rooms`, `number_of_floors`, `max_capacity`, `halls_id`) VALUES
(1, 'Strosin-Robel', '69216 Sauer Pass Suite 803\nCadetown, ID 39782', 1, 19, 1, 160, 1),
(2, 'Christiansen, Gutkowski and Prohaska', '24714 Wehner Fort\nWest Mellie, DC 78000', 2, 56, 11, 166, 2),
(3, 'Anderson-Deckow', '77421 Weber Estate Suite 231\nEwellstad, AL 69765-1741', 3, 90, 14, 9, 3),
(4, 'Schroeder, Emmerich and Leuschke', '051 Green Trail\nKingshire, SD 58117-2519', 4, 80, 15, 183, 4),
(5, 'Ebert PLC', '706 Gottlieb Fork\nBradleyton, CO 66140-7754', 5, 49, 15, 145, 5),
(6, 'Lubowitz-Carroll', '611 Kiarra Passage Suite 303\nEast Tristinshire, VT 09933-5627', 6, 13, 2, 47, 6),
(7, 'Gutkowski Group', '57901 Gislason Avenue Apt. 685\nGastonview, RI 61486', 7, 84, 9, 142, 7),
(8, 'Anderson Inc', '8169 Willms Canyon\nPort Amandaport, AK 61931-0903', 8, 70, 13, 61, 8),
(9, 'Shanahan LLC', '729 Trycia Junctions Suite 625\nNew Robinhaven, HI 93027', 9, 66, 7, 195, 9),
(10, 'Adams Ltd', '97640 Ramiro Mountains\nEast Oliverborough, AK 13676-5726', 10, 61, 12, 150, 10),
(11, 'Gislason, Rodriguez and Armstrong', '05118 Jordan Center\nSchambergerberg, NE 74537', 11, 9, 1, 58, 11),
(12, 'Towne PLC', '456 Schmidt Garden Apt. 738\nNew Jalyn, SC 10661', 12, 3, 9, 194, 12),
(13, 'Ankunding PLC', '044 Keyon Ridge\nPort Johnsonton, AZ 33298-8054', 13, 83, 8, 43, 13),
(14, 'Haley-Littel', '611 Wilber Vista\nAbernathystad, AR 16103', 14, 65, 11, 134, 14),
(15, 'Koss Group', '05985 Purdy Summit Suite 116\nSouth Joe, MT 97542', 15, 67, 2, 173, 15),
(16, 'Lehner, Hahn and Smitham', '151 Lakin Row Suite 153\nNew Trinity, NC 65705', 16, 35, 7, 67, 1),
(17, 'Harber, Goodwin and McCullough', '52509 Beryl Locks\nPort Maeport, SC 77244', 17, 86, 2, 60, 2),
(18, 'Gibson LLC', '539 Heather Land Apt. 882\nKemmerstad, VT 25105', 18, 28, 14, 48, 3),
(19, 'Raynor-Hartmann', '100 Mitchell Camp\nFraneckifurt, AR 59387', 19, 10, 5, 158, 4),
(20, 'Dickinson, Stroman and Mosciski', '4470 Williamson Plaza Apt. 529\nPort Isadoreborough, DC 00664', 20, 19, 6, 87, 5),
(21, 'Kling, Treutel and Littel', '37292 Eladio Roads\nJasminland, WY 56641-9607', 21, 55, 9, 47, 6),
(22, 'D\'Amore PLC', '89901 Corkery Pike Suite 166\nBernhardchester, TX 45698', 22, 92, 15, 147, 7),
(23, 'Quitzon-Klein', '07896 Streich Turnpike Suite 876\nArdellabury, MD 06550-6401', 23, 6, 4, 106, 8),
(24, 'Yost Ltd', '12931 Pagac Extensions Apt. 834\nCummeratafurt, TN 24627', 24, 4, 4, 154, 9),
(25, 'Hauck Inc', '3538 Hector Mill\nTysonburgh, MN 18906', 25, 51, 12, 44, 10),
(26, 'Hudson Ltd', '57044 Nicolas Drives\nGilbertoside, LA 09774', 26, 69, 3, 66, 11),
(27, 'Will-Gibson', '5633 Nienow Groves\nPort Hillard, NE 12922-4381', 27, 48, 14, 114, 12),
(28, 'Ratke, Goyette and Kuvalis', '7596 Kenya Lodge Suite 671\nCleofurt, WY 43357-2004', 28, 80, 14, 66, 13),
(29, 'Weimann-Johns', '2412 Maximus Fields Apt. 495\nCassandrafurt, RI 95992-6911', 29, 1, 6, 187, 14),
(30, 'Rippin, Greenfelder and Kub', '179 Modesta Station Apt. 737\nKlingmouth, IN 45030-6264', 30, 32, 4, 4, 15),
(31, 'Kuhlman, Paucek and Dietrich', '217 Rosella Avenue\nSchoenhaven, MN 06016', 31, 46, 7, 166, 1),
(32, 'Wiza, Quitzon and Mills', '4007 Dooley Squares Suite 470\nWeimannborough, AL 29474-0119', 32, 6, 6, 157, 2),
(33, 'Price LLC', '4281 Feil Pike Apt. 529\nLake Abigalefort, CA 11492-6847', 33, 32, 14, 39, 3),
(34, 'Reinger Inc', '52941 Von Lodge\nImaniton, NC 22262-5634', 34, 82, 1, 72, 4),
(35, 'Romaguera PLC', '6281 Jalen Glen\nHoraciomouth, MA 53859-3181', 35, 17, 14, 128, 5),
(36, 'VonRueden-Funk', '58971 Will Junction\nJakaylaside, VT 97640-4863', 36, 15, 12, 96, 6),
(37, 'Bins, Hilll and Brekke', '08480 Hulda Points Apt. 792\nWest Raymundohaven, SD 52706', 37, 55, 2, 170, 7),
(38, 'O\'Conner-Bartoletti', '505 Marcus Circle\nEmilietown, AZ 87967-2134', 38, 36, 3, 121, 8),
(39, 'Franecki PLC', '128 Bergnaum Station Apt. 583\nLake Magnusmouth, NC 56893', 39, 18, 6, 29, 9),
(40, 'Lemke, Rath and Larson', '9352 Pfannerstill Stravenue Apt. 553\nLake Shawna, DE 21988-8438', 40, 30, 14, 56, 10),
(41, 'Heathcote, Nitzsche and Purdy', '04552 Antoinette Landing Suite 497\nSouth Beauborough, NC 07880-4830', 41, 24, 15, 39, 11),
(42, 'Harber-Jakubowski', '1152 Rhiannon Valley\nWest Dougstad, TX 01739-6124', 42, 94, 3, 124, 12),
(43, 'Denesik, Kassulke and Schulist', '13067 Jayme Tunnel Apt. 626\nEast Jazlynton, AL 41528', 43, 90, 5, 38, 13),
(44, 'Corwin, Upton and Stroman', '8480 Shakira Stream Apt. 829\nCleoberg, CO 28620-6384', 44, 62, 3, 55, 14),
(45, 'Yost, Harvey and Wolff', '23995 Terry Plains\nSouth Bud, MN 74692', 45, 62, 3, 167, 15),
(46, 'Zieme-Leannon', '36206 Camron Unions\nLake Quinton, MS 48748', 46, 71, 8, 30, 1),
(47, 'Gutkowski, Farrell and Zieme', '2744 Beulah Freeway Apt. 436\nHoegerland, VT 31443', 47, 46, 8, 184, 2),
(48, 'Schowalter, Mayert and Bartell', '4590 Parker Center\nWest Garnetfurt, NY 85439-3405', 48, 11, 15, 95, 3),
(49, 'Prohaska-Schumm', '431 Chester Village Apt. 705\nLake Larryville, CA 27574', 49, 25, 1, 147, 4),
(50, 'Batz PLC', '33630 Tania Flats\nHamillberg, MD 60747', 50, 53, 3, 136, 5),
(51, 'Smith, Rogahn and Kulas', '4955 Moen Hollow\nEast Betsyfort, MN 25178', 51, 55, 14, 102, 6),
(52, 'Bins and Sons', '7020 Alayna Meadows Suite 743\nJohnsfort, AK 78562-6460', 52, 8, 14, 35, 7),
(53, 'Hilpert-Schultz', '9173 Klein Street Suite 699\nLake Floy, OH 62076-8933', 53, 4, 3, 176, 8),
(54, 'Pagac-Zemlak', '67657 Morar Plaza\nMinamouth, IA 30082', 54, 98, 11, 132, 9),
(55, 'Wehner-Zieme', '006 Wilkinson Brooks\nEast Haleighburgh, OK 30364-0457', 55, 68, 6, 117, 10),
(56, 'Champlin-Brekke', '78680 Derek Hollow\nDereckshire, SD 61024', 56, 4, 11, 73, 11),
(57, 'Willms-Schowalter', '933 Turner Stream Apt. 703\nPort Samarafort, SD 84431-3251', 57, 87, 5, 37, 12),
(58, 'Okuneva Inc', '396 Beatty Course Suite 877\nEast Roberta, TN 22815', 58, 10, 7, 17, 13),
(59, 'Collins, Parker and Pollich', '2456 Kemmer Fords Suite 484\nDoyleville, SD 55732-0272', 59, 53, 5, 64, 14),
(60, 'Thompson Inc', '8716 Bessie Rest\nStokesberg, CT 61467-5018', 60, 82, 1, 124, 15),
(61, 'Gusikowski, Bergstrom and Feest', '13129 Gay Turnpike Apt. 491\nEast Antwon, UT 50272-1113', 61, 62, 2, 55, 1),
(62, 'Graham-Hane', '4668 Lubowitz Wall Apt. 039\nNew Giles, NH 33496', 62, 11, 12, 74, 2),
(63, 'Cummerata and Sons', '347 Hayes Crossing Suite 804\nSouth Ericatown, MT 06544-5341', 63, 98, 10, 85, 3),
(64, 'Wunsch, Beer and Fritsch', '490 Amelia Plain Suite 518\nNew Ellentown, ME 33802-7994', 64, 55, 12, 64, 4),
(65, 'Bednar, Connelly and Brekke', '85550 Kianna Ridges\nJacobshaven, FL 27972', 65, 19, 12, 191, 5),
(66, 'McKenzie, Schumm and Emmerich', '663 Ankunding Prairie\nBayerburgh, TN 62737-0868', 66, 39, 13, 134, 6),
(67, 'Rice LLC', '3937 Feil Corner\nNorth Jarodbury, AR 92900-0879', 67, 19, 14, 177, 7),
(68, 'Borer-Halvorson', '45531 Zelma Plain Suite 627\nNew Dominiquefurt, CA 40723', 68, 69, 2, 53, 8),
(69, 'Wiza Inc', '86285 Joanne Plains\nWest Alexys, AZ 84211', 69, 15, 15, 12, 9),
(70, 'Collier, Will and Fahey', '11053 Ada Islands Apt. 138\nTitusberg, VT 65756', 70, 5, 14, 166, 10),
(71, 'Ziemann, Stroman and Kutch', '30068 Olin Crescent Apt. 140\nDaynafurt, AR 57541', 71, 80, 15, 168, 11),
(72, 'Frami LLC', '48919 Powlowski Course Apt. 186\nSouth Antonebury, KY 30078', 72, 32, 14, 130, 12),
(73, 'Grady, Pollich and Rice', '9260 Julio Streets\nMillsburgh, ME 86979-3199', 73, 41, 5, 103, 13),
(74, 'Legros-Breitenberg', '52896 Huels Inlet Suite 405\nWilkinsonville, GA 10492-1856', 74, 87, 10, 200, 14),
(75, 'Jakubowski, Will and Bernier', '0924 Will Forges Suite 527\nNew Laurashire, CT 41030', 75, 98, 10, 116, 15),
(76, 'Barton-Hauck', '0529 Mohr Stream Suite 883\nCronafurt, HI 68320', 76, 63, 5, 8, 1),
(77, 'Reichert-Kessler', '88953 Myron Shore Apt. 376\nEast Ricofurt, ID 66627-1086', 77, 89, 7, 117, 2),
(78, 'Mayer Group', '83357 Howell Mountains\nSchmittton, KY 52862-7682', 78, 66, 15, 111, 3),
(79, 'Thompson, Hansen and Grant', '28059 Meghan Dale Apt. 254\nSouth Morganside, NJ 03410-2884', 79, 91, 4, 43, 4),
(80, 'Rodriguez Ltd', '633 Johnson Street Suite 707\nWest Jeramy, NE 28249-9777', 80, 7, 10, 9, 5),
(81, 'Gulgowski, Tillman and Leuschke', '63800 Britney Plain\nCathyshire, IL 77454', 81, 12, 9, 199, 6),
(82, 'Larkin, Klein and Russel', '16956 Keebler Route\nLake Chaya, KY 87875-9953', 82, 13, 13, 3, 7),
(83, 'Stroman-Streich', '66814 Green Ferry\nNorth Othachester, SD 04509-7669', 83, 89, 15, 117, 8),
(84, 'Shields-Yundt', '8093 Nicholas Dam\nBorerport, NM 74896', 84, 55, 5, 23, 9),
(85, 'Yundt, Hoeger and Champlin', '0993 Travis Crescent Apt. 519\nLake Vicente, MA 18243', 85, 28, 5, 187, 10),
(86, 'Breitenberg Ltd', '804 Eve Glens Suite 076\nDaughertyberg, OK 27223', 86, 32, 10, 196, 11),
(87, 'O\'Conner PLC', '8545 Prohaska Plaza Apt. 892\nEribertoville, HI 41518-7046', 87, 29, 10, 30, 12),
(88, 'Bernier, Yost and Kulas', '4320 Alisha Turnpike\nNew Zoietown, CA 53362', 88, 22, 6, 73, 13),
(89, 'Kautzer Group', '918 Roob Stravenue\nKirstintown, HI 58964', 89, 82, 8, 33, 14),
(90, 'Orn PLC', '004 Littel Divide Suite 807\nSouth Caryburgh, DC 33949', 90, 52, 14, 51, 15),
(91, 'Mueller, White and McCullough', '82058 Wilfredo Knolls Suite 535\nSpencerton, AK 01005', 91, 7, 1, 54, 1),
(92, 'Cummings, Flatley and Harvey', '29629 Ivy Wells\nPort Freida, CO 79128', 92, 47, 11, 118, 2),
(93, 'Pollich-Witting', '712 Tremblay Stravenue Suite 564\nNew Ryder, IN 97877-0598', 93, 86, 5, 136, 3),
(94, 'Schroeder PLC', '6044 Barrows Pass Suite 962\nAltenwerthberg, MD 98239-5931', 94, 72, 4, 28, 4),
(95, 'Stroman PLC', '0595 Rath Common Suite 891\nLake Gail, IL 44558', 95, 20, 7, 115, 5),
(96, 'Beer PLC', '537 Gusikowski Pine\nBruenmouth, NJ 12545-7401', 96, 7, 8, 53, 6),
(97, 'Wintheiser and Sons', '18697 Jasmin Hill Suite 897\nEast Alfordmouth, DC 14804-9118', 97, 57, 10, 29, 7),
(98, 'Koss Group', '328 Willms Shore Suite 550\nKundefurt, IL 99165-1954', 98, 67, 1, 136, 8),
(99, 'Kuhlman-Fay', '19304 Juliet Field\nCarterberg, UT 24050-9963', 99, 2, 12, 56, 9),
(100, 'Sauer, Ritchie and Langworth', '529 Hegmann Manors Apt. 727\nNigelland, KY 72587-7228', 100, 14, 12, 140, 10),
(101, 'Gerlach-Rutherford', '51132 Nina Mountains\nPort Maxhaven, MT 58122', 1, 81, 12, 93, 11),
(102, 'Cartwright Inc', '568 Wallace Place\nSouth Ephraimchester, DE 71179-0250', 2, 43, 9, 156, 12),
(103, 'Medhurst-Powlowski', '227 Abraham Fall\nEast Marciaville, CT 26622-9988', 3, 5, 10, 73, 13),
(104, 'Wiza, Langosh and Lesch', '9698 Heaney Mount Suite 557\nTerrychester, CT 56978', 4, 68, 1, 157, 14),
(105, 'Zulauf-Bailey', '7745 Xavier Fords\nBodefurt, WV 52770', 5, 77, 2, 133, 15),
(106, 'Cassin PLC', '3079 Anderson Falls Apt. 480\nNew Jaeden, AR 08244-3538', 6, 42, 3, 65, 1),
(107, 'Bernhard and Sons', '53508 Paucek Greens\nWest Raymundo, IN 59078-3291', 7, 82, 13, 140, 2),
(108, 'Reinger-Feest', '0384 Littel Station\nBoganhaven, NC 41900-7271', 8, 83, 5, 28, 3),
(109, 'Prosacco-Thompson', '80677 Walter Dam Apt. 025\nBernieceland, RI 80789-5756', 9, 74, 11, 139, 4),
(110, 'Littel-Stroman', '9059 Cleora Inlet Suite 606\nLake Timmothyberg, ME 95664', 10, 56, 10, 61, 5),
(111, 'Lind-Monahan', '842 Feil Island\nSouth Norrisview, IN 88314-5438', 11, 71, 2, 184, 6),
(112, 'Feest Ltd', '546 Zachary Spring\nToymouth, PA 89297', 12, 57, 9, 82, 7),
(113, 'O\'Reilly-Pfeffer', '6008 Thiel Ports\nNorth Conradberg, OK 27051-4190', 13, 97, 15, 133, 8),
(114, 'Romaguera PLC', '098 Fredy Cliffs Suite 921\nPatricktown, AR 71237-4856', 14, 2, 12, 10, 9),
(115, 'Rohan-O\'Keefe', '285 Darrell Wall Suite 630\nKolemouth, NY 91688', 15, 46, 2, 185, 10),
(116, 'Volkman-Zboncak', '67547 Lind Estate\nMarielafort, AK 82250', 16, 65, 5, 50, 11),
(117, 'Boyer, Wisoky and Kilback', '794 Jessica Ferry Apt. 231\nKesslertown, DC 57072', 17, 72, 15, 31, 12),
(118, 'Predovic, Friesen and Sanford', '1778 Powlowski Wells Apt. 199\nLake Yadirabury, SC 22935-9070', 18, 23, 13, 97, 13),
(119, 'Von, Crist and Ankunding', '80954 Bernhard Pass\nMcClurestad, TN 86001-1269', 19, 15, 13, 189, 14),
(120, 'Wehner, Legros and Purdy', '7572 Darrin Village Apt. 815\nEast Napoleonport, IA 61752', 20, 21, 13, 49, 15),
(121, 'Huels-Sawayn', '03504 Elfrieda Green\nPort Logan, NE 47455', 21, 74, 7, 130, 1),
(122, 'Weimann-Reichert', '838 Fadel Mission\nLegrostown, MD 29902-9442', 22, 21, 15, 85, 2),
(123, 'Lynch, Hirthe and Lang', '0495 Kailey Pike Suite 758\nBonitabury, CO 43102-7597', 23, 52, 12, 137, 3),
(124, 'Gleason, Kertzmann and Koelpin', '102 Shad Pines\nRodrickside, HI 25400', 24, 8, 15, 75, 4),
(125, 'Orn, Jacobson and Auer', '83567 Kerluke Stravenue Suite 113\nSouth Ciceromouth, DE 73131-8498', 25, 81, 7, 199, 5),
(126, 'Morar, Rohan and Lebsack', '3268 Gusikowski Estate Suite 352\nCarolinashire, NY 16002-7209', 26, 90, 10, 193, 6),
(127, 'Bosco, Reinger and Williamson', '159 Bartell Meadow Apt. 609\nDaisyland, VT 15299-1391', 27, 77, 6, 198, 7),
(128, 'Davis and Sons', '450 Macejkovic Passage Suite 337\nRaymondport, NJ 53872-3786', 28, 50, 12, 67, 8),
(129, 'Muller Inc', '818 Alisha Lights Apt. 613\nNew Nedside, MA 52105', 29, 16, 3, 90, 9),
(130, 'Bruen PLC', '0329 Emilie Port Apt. 689\nCruickshankville, NH 13052', 30, 26, 10, 78, 10),
(131, 'Cremin, Ward and Kihn', '04788 VonRueden Wall Suite 381\nEmmyton, AL 29797-3091', 31, 73, 11, 130, 11),
(132, 'Bogan LLC', '6185 Reinger Walks Apt. 165\nHintzfort, WY 17579', 32, 5, 15, 176, 12),
(133, 'Hane, Kshlerin and Ward', '6480 Klein Extensions\nMooreview, WI 36083-9498', 33, 85, 12, 85, 13),
(134, 'Watsica, Tromp and Von', '510 Jazmyne Walk\nSouth Jeanne, ND 64319', 34, 13, 15, 6, 14),
(135, 'Bernier-Hahn', '73709 Emmerich Way Suite 695\nKshlerinburgh, UT 59584', 35, 67, 13, 111, 15),
(136, 'Thiel LLC', '8099 Lubowitz Hollow Apt. 547\nSchowaltertown, FL 69570', 36, 8, 2, 193, 1),
(137, 'Gutmann Inc', '81968 Farrell Route Apt. 566\nJonesmouth, AK 61505-0539', 37, 92, 10, 155, 2),
(138, 'Pagac, Jakubowski and Bernier', '560 Jacey Divide Suite 039\nEast Talon, ME 14863', 38, 21, 10, 106, 3),
(139, 'Kunze-Feest', '21222 Jana Harbor\nPort Serenityberg, WA 60226', 39, 70, 10, 190, 4),
(140, 'McClure-Schinner', '374 Eugene Haven\nUriahborough, AK 79584', 40, 78, 10, 116, 5),
(141, 'Tremblay and Sons', '97577 Daija Mount\nLake Cadeshire, AL 92096', 41, 60, 1, 30, 6),
(142, 'Rempel-Schamberger', '47238 Erdman Forge Apt. 116\nNorth Jacinto, OH 39578', 42, 81, 2, 193, 7),
(143, 'Walker, Hickle and Thompson', '7636 Thompson Vista\nPadbergborough, DC 83006', 43, 56, 12, 29, 8),
(144, 'Harber-Kling', '154 Leann Shore\nCorwinton, NM 67731-2515', 44, 84, 7, 69, 9),
(145, 'Nicolas LLC', '281 Kameron Island\nGloverbury, MD 83924', 45, 28, 12, 25, 10),
(146, 'Ruecker Group', '394 Lacy Islands Apt. 532\nSkilesstad, SC 48101-1228', 46, 40, 14, 82, 11),
(147, 'Emard-Smitham', '976 Johnston Hollow\nNew Amparo, WI 86344', 47, 24, 9, 177, 12),
(148, 'Brekke-White', '00825 Rolfson Tunnel\nWest Orlo, NC 66857-7179', 48, 2, 5, 150, 13),
(149, 'Carroll, Heidenreich and Luettgen', '1285 Brianne Forks Apt. 329\nLake Aleenstad, MA 69282-0746', 49, 14, 15, 114, 14),
(150, 'Gulgowski-Rolfson', '940 Zelma Ports Suite 168\nLangfort, WI 40237-6036', 50, 47, 12, 167, 15),
(151, 'Hickle Group', '70375 Doyle Courts\nEast Effiechester, MO 20424', 51, 48, 1, 33, 1),
(152, 'Marks-Bosco', '38108 Kovacek Manor\nSchaefermouth, TX 69549', 52, 25, 4, 156, 2),
(153, 'Kreiger-Lockman', '89158 Steuber Brook Suite 793\nNorth Ednaport, IA 23434-6660', 53, 19, 12, 83, 3),
(154, 'Greenfelder-Stamm', '70150 Will Tunnel Suite 933\nBlickton, WV 09221-9800', 54, 21, 5, 28, 4),
(155, 'Haley-Schneider', '57083 Dickens Burgs\nNew Katrine, NM 82166-5726', 55, 74, 10, 51, 5),
(156, 'Cartwright, McDermott and Kris', '6916 Shakira Loaf\nKobytown, VA 09487-2732', 56, 9, 3, 17, 6),
(157, 'Conn-Labadie', '841 Rodriguez Avenue\nLucilefort, SD 52527-8465', 57, 20, 7, 179, 7),
(158, 'Lind PLC', '0547 Howell Port Apt. 502\nNew Jillian, OH 87905-0713', 58, 33, 5, 199, 8),
(159, 'Gerhold, Cruickshank and Rath', '78791 Ledner Port Apt. 926\nLake Kaela, OR 40909-8262', 59, 57, 11, 119, 9),
(160, 'Nolan-Rosenbaum', '8319 Cordia Run Suite 789\nLake Orlandotown, DE 54201-7462', 60, 71, 8, 102, 10),
(161, 'Stokes, Berge and Donnelly', '89730 Susie Isle\nPort Eldredville, MT 11511', 61, 83, 4, 63, 11),
(162, 'Padberg Ltd', '1849 Mathilde Fort\nAmirborough, TX 22290', 62, 23, 5, 187, 12),
(163, 'Kerluke-Bergstrom', '17609 Johan Pine Suite 040\nEttiemouth, ME 82987-8816', 63, 99, 5, 126, 13),
(164, 'Ebert-Muller', '035 Carolanne Gardens Suite 721\nDoyleshire, MS 59549-4833', 64, 50, 12, 4, 14),
(165, 'Rolfson-Crooks', '071 Marietta Highway\nWest Tremaine, MT 74463-5580', 65, 86, 3, 94, 15),
(166, 'Tromp PLC', '497 O\'Connell Rue\nZoeyburgh, FL 88701', 66, 23, 1, 4, 1),
(167, 'Howell Group', '45814 Myah Land\nWest Taylor, OH 94188', 67, 91, 10, 46, 2),
(168, 'Klein Inc', '32794 Jammie Crest Suite 478\nPort Victorview, IL 29485', 68, 51, 1, 106, 3),
(169, 'Marquardt, Tillman and McDermott', '87144 Maeve Throughway Suite 973\nPort Cristobal, MD 96442', 69, 49, 12, 103, 4),
(170, 'Medhurst, Hayes and Breitenberg', '49292 Ratke Shores\nMurphyshire, TN 03348-1553', 70, 29, 7, 113, 5),
(171, 'Gusikowski, Lakin and Toy', '3184 Austyn Shoal\nCordeliaville, AL 49178', 71, 88, 13, 56, 6),
(172, 'Wuckert and Sons', '5504 Pollich Estate Apt. 085\nSengerburgh, NH 75099', 72, 87, 14, 50, 7),
(173, 'Herman Inc', '97428 Pierre Islands Apt. 289\nSouth Nedbury, RI 63364-3985', 73, 32, 1, 145, 8),
(174, 'Jerde PLC', '522 Cassandra Tunnel\nSchmidtmouth, MS 14268-1124', 74, 64, 10, 141, 9),
(175, 'Zieme Group', '237 Ernser Keys Apt. 476\nRunteshire, CT 81632', 75, 60, 4, 34, 10),
(176, 'Bartell Ltd', '214 Myrtis Manor\nBergstromport, CT 96376', 76, 11, 12, 99, 11),
(177, 'Prohaska, Bayer and Skiles', '55351 Retta Wells Suite 290\nSandraborough, IA 53198-9964', 77, 44, 8, 39, 12),
(178, 'Ankunding-Weber', '442 Myrl Path\nPredovicmouth, NJ 71229-4085', 78, 72, 6, 193, 13),
(179, 'Wyman Group', '04256 Marjolaine Crossing\nHildegardshire, AR 21737-6365', 79, 8, 6, 70, 14),
(180, 'Marquardt-Block', '33615 Fahey Cliff Suite 973\nEichmannstad, WY 48063-1429', 80, 33, 4, 35, 15),
(181, 'Simonis, Goyette and Schinner', '69567 Corbin Fords Apt. 561\nWhiteland, RI 41375-8492', 81, 87, 1, 102, 1),
(182, 'Mann Ltd', '82881 Jasmin Ville\nEdytheberg, AL 34963', 82, 14, 2, 148, 2),
(183, 'Heaney-Stehr', '38315 Daugherty Harbors Apt. 868\nWest Shyannport, WI 98035-4512', 83, 33, 12, 99, 3),
(184, 'Auer PLC', '082 O\'Connell Path\nPort Trycia, MA 12772', 84, 2, 15, 54, 4),
(185, 'O\'Conner, Walsh and Schaden', '35886 Elton Prairie\nMacejkovicport, KY 15349', 85, 80, 6, 82, 5),
(186, 'Romaguera, Keebler and Moore', '9355 Guido Cape Apt. 250\nNorth Arlie, LA 96451', 86, 63, 15, 199, 6),
(187, 'Sauer Group', '530 Savannah Forges Apt. 519\nKertzmannberg, IL 91765', 87, 28, 10, 186, 7),
(188, 'Predovic Inc', '745 Jerrell Junction\nLadariusmouth, AK 91182-1172', 88, 15, 11, 196, 8),
(189, 'Durgan-Abbott', '71875 Casper Trail Suite 690\nLizachester, OR 25013', 89, 95, 12, 125, 9),
(190, 'Hayes-Bogan', '0978 Helena Lane Suite 127\nNorth Joannymouth, KY 22240-5696', 90, 95, 15, 191, 10),
(191, 'Champlin, Schulist and Gulgowski', '5117 Effertz Glen\nWaltonbury, AL 80706-3671', 91, 96, 15, 64, 11),
(192, 'Dare PLC', '21174 Prohaska Fort\nKuvalisberg, MD 67163-6010', 92, 3, 3, 3, 12),
(193, 'Lueilwitz Ltd', '628 Morissette Pines Suite 241\nFadelview, NE 12419-0694', 93, 9, 13, 82, 13),
(194, 'Feil Ltd', '0323 Cristopher Locks\nMaxwellberg, OR 71679-7605', 94, 48, 15, 73, 14),
(195, 'Walter-Brown', '805 Adelia Green Suite 462\nNikolausberg, TX 52993', 95, 38, 5, 57, 15),
(196, 'Harvey-Nitzsche', '244 Cordia Keys Apt. 137\nJacobifurt, IN 95048-6501', 96, 10, 8, 185, 1),
(197, 'Dietrich-Batz', '5489 Jamison Turnpike Suite 926\nWilliamsonview, CO 31713', 97, 95, 15, 170, 2),
(198, 'Kuhn-Herzog', '2651 Schiller Flats\nChristiansenmouth, CO 95350-9261', 98, 71, 9, 157, 3),
(199, 'Turcotte, Williamson and McDermott', '887 Jacobs Vista\nSheldonfurt, CA 77448', 99, 62, 2, 66, 4),
(200, 'Rippin-Deckow', '4128 Ondricka Field\nDamienborough, RI 27834-7770', 100, 7, 12, 174, 5);

-- --------------------------------------------------------

--
-- Table structure for table `course`
--

CREATE TABLE `course` (
  `course_id` smallint(10) UNSIGNED NOT NULL,
  `course_title` varchar(50) DEFAULT NULL,
  `course_duration_years` int(1) DEFAULT NULL,
  `head_staff_id` smallint(10) UNSIGNED DEFAULT NULL,
  `course_type` varchar(50) DEFAULT NULL,
  `department` varchar(50) DEFAULT NULL,
  `course_start_date` date DEFAULT NULL,
  `uni_id` smallint(10) UNSIGNED DEFAULT NULL
) ENGINE=InnoDB DEFAULT CHARSET=utf8mb4;

--
-- Dumping data for table `course`
--

INSERT INTO `course` (`course_id`, `course_title`, `course_duration_years`, `head_staff_id`, `course_type`, `department`, `course_start_date`, `uni_id`) VALUES
(1, 'Sports', 3, 1, 'postgrad', 'Business', '2005-02-16', 1),
(2, 'Biology', 3, 2, 'undergrad', 'Business', '2017-10-13', 2),
(3, 'History', 4, 3, 'undergrad', 'Health', '1972-05-23', 3),
(4, 'Golf Studies', 4, 4, 'undergrad', 'Business', '1992-11-19', 4),
(5, 'Chemistry', 4, 5, 'undergrad', 'Arts', '2016-05-09', 5),
(6, 'Biology', 5, 6, 'postgrad', 'Sciences', '2021-04-10', 1),
(7, 'Nursing', 2, 7, 'undergrad', 'Law', '1994-03-07', 2),
(8, 'Music', 1, 8, 'postgrad', 'Arts', '1977-01-16', 3),
(9, 'Chemistry', 5, 9, 'postgrad', 'Law', '1996-03-18', 4),
(10, 'Golf Studies', 5, 10, 'postgrad', 'Business', '1981-06-07', 5),
(11, 'Golf Studies', 5, 11, 'undergrad', 'Arts', '2013-08-17', 1),
(12, 'History', 3, 12, 'postgrad', 'Health', '1974-12-13', 2),
(13, 'English', 3, 13, 'undergrad', 'Law', '1999-11-11', 3),
(14, 'English', 2, 14, 'postgrad', 'Law', '1982-05-13', 4),
(15, 'Chemistry', 5, 15, 'undergrad', 'Sciences', '1970-01-04', 5),
(16, 'Computer Science', 3, 16, 'undergrad', 'Law', '2012-02-10', 1),
(17, 'Law', 3, 17, 'undergrad', 'Health', '1979-01-26', 2),
(18, 'Econonics', 4, 18, 'postgrad', 'Law', '1971-10-15', 3),
(19, 'Engineering', 4, 19, 'undergrad', 'Health', '2005-02-26', 4),
(20, 'FrenchSpanish', 3, 20, 'postgrad', 'Law', '1998-11-13', 5);

-- --------------------------------------------------------

--
-- Table structure for table `halls`
--

CREATE TABLE `halls` (
  `halls_id` smallint(10) UNSIGNED NOT NULL,
  `halls_of_residence_name` varchar(50) DEFAULT NULL,
  `hall_manager_id` smallint(10) UNSIGNED DEFAULT NULL,
  `hall_address` varchar(250) DEFAULT NULL,
  `halls_description` varchar(250) DEFAULT NULL,
  `uni_id` smallint(10) UNSIGNED DEFAULT NULL,
  `buildings_count` int(3) DEFAULT NULL,
  `gym` binary(1) DEFAULT NULL,
  `prayer_room` binary(1) DEFAULT NULL
) ENGINE=InnoDB DEFAULT CHARSET=utf8mb4;

--
-- Dumping data for table `halls`
--

INSERT INTO `halls` (`halls_id`, `halls_of_residence_name`, `hall_manager_id`, `hall_address`, `halls_description`, `uni_id`, `buildings_count`, `gym`, `prayer_room`) VALUES
(1, 'Bernhard PLC', 1, 'Apt. 320', 'Dolores quidem eaque voluptatum voluptates et sequi eveniet. Repellendus qui qui debitis qui vitae qui ut. Quis et commodi nihil eum explicabo quae.', 1, 20, 0x00, 0x31),
(2, 'Streich-Willms', 2, 'Apt. 539', 'Quaerat ut suscipit ut molestiae voluptatem laboriosam. Soluta et placeat aspernatur porro autem. Voluptas aliquid enim totam eum odit voluptatem. Dolorem nostrum voluptates est error.', 2, 18, 0x00, 0x00),
(3, 'McGlynn, Olson and Baumbach', 3, 'Suite 870', 'Unde vel illo consequatur et id corrupti aut consectetur. Laboriosam ducimus quia accusamus molestiae. Animi id nemo eos commodi enim. Aspernatur enim delectus cumque dolor distinctio.', 3, 14, 0x00, 0x00),
(4, 'O\'Kon, Marks and Labadie', 4, 'Apt. 147', 'Omnis vel rerum qui non quod. Numquam dolores est fugiat deleniti et. Repellendus dolorum ducimus dolor temporibus aliquam nihil. Porro eum esse sequi consectetur corporis.', 4, 13, 0x00, 0x31),
(5, 'Kessler Group', 5, 'Suite 029', 'Amet reprehenderit molestiae ab minus. Voluptatibus magnam cumque quis. Nostrum et quia fugiat similique. Hic cum sint esse doloremque excepturi quis.', 5, 9, 0x31, 0x00),
(6, 'Johns, Cummings and Jones', 6, 'Apt. 493', 'Sit ipsam provident repudiandae reiciendis et quidem fugit. Et eos voluptatem iusto deleniti sit. Et possimus assumenda officiis exercitationem possimus quis unde.', 1, 17, 0x31, 0x00),
(7, 'Little-Kovacek', 7, 'Suite 991', 'Rerum non corporis totam cumque eos id. Aut dolorum eos ipsum voluptas. Ullam quia aliquam non quisquam consequatur vel aliquam. Sit voluptate nobis harum tenetur alias.', 2, 14, 0x00, 0x00),
(8, 'Balistreri PLC', 8, 'Apt. 305', 'Deserunt dolores quis sit provident numquam recusandae quia. Ab sunt suscipit quaerat in eos non. Rerum quo delectus nobis possimus quaerat dolorum. Eius in quis ipsam. Non sit qui eos omnis quos optio consectetur.', 3, 4, 0x31, 0x31),
(9, 'Robel-Green', 9, 'Suite 975', 'Pariatur nihil aut consequatur molestiae. Adipisci molestiae distinctio et hic perferendis sed ullam. Debitis qui tempora commodi in.', 4, 14, 0x00, 0x00),
(10, 'Swaniawski-Christiansen', 10, 'Apt. 110', 'Qui placeat eaque voluptatum et. Nihil autem repellat fuga. Dicta vel iusto sequi libero corrupti omnis dolorem. Quis aut qui ut voluptatum assumenda quam aspernatur.', 5, 7, 0x31, 0x31),
(11, 'Gislason, Weber and Morar', 11, 'Suite 631', 'Qui occaecati quis est nobis eligendi. Consequatur praesentium est eos quod. Dolor dolor et ipsam debitis. Ducimus delectus hic omnis quae maiores.', 1, 13, 0x00, 0x31),
(12, 'Friesen, Fritsch and Luettgen', 12, 'Suite 530', 'Qui incidunt aliquam quo pariatur. Voluptatem eum beatae vel rem. Numquam rerum qui ullam omnis. Eveniet incidunt vitae atque placeat excepturi suscipit.', 2, 12, 0x00, 0x00),
(13, 'Shields, Tromp and Cole', 13, 'Suite 947', 'Culpa adipisci totam at facere. Velit saepe et dolorem temporibus non et.', 3, 14, 0x31, 0x31),
(14, 'Macejkovic LLC', 14, 'Apt. 248', 'Qui autem ut sint tenetur ipsam sunt voluptatum. Dolor inventore sint eius. Consequatur sed sunt rem animi provident.', 4, 4, 0x00, 0x31),
(15, 'Koss and Sons', 15, 'Suite 599', 'Ea quasi dolor commodi adipisci suscipit cumque. Magnam nobis commodi voluptas. Quasi non perferendis accusamus est.', 5, 17, 0x31, 0x31);

-- --------------------------------------------------------

--
-- Table structure for table `inspection`
--

CREATE TABLE `inspection` (
  `inspection_id` smallint(10) UNSIGNED NOT NULL,
  `yahuas_staff_id` smallint(10) UNSIGNED DEFAULT NULL,
  `inspection_date` date DEFAULT NULL,
  `room_id` smallint(10) UNSIGNED DEFAULT NULL,
  `satisfactory_condition` binary(1) DEFAULT NULL,
  `inspection_comments` varchar(250) DEFAULT NULL
) ENGINE=InnoDB DEFAULT CHARSET=utf8mb4;

--
-- Dumping data for table `inspection`
--

INSERT INTO `inspection` (`inspection_id`, `yahuas_staff_id`, `inspection_date`, `room_id`, `satisfactory_condition`, `inspection_comments`) VALUES
(1, 1, '1978-11-13', 1, 0x00, 'Consequatur et cum quaerat ipsa omnis odit. Suscipit facilis nesciunt voluptas eos ab numquam. Omnis ut dolor rerum eos sunt voluptatem. Id dolorem recusandae perferendis voluptas ut molestias excepturi.'),
(2, 2, '1974-07-31', 2, 0x00, 'Temporibus reiciendis eaque consequuntur. Magni deserunt aut voluptates saepe. Quasi quos et aut veniam consectetur et esse. Doloremque incidunt qui soluta iusto aliquid.'),
(3, 3, '1987-11-25', 3, 0x31, 'Doloremque hic dolorem occaecati deserunt corporis consequatur. Commodi voluptates explicabo dolores consectetur exercitationem quo ut. Aut quas excepturi quia voluptatibus sed sint perferendis. Quo autem alias aliquam quisquam rem.'),
(4, 4, '1995-05-15', 4, 0x00, 'Et veniam omnis eligendi molestiae. Nostrum deleniti eum accusantium delectus veritatis fugit cumque. Magni architecto et omnis ipsa molestias id. Corrupti saepe mollitia minima.'),
(5, 5, '1983-11-09', 5, 0x31, 'Quisquam sunt et inventore ut quo accusantium minus. Officiis quod debitis expedita sed architecto. Rem sed vitae labore id sed quasi itaque.'),
(6, 6, '2002-04-19', 6, 0x31, 'Aspernatur est occaecati possimus et illo. Incidunt veritatis eaque ratione quia nisi. Quia voluptas adipisci autem qui modi vel.'),
(7, 7, '2004-01-16', 7, 0x31, 'Necessitatibus rerum nobis ut. Sit quo rerum laudantium aspernatur. Ipsam nesciunt laboriosam enim doloremque. Inventore iste voluptate aliquam inventore accusamus adipisci dolorem optio.'),
(8, 8, '1977-11-25', 8, 0x00, 'Illum quam exercitationem et commodi et cumque. Dignissimos corrupti sed ut voluptatem. Dolore non fugit quaerat. Qui sint maxime amet cumque. Quis reprehenderit et dolor in numquam exercitationem.'),
(9, 9, '2018-09-13', 9, 0x00, 'Qui quia ea quis itaque laboriosam id. Distinctio ea esse eveniet modi. Aliquam nostrum unde doloremque earum aut qui quia quaerat.'),
(10, 10, '1982-11-05', 10, 0x00, 'Nihil iusto autem vitae sint nostrum non. Quis sit rerum est est dolorem. Provident quia magnam placeat reiciendis rerum ducimus. Culpa aliquam in autem repellendus nulla in ex.'),
(11, 11, '2021-12-02', 11, 0x31, 'Necessitatibus assumenda vitae hic et. Voluptas ut eaque dignissimos est dolor. Quam rerum quas velit inventore necessitatibus officia est. Quia enim laboriosam eos eum qui aperiam est.'),
(12, 12, '2014-07-11', 12, 0x00, 'Mollitia facere est enim molestiae molestias. Delectus iste corporis tenetur sequi nulla praesentium non modi.'),
(13, 13, '1975-03-06', 13, 0x31, 'Culpa eum consequatur libero unde. Dolorum odit est et laborum quis. Nemo corporis quam ipsa consequatur ea sit labore. Recusandae ut quibusdam explicabo rerum a aut ut.'),
(14, 14, '1972-10-02', 14, 0x31, 'Animi necessitatibus ipsum non qui. Vero nobis libero iure eos laboriosam sint. Non nisi enim totam voluptatem. Voluptatem iusto voluptatem illo id ad sed totam.'),
(15, 15, '1972-03-30', 15, 0x31, 'Exercitationem ullam omnis ducimus soluta neque aut consequuntur. Voluptates possimus repellendus quo aut qui qui eius.'),
(16, 16, '2020-07-19', 16, 0x31, 'Rerum accusantium est dolorem. Sapiente accusantium placeat distinctio esse. Distinctio ut et officia earum quis. Quis cum officiis nisi modi et et dolorem facere. Consectetur repudiandae qui et accusamus.'),
(17, 17, '2021-11-05', 17, 0x31, 'Autem sed qui sunt aut exercitationem et. Quasi amet cumque et expedita autem. Accusamus rerum excepturi sunt dolorem delectus ducimus consequatur error. At error ab et.'),
(18, 18, '1986-06-09', 18, 0x00, 'Accusantium ipsum autem corrupti voluptas ut atque vel. Voluptatibus quia quis consequatur repudiandae dolor corrupti. Veritatis cumque dolor quo quaerat ut veritatis quas esse. Suscipit harum quaerat aut fugiat.'),
(19, 19, '2003-03-10', 19, 0x31, 'Tempora accusantium repellendus quam repudiandae fugiat quia exercitationem. Magni hic ipsam alias maiores saepe. Quo incidunt voluptas aliquid qui sed deserunt.'),
(20, 20, '2011-04-21', 20, 0x00, 'Facere ab itaque possimus voluptatum quia nam assumenda. In et quasi enim quidem. Suscipit dolor ut et natus voluptatum saepe. Modi quo eaque odit ut dolorum odit placeat.'),
(21, 21, '1987-11-21', 21, 0x31, 'Culpa tempora ea provident a. Similique expedita aut nostrum eum earum non. Dolor ut asperiores iusto a sit est error molestias. Totam minus ut iusto similique tempore.'),
(22, 22, '1974-08-04', 22, 0x00, 'Reprehenderit eius quis reprehenderit ipsa. Rem molestiae consectetur explicabo et quia minus ea. Laboriosam velit molestiae illum vel. Eos consequatur veritatis porro iure similique molestiae nihil. Nisi quod facilis quaerat.'),
(23, 23, '1974-11-03', 23, 0x00, 'Et quisquam quibusdam sit explicabo aliquam. Sed vel animi rerum eligendi est.'),
(24, 24, '2017-03-17', 24, 0x31, 'Non vel voluptatem vel exercitationem molestiae consequatur. Earum dolorem aliquam accusamus commodi. Blanditiis sunt consequatur aut qui perspiciatis sapiente.'),
(25, 25, '1976-07-28', 25, 0x00, 'Totam sequi omnis voluptates atque. Explicabo nemo fugiat excepturi deserunt. Qui optio sed quia dignissimos natus sunt. Atque ut rerum est aut culpa neque ad maiores. Consectetur labore dicta fuga blanditiis vitae.'),
(26, 26, '1979-10-22', 26, 0x31, 'Sequi sed enim et quia odit. Et qui odio est est est veritatis voluptatum. Quo incidunt et occaecati itaque molestiae. Quo vero dolorem nostrum aut qui.'),
(27, 27, '2001-01-12', 27, 0x31, 'Enim voluptatum aliquam possimus nihil. Rerum autem repellendus quia. Et quasi enim iure optio commodi labore. Corporis id qui quo et. Adipisci dolor optio qui aperiam.'),
(28, 28, '2003-01-24', 28, 0x00, 'Natus voluptatibus quia nam voluptatem animi officiis laudantium. Est aut officia natus. Totam molestiae sint in officiis praesentium. Eius rerum impedit reprehenderit dolores magnam error quas.'),
(29, 29, '2021-05-17', 29, 0x31, 'Rerum voluptatem consequatur assumenda fugit illum expedita nisi. Perspiciatis molestias doloribus culpa consequatur ipsa eos impedit. Ducimus et quia iste pariatur. Voluptate excepturi facilis officia suscipit est dolores illum.'),
(30, 30, '1988-01-07', 30, 0x31, 'Accusantium laboriosam autem quis consequuntur nemo. Placeat tempore aut ea ratione voluptatibus deleniti. Ullam libero autem et dolorum consequatur. Et est id blanditiis molestiae quia.'),
(31, 31, '1985-10-14', 31, 0x00, 'Ex quod quia suscipit dolorem itaque ipsa. Ducimus saepe soluta doloribus beatae nisi. Impedit neque sapiente sed modi expedita deleniti.'),
(32, 32, '1995-07-06', 32, 0x00, 'Doloribus maxime odio consequatur architecto esse quisquam libero. Iste natus natus accusantium perferendis eius. Qui deleniti omnis laudantium. Accusamus non commodi quos repellendus et laborum numquam.'),
(33, 33, '2015-12-03', 33, 0x31, 'Blanditiis nisi voluptates quos voluptatum amet quibusdam consequatur. Et quisquam sed suscipit tempora labore tempore. Laborum qui exercitationem ut enim eius amet. Modi beatae quidem adipisci rerum vel dolor.'),
(34, 34, '2001-06-03', 34, 0x31, 'Nihil enim alias in ut a sint commodi. Dolorem veritatis quo culpa ea officiis aliquam. Quia reiciendis et harum pariatur eum sed ipsum aut. Quasi et laudantium quia repellendus omnis corporis.'),
(35, 35, '2014-06-07', 35, 0x31, 'Laudantium eum et porro. Inventore voluptatem autem laborum eum. Quis earum quos quae dignissimos.'),
(36, 36, '1989-10-19', 36, 0x00, 'Ut excepturi eius sit modi quis quod unde. Voluptate minus ut nam dolores placeat totam. Vel enim consequatur quia qui esse qui dolor qui. Sed veritatis vero beatae aut corporis sit iste.'),
(37, 37, '2018-05-19', 37, 0x00, 'Facere rerum quae nostrum. Sed fuga aut qui. Ut quas illum vel deleniti ut omnis fugiat ducimus. Laboriosam repellendus perspiciatis qui vero culpa.'),
(38, 38, '2002-09-09', 38, 0x00, 'Cumque harum aut natus. Eligendi qui aspernatur aut nihil. Voluptatem esse rem sit amet. Officiis deserunt at sit non voluptas impedit quibusdam.'),
(39, 39, '1989-07-17', 39, 0x00, 'Magni ratione aut qui sed in. Et non fugiat consequatur excepturi. Non fuga eligendi rerum et laboriosam. Ut qui qui dolor quae placeat.'),
(40, 40, '1997-01-13', 40, 0x31, 'Sit quis labore et quia. Ipsum dolore eos hic aliquam sed rem. Aliquid est cumque aut omnis dignissimos ut.'),
(41, 41, '2014-11-28', 41, 0x31, 'Tenetur voluptas dolores quibusdam quas maxime natus magni. Dolorem eaque dolorem illum reiciendis provident laborum. Sequi incidunt adipisci itaque dolore temporibus unde repellendus. Id aut consectetur nesciunt.'),
(42, 42, '2007-12-14', 42, 0x31, 'Eos incidunt in occaecati doloremque exercitationem corrupti. Et modi labore aut sequi labore et. Qui id aspernatur non et aut vel enim. Qui sunt error repudiandae adipisci.'),
(43, 43, '1982-11-07', 43, 0x00, 'Dolorem quibusdam et odio aperiam dolorem. Qui cumque autem quia quia qui. Delectus aliquid amet alias. Officia magni neque ipsa maxime ut. Debitis perspiciatis et reprehenderit aliquid ipsam similique.'),
(44, 44, '1988-06-26', 44, 0x31, 'Quae quia consequatur aut doloribus sunt recusandae sed. Qui et cumque blanditiis autem et.'),
(45, 45, '1982-07-07', 45, 0x31, 'Dicta a facere eius nemo ut eligendi quis nisi. Harum nostrum debitis sed at rerum sit corporis.'),
(46, 46, '1986-07-27', 46, 0x00, 'Accusantium aut neque quis sunt corrupti quaerat. Veritatis dolorem dolorum impedit. Maxime explicabo accusamus voluptatem enim.'),
(47, 47, '1975-12-29', 47, 0x31, 'Dicta non molestiae ea est. Et expedita dolores rerum ea. Cum cum sint fuga. Quia ex eum adipisci.'),
(48, 48, '1981-06-07', 48, 0x00, 'Quia quia enim sequi et non et. Dolorem officia quod et vel sit ut. Voluptates omnis voluptatem numquam consequuntur dolorem deleniti voluptas et.'),
(49, 49, '2013-10-11', 49, 0x31, 'Quia nihil et tempore et quia. Delectus autem et eveniet debitis perferendis. Laboriosam aut reiciendis corporis quia autem et commodi. Maiores qui asperiores reiciendis accusamus qui odio.'),
(50, 50, '2003-07-15', 50, 0x00, 'Aut fugiat reiciendis molestiae magnam animi. Exercitationem sunt deserunt qui nulla est iste dicta odio. Ut omnis similique et repudiandae qui vitae qui ex.'),
(51, 51, '2019-02-02', 51, 0x00, 'Ad debitis est omnis id. Laboriosam dolore error esse dolorem voluptatem eveniet velit. Doloribus nisi eum sit deserunt consequuntur fugit. Explicabo nostrum at autem sed fugiat.'),
(52, 52, '2020-07-15', 52, 0x31, 'Dignissimos dicta et itaque ratione id et eum soluta. Impedit incidunt dolorem saepe. Et ratione ex impedit placeat qui harum voluptate.'),
(53, 53, '1992-11-09', 53, 0x00, 'Officia ut sequi suscipit et tenetur. Maxime quo ratione repellat. Non iusto accusantium quo aut. Pariatur minima occaecati voluptas quam mollitia ut perferendis.'),
(54, 54, '1996-06-04', 54, 0x31, 'Reiciendis animi in sed. Temporibus commodi maxime velit quas illo dolore quaerat sint.'),
(55, 55, '2007-10-04', 55, 0x31, 'In sunt voluptas hic officia et. Et mollitia voluptatum quis vero tempora quasi repudiandae. At blanditiis expedita amet vel natus ut.'),
(56, 56, '2005-02-20', 56, 0x00, 'Dicta autem deleniti rem in. Et cupiditate voluptas quisquam ea et quas. Eum impedit ea rem aspernatur aspernatur consequatur.'),
(57, 57, '1981-08-13', 57, 0x31, 'Debitis animi occaecati aut deserunt eum. Delectus atque officiis quasi aut perferendis dolore ea.'),
(58, 58, '2021-03-15', 58, 0x31, 'Tenetur distinctio error aliquid nemo voluptas. Molestiae est unde beatae voluptas aliquam quo. Cupiditate accusamus doloremque dolores quidem debitis. Eum et enim maxime dolor. Delectus quibusdam rerum commodi rerum et vitae commodi.'),
(59, 59, '1972-08-14', 59, 0x31, 'Sed possimus accusantium quos voluptatem eos qui molestiae. Expedita rerum quos ducimus. Facere rerum voluptatem aut quis impedit soluta.'),
(60, 60, '1980-06-26', 60, 0x31, 'Laudantium dicta et et repellendus perspiciatis delectus omnis. At deserunt quis quo sit possimus odit minus.'),
(61, 61, '1995-12-09', 61, 0x00, 'In ea nisi fuga dolor. Labore ipsam et dolore. Magni ut rem vel quas enim. Et tempora dolorem excepturi ipsa dolor ut dolor.'),
(62, 62, '1976-10-14', 62, 0x31, 'Consequatur sunt ipsum delectus doloribus. Consequatur aut enim ut et dolorem nihil molestiae. Eius quia nihil minima numquam et. Sed incidunt nemo magni ea aliquid recusandae.'),
(63, 63, '2018-04-13', 63, 0x31, 'Non omnis ipsa dolor unde sapiente molestias quo at. Explicabo enim architecto sint doloremque molestiae possimus. Iusto commodi a fugit corrupti culpa et magni. Reiciendis quia quo dolor qui esse incidunt nam quia. Repudiandae maxime porro qui dolor'),
(64, 64, '2010-12-12', 64, 0x00, 'Delectus et rem molestiae blanditiis quo. Nesciunt corrupti laboriosam aliquam. Corporis dolor accusantium commodi.'),
(65, 65, '2014-02-01', 65, 0x00, 'Aut voluptas perferendis nihil exercitationem et soluta sequi ut. Placeat repellat sunt et ex. Voluptatem voluptates adipisci non. Inventore tempore incidunt nihil quae et.'),
(66, 66, '1994-07-12', 66, 0x31, 'Eligendi et et hic. Ab illum mollitia recusandae est.'),
(67, 67, '2019-11-22', 67, 0x31, 'Vel aut quia aut voluptas. Molestiae deserunt cupiditate in est qui modi.'),
(68, 68, '1987-12-23', 68, 0x31, 'Cum praesentium qui rerum enim magnam illo cum. Qui non molestiae id. Voluptatem tempore nihil et excepturi reiciendis.'),
(69, 69, '2002-10-07', 69, 0x00, 'Ullam est voluptatem fugiat veritatis doloribus consectetur rerum. Ut harum natus ex reiciendis sit. Reiciendis libero fugit dolorem mollitia. Aliquid qui est corporis.'),
(70, 70, '1991-12-23', 70, 0x31, 'Quidem atque voluptates aliquid voluptatem laborum quibusdam non. Et quod sit fugit vitae. Ut quis fuga et. Quis velit alias dolores id laborum harum quaerat.'),
(71, 71, '2000-03-22', 71, 0x31, 'Tempore sunt sint quia quia minima amet accusantium. Quas numquam praesentium temporibus corporis modi minus dolore. Magnam odio et laudantium. Et voluptatem praesentium assumenda laborum.'),
(72, 72, '2011-09-09', 72, 0x00, 'Omnis sunt vero vitae. Alias ut ut a quas. Odio libero et velit modi voluptatibus.'),
(73, 73, '2009-10-31', 73, 0x00, 'Perspiciatis nihil non non laborum vero et. Odit reprehenderit id et fugit. Atque facere commodi aspernatur dolor.'),
(74, 74, '1981-07-23', 74, 0x31, 'Cupiditate repudiandae mollitia et non quia aspernatur. Eos nostrum quo excepturi dolorem nihil voluptatibus nostrum. Quas sed rerum ratione sed ullam. Alias voluptatem voluptas magni quia voluptatem cupiditate.'),
(75, 75, '2007-04-29', 75, 0x00, 'Facere unde nisi quaerat animi fuga. Neque corporis ut ad aliquam laborum nihil itaque. Omnis expedita eum et rerum minus modi. Totam velit labore sequi ut dignissimos molestiae. Qui corporis nobis commodi cupiditate nostrum tempore aliquam temporibu'),
(76, 76, '1996-11-04', 76, 0x00, 'Eaque minima est hic sed ducimus eveniet. Dolores libero quo omnis officiis praesentium aut error ullam. Incidunt eveniet est nostrum laboriosam neque.'),
(77, 77, '2014-06-25', 77, 0x00, 'Provident enim labore qui id praesentium aliquam est. Consequatur in laudantium quam dolore. Iste minima magni quia est aut eaque molestias consequatur. A architecto quia exercitationem porro sunt cum ut fuga.'),
(78, 78, '1995-01-10', 78, 0x00, 'Consequatur impedit ab et similique maiores ut perspiciatis itaque. Asperiores asperiores molestiae veritatis asperiores quia. Maxime eos reprehenderit qui ducimus ex. Rerum dolores laudantium sed sunt sed. Laborum quis eligendi veniam.'),
(79, 79, '1995-06-19', 79, 0x31, 'Libero asperiores consequatur earum nostrum suscipit velit. Optio rem dicta et quis doloremque.'),
(80, 80, '1984-12-22', 80, 0x00, 'Eligendi error odit numquam at necessitatibus quaerat. Aperiam accusantium labore quis quae unde iste voluptas. Mollitia porro recusandae sapiente. Officia suscipit ut eum assumenda veniam consequatur necessitatibus.'),
(81, 81, '1999-10-24', 81, 0x31, 'Sunt aliquid iusto deleniti suscipit quis maxime. Et et est eligendi officiis qui occaecati. Aut enim et inventore nobis ipsum possimus.'),
(82, 82, '1989-02-20', 82, 0x31, 'Sit in qui est quo repellat odio non. Et autem quod quam nemo. Maxime quas nihil omnis placeat nihil totam quas.'),
(83, 83, '2001-04-08', 83, 0x31, 'Est a quia molestiae rerum ipsum adipisci. Perferendis dolorem et tempora at. Optio voluptates vel officiis nobis rerum sequi.'),
(84, 84, '2022-03-09', 84, 0x31, 'Asperiores labore rerum iusto eligendi. Eos enim nobis autem in dignissimos maiores ipsam est. Asperiores odit vel dolore sed sit.'),
(85, 85, '2006-05-28', 85, 0x00, 'Et aut aperiam possimus a. Velit cumque cum voluptates recusandae in non dolorem. Nostrum incidunt fugit nobis aperiam error. Nesciunt blanditiis consequatur reiciendis quae dolor nemo voluptas.'),
(86, 86, '2017-12-23', 86, 0x31, 'Ipsa provident doloremque rerum. Laborum recusandae voluptatem esse dignissimos. Velit animi quidem quas et esse voluptatum.'),
(87, 87, '1974-12-10', 87, 0x31, 'Quia tenetur et quia ducimus corporis. Eius est ducimus vero perspiciatis harum sed est. Modi sed officia quia ut error. Qui expedita voluptatibus accusamus voluptatem consequatur.'),
(88, 88, '2009-11-26', 88, 0x00, 'Labore ut eaque et non. Cum dolorum consequatur laudantium et. Voluptas rerum earum velit. Tempore minima voluptatum sapiente esse aperiam fuga et.'),
(89, 89, '2011-06-17', 89, 0x00, 'Est fuga vitae doloribus. Ullam suscipit asperiores laudantium. Sit eos minus sint et. Dolore dolore sit incidunt dolor vel cumque sit quidem.'),
(90, 90, '2015-08-25', 90, 0x31, 'Itaque sint possimus mollitia qui. Et quod numquam eaque incidunt autem. Ea in officiis ut optio molestias.'),
(91, 91, '2003-04-10', 91, 0x31, 'Iure soluta enim nam nulla quae autem quia iure. Ipsam a ut recusandae quaerat. Unde fuga sunt minus placeat tenetur illo. Eos ipsam tempore et et.'),
(92, 92, '1985-07-19', 92, 0x31, 'Sit laborum et molestias. Blanditiis cumque dolorem dolorem sint adipisci animi. Tempore quidem tempora necessitatibus quibusdam repudiandae id ipsa.'),
(93, 93, '1988-08-30', 93, 0x00, 'Dolores accusamus reprehenderit magni et est voluptate labore animi. Est maxime nihil nobis fuga accusamus et. Nihil nemo libero animi aliquid eaque.'),
(94, 94, '1970-09-28', 94, 0x00, 'Similique itaque unde molestiae eligendi officia. Officia eos error ducimus ea et. Id provident perspiciatis velit debitis consequatur maxime.'),
(95, 95, '2014-11-26', 95, 0x31, 'Praesentium eos ipsa perferendis officia et recusandae. Quasi harum culpa illo et. Ipsam excepturi sint soluta qui accusantium asperiores explicabo.'),
(96, 96, '1976-05-20', 96, 0x31, 'Quia iure quia id consectetur excepturi. Laudantium non nihil laborum asperiores. Commodi repudiandae eos voluptatum.'),
(97, 97, '2016-11-06', 97, 0x00, 'Sapiente facere quo ratione animi ea. Quia incidunt magnam perferendis corrupti itaque.'),
(98, 98, '1974-10-25', 98, 0x00, 'In odio consequatur et eveniet est sit qui. Quis dolores ut amet cupiditate. Aliquid pariatur vitae vero dolorum. Reiciendis vero quis quaerat voluptas blanditiis voluptatem.'),
(99, 99, '2019-04-15', 99, 0x31, 'Modi dignissimos et consequuntur sequi est. Vitae accusantium ratione inventore modi tempore qui harum. Aut et corporis voluptas sint. Qui quia accusantium magni omnis voluptatem at.'),
(100, 100, '1983-04-30', 100, 0x31, 'Et iusto laboriosam adipisci consequatur sit repudiandae aut voluptatum. Sequi qui voluptatem quod laboriosam. Velit porro qui quia neque eos.'),
(101, 1, '2011-10-10', 101, 0x00, 'Earum minima quia voluptatibus occaecati quo iste consequatur similique. Ipsam sed laboriosam ea dolores nisi est. Ullam similique minima dolorem explicabo ut. Qui porro aut quis eligendi labore doloremque quidem.'),
(102, 2, '2021-01-20', 102, 0x00, 'Illo tenetur veniam consectetur et odit nobis. Sint voluptatem et exercitationem aliquam eum nulla dolorum. Tempore quo fuga autem repellat impedit perferendis.'),
(103, 3, '1994-03-31', 103, 0x31, 'Laboriosam dolor velit molestiae asperiores. Laborum architecto facilis adipisci rem consequuntur et recusandae.'),
(104, 4, '2009-01-29', 104, 0x31, 'Dolorum a eius tempora dignissimos. Quod at quis voluptas quos alias quidem. Expedita repudiandae et et pariatur doloremque magni illo ullam. Tempore velit veritatis alias.'),
(105, 5, '2009-12-24', 105, 0x31, 'In explicabo quia quod iusto. Necessitatibus est vitae voluptas voluptates. Perferendis similique nihil voluptatem aut maiores odit. Eos beatae consectetur voluptatem ut.'),
(106, 6, '2006-05-31', 106, 0x00, 'Dolorem deserunt dolorum est velit. Architecto cumque similique ullam ut aut est dolor. Occaecati debitis eligendi et optio aut in provident. Reiciendis deserunt iusto ipsam ducimus quasi vel deserunt odit. Sapiente occaecati provident voluptatum et.'),
(107, 7, '1980-07-27', 107, 0x31, 'Qui incidunt aut necessitatibus. Autem ab omnis adipisci consequatur fugit molestiae. Itaque omnis quis itaque culpa et non maxime possimus. Aperiam totam ullam reiciendis provident aut est.'),
(108, 8, '2006-08-31', 108, 0x00, 'Eius provident architecto delectus ut. Totam soluta quia itaque ad sapiente dicta non laboriosam. Et facere eos voluptas error.'),
(109, 9, '2022-01-10', 109, 0x00, 'Dolores porro quas aut corrupti. Et minima qui illo quis in quod. Ut quod error qui qui mollitia quisquam consequatur.'),
(110, 10, '2018-06-01', 110, 0x31, 'Neque voluptatibus veniam sit sit qui iure minus laudantium. Consequatur vel ipsa quasi qui. Dolore fugit vel qui repellat. Recusandae qui voluptatum ipsa voluptate.'),
(111, 11, '2009-02-03', 111, 0x00, 'Consequatur et velit ut at dolores. Ab quos illo qui id. Recusandae et ab qui ut blanditiis et quas.'),
(112, 12, '1982-08-10', 112, 0x31, 'Tenetur et repellat eum aut. Deserunt voluptatem autem non dicta. Quia eos quis veritatis alias voluptas numquam qui.'),
(113, 13, '1985-12-11', 113, 0x31, 'Reprehenderit nemo iste harum voluptas consequatur. Non ab recusandae amet rerum ut nesciunt voluptatem. Et nobis praesentium corporis voluptas vitae veniam quaerat.'),
(114, 14, '1980-01-14', 114, 0x00, 'Esse et explicabo dolorum nam voluptatem et quo quaerat. Dolorem modi est natus autem ullam. Debitis necessitatibus ut impedit repellat aut ad esse.'),
(115, 15, '1974-08-26', 115, 0x00, 'Culpa minima aperiam excepturi qui impedit. Dolorem est sit aut.'),
(116, 16, '1996-10-19', 116, 0x31, 'Laborum tempora aspernatur id aut quae ut et. Cum similique in fugiat nesciunt deserunt voluptas velit enim. Quod harum cupiditate sunt autem illo minus.'),
(117, 17, '2003-06-21', 117, 0x31, 'Illum vel consequatur magnam adipisci. Aut quo ut dolorem optio. Saepe odio ut in aut hic quidem et.'),
(118, 18, '1978-02-14', 118, 0x00, 'Ipsum praesentium recusandae magni labore autem ullam. Voluptatibus provident atque ipsa corrupti sed.'),
(119, 19, '2002-03-18', 119, 0x31, 'Harum enim animi voluptatem ipsa consectetur aliquid ipsam. Et sed ut ratione. Ea cumque labore inventore sit sed dignissimos dignissimos. Consequatur optio ipsam temporibus.'),
(120, 20, '2018-11-21', 120, 0x00, 'Autem sit perferendis temporibus et quas modi. In fugit id aut qui. Est qui amet sapiente autem amet quia illum. Sint quia ut deleniti voluptatibus. Repellat cumque veniam nulla animi rerum.'),
(121, 21, '1992-08-03', 121, 0x31, 'Hic iure quia ea aut tenetur quae itaque debitis. Adipisci tempora velit eum aspernatur qui qui illo. Voluptatem dignissimos est est quaerat reiciendis.'),
(122, 22, '1975-11-16', 122, 0x31, 'Et consequatur et sunt aspernatur delectus natus quae eos. Autem quisquam delectus minima harum.'),
(123, 23, '1982-01-26', 123, 0x31, 'Ipsam neque sunt consequuntur autem qui a similique. Eum deserunt quo recusandae sunt quae quisquam ab.'),
(124, 24, '2006-05-02', 124, 0x00, 'Accusantium nihil aut qui nobis voluptatem eum eveniet. Ut itaque dolor excepturi esse. Quia non nulla dolor autem. Enim mollitia culpa et velit.'),
(125, 25, '2021-10-11', 125, 0x00, 'Nostrum soluta atque aut et enim similique. Similique est non minus non neque. Recusandae distinctio perspiciatis ducimus occaecati aliquam recusandae tempore. Dolor et recusandae quos molestiae.'),
(126, 26, '1998-11-25', 126, 0x31, 'Sed voluptate labore cumque quidem qui illo id. Enim odio quam aut at quis iste inventore. Quia adipisci repellendus ullam aliquid quia. Dolorum qui quia qui assumenda voluptatem est.'),
(127, 27, '2008-05-13', 127, 0x31, 'Dolores excepturi omnis veritatis dignissimos aut ea. Eveniet amet consequatur temporibus nesciunt tempora optio numquam. Est qui asperiores praesentium unde debitis ullam pariatur saepe.'),
(128, 28, '2018-02-09', 128, 0x00, 'Eligendi fugit quia non consequatur ad libero dolorum. Omnis temporibus ratione non aliquid corporis. Nam et eaque saepe eos est necessitatibus unde vel.'),
(129, 29, '2006-04-29', 129, 0x31, 'Nam voluptatibus dolores sint laudantium. Saepe deleniti voluptate debitis nostrum fugit quod magni. Dolorum earum rerum aperiam a eos vero.'),
(130, 30, '1980-05-19', 130, 0x00, 'Sapiente vel et voluptates odit et odio similique sapiente. Ullam et voluptatum aut rerum est. Dolor modi sunt doloribus expedita et.'),
(131, 31, '1971-07-07', 131, 0x00, 'Incidunt repudiandae consequuntur consequatur id voluptatem ut sint. Veritatis est dolore expedita neque praesentium eos distinctio. Quis tempore non qui voluptas labore quia ut voluptas. Maiores placeat est in sint deserunt.'),
(132, 32, '2002-08-17', 132, 0x31, 'Rerum a modi sit aspernatur. Illum omnis dicta saepe repudiandae.'),
(133, 33, '1993-10-23', 133, 0x31, 'Nostrum eos earum aut at. Quam rem consequatur accusamus ut occaecati porro iusto. Consequatur rerum aut rerum quis culpa. Maiores vel delectus hic ut ullam dolores necessitatibus.'),
(134, 34, '1989-03-08', 134, 0x31, 'Dolor sequi eos repellat sint. Nobis exercitationem eligendi aliquid ut velit. Distinctio omnis voluptatem minus accusamus aperiam.'),
(135, 35, '1989-08-01', 135, 0x31, 'Cupiditate optio in aut et ullam unde molestias. Inventore repellat dolore nihil ipsa aut nisi. Quia itaque ex reiciendis quo sed laboriosam.'),
(136, 36, '1988-12-05', 136, 0x00, 'Praesentium qui ut voluptas deleniti. Reiciendis sunt qui aut quos ut sunt. Commodi eos error sed illo accusantium. Repellat amet alias autem error officiis ut.'),
(137, 37, '1997-11-06', 137, 0x31, 'Voluptas et et fuga consectetur et minus. Officiis porro architecto nobis totam sint dolor. Velit id et dolorem consequatur et nemo sed quasi.'),
(138, 38, '1993-10-29', 138, 0x31, 'Consequatur doloribus sit qui officiis. Temporibus animi pariatur aut blanditiis optio. Animi ut quidem animi est. Sunt maxime quia officia expedita. Quia maiores error corrupti aperiam iure voluptatem fugiat.'),
(139, 39, '1997-11-03', 139, 0x31, 'Quos vel accusantium adipisci voluptatum sed distinctio quasi. Tempora reiciendis et quis cum est accusantium soluta. Tenetur ipsum aliquam et non.'),
(140, 40, '2011-01-10', 140, 0x31, 'Facere consectetur explicabo eos. Aut qui exercitationem ratione et id amet enim.'),
(141, 41, '2001-02-09', 141, 0x31, 'Quaerat sunt animi excepturi quia eum qui cum. Sequi aut qui adipisci qui iste cum. Quaerat aut qui ab.'),
(142, 42, '1971-05-14', 142, 0x31, 'Et ipsa ratione ut perferendis tempore eligendi beatae. Nam qui iure doloribus omnis vel vel. Ut ipsa officiis dicta qui labore.'),
(143, 43, '1998-10-20', 143, 0x31, 'Ut laboriosam temporibus sunt. Eligendi ea consequatur occaecati possimus nisi. Est ducimus numquam officiis facilis incidunt.'),
(144, 44, '1991-08-27', 144, 0x00, 'Provident est animi dolor sit doloribus facilis sed. Qui quae ut rerum rerum. Aut ducimus enim ipsum voluptatibus. Sint voluptas id ex minus ducimus facilis. Nam harum repellat ex modi ipsam corrupti.'),
(145, 45, '2010-01-14', 145, 0x00, 'Aut dolorem qui cupiditate aut dolorum dolorem eveniet. Exercitationem dolore veritatis similique reiciendis numquam ea. In eius inventore aliquid in repellat ratione harum expedita. Explicabo ab assumenda omnis velit eos odio.'),
(146, 46, '1988-03-12', 146, 0x31, 'Vitae iure ut accusantium quisquam corrupti veritatis. At provident ea est et at delectus. Ut et incidunt provident eaque vel est.'),
(147, 47, '1996-04-12', 147, 0x31, 'Dolore suscipit laudantium saepe in ea sint suscipit. Labore itaque corrupti eos dicta qui.'),
(148, 48, '1983-04-18', 148, 0x00, 'Ducimus molestiae perspiciatis nihil. Sed nemo nobis soluta consequuntur et sequi dolorum. Nihil architecto non velit consequatur. Voluptatum commodi cum omnis quisquam. Aut non quis pariatur eos iure qui nisi.'),
(149, 49, '1973-02-22', 149, 0x00, 'Omnis perspiciatis sed quaerat temporibus ipsum et. Architecto pariatur modi unde praesentium. Illo voluptatem et ipsa dicta dolor. Ut non praesentium libero nam eum aut non.'),
(150, 50, '1994-11-17', 150, 0x31, 'Eligendi qui alias laudantium atque nesciunt. Alias in sed non dicta. Autem deleniti velit et modi.'),
(151, 51, '1975-01-23', 151, 0x31, 'Aliquam voluptate in eaque. Possimus impedit sint consequatur. Facilis cupiditate suscipit nesciunt. Vel officia qui labore omnis.'),
(152, 52, '1974-06-03', 152, 0x31, 'Sed mollitia optio eveniet autem est eius saepe. Sed molestiae ut sunt repellendus. Veritatis voluptas et numquam aut. Nulla et nesciunt voluptatum molestias perferendis beatae ratione ut.'),
(153, 53, '1996-09-07', 153, 0x31, 'Nemo et exercitationem est ut. Consequatur quibusdam voluptatem quibusdam sit sequi et consequatur et. Expedita sit quam quaerat sunt pariatur minima voluptatum. Et nihil sint vel facilis.'),
(154, 54, '2020-01-20', 154, 0x00, 'Sit natus qui voluptas non et numquam. Dolores rerum voluptatum et ea dolores inventore ut. Consequatur possimus omnis temporibus atque ratione. Quia deleniti consequatur sed culpa deleniti.'),
(155, 55, '1998-07-24', 155, 0x00, 'Quo recusandae excepturi dolores. Hic vel minus aspernatur quod ex dolor consequatur dignissimos. Voluptatem possimus minima adipisci et nemo iusto. Pariatur in sit id reiciendis doloremque.'),
(156, 56, '1995-07-24', 156, 0x31, 'Consequatur sed doloribus reprehenderit sit libero perspiciatis. Ipsum blanditiis eveniet ipsam neque itaque accusantium. Soluta qui veritatis amet nam illum aperiam velit.'),
(157, 57, '2018-09-29', 157, 0x31, 'Omnis doloremque pariatur facere earum sit in. Fugiat explicabo tenetur magnam in distinctio voluptas ut.'),
(158, 58, '2000-10-05', 158, 0x31, 'Illo et in est maxime vel rerum autem. Veritatis magnam quia distinctio id amet dolore quidem. Qui consectetur iusto non vero.'),
(159, 59, '2012-09-07', 159, 0x31, 'Voluptatibus et aperiam ratione est quod dolore exercitationem. Nobis sit expedita iure rerum aut. Voluptate vero quod repellendus est temporibus. Dignissimos rerum voluptatem eum at ut.'),
(160, 60, '2010-06-24', 160, 0x00, 'Et saepe in reiciendis vel eum incidunt. Autem necessitatibus officiis animi aut sunt. Voluptas facere eos commodi quae. Saepe quae et fuga quia veritatis quidem.'),
(161, 61, '1977-03-13', 161, 0x31, 'Saepe unde harum odit omnis nulla possimus necessitatibus. Eligendi pariatur ipsam et eveniet. Aut dolorum ut sint velit qui soluta.'),
(162, 62, '1977-09-16', 162, 0x00, 'Quibusdam omnis ut repellendus. Asperiores est eveniet magni qui blanditiis. Quia eum distinctio debitis non qui et mollitia quia. Quasi atque soluta distinctio ex doloribus eaque dolor.'),
(163, 63, '1998-03-15', 163, 0x00, 'Explicabo et tenetur sed placeat et distinctio. Magni reprehenderit omnis a nobis. Dignissimos deleniti repellat nisi.'),
(164, 64, '1979-06-24', 164, 0x31, 'Excepturi doloremque possimus deserunt debitis error. Sapiente corrupti et qui aut qui rerum quae. Ut dicta soluta nesciunt fugit quia illo. Sunt in inventore eligendi ut fugiat eum a vel.'),
(165, 65, '1991-01-05', 165, 0x00, 'Mollitia aut eveniet exercitationem repudiandae vel consequuntur suscipit. Eaque quisquam non pariatur voluptatem placeat rerum cupiditate fugiat. Omnis quibusdam voluptatum qui sed. Enim et ea quia voluptas ut ullam est. Accusantium maiores reprehen'),
(166, 66, '1979-02-12', 166, 0x00, 'Molestiae quod totam rem autem neque quaerat molestias quia. Et est voluptate consequatur omnis minus. Quam minima qui explicabo porro.'),
(167, 67, '1977-03-29', 167, 0x31, 'Cumque aspernatur laborum eum fugiat consectetur. Ipsam vero quo dolorem autem ad quidem. Debitis occaecati voluptatum ut vel in voluptatem mollitia omnis.'),
(168, 68, '2000-12-04', 168, 0x00, 'Blanditiis voluptatem fuga numquam aut. Sed quisquam neque nihil natus totam. Cumque maxime quo ratione non.'),
(169, 69, '2011-11-18', 169, 0x31, 'Eos eum nihil dolorem. Facere ea perspiciatis voluptates id vel ullam. Nemo pariatur illo aut facilis accusamus voluptates voluptatem.'),
(170, 70, '1986-01-02', 170, 0x00, 'Aut et quia dolor ab. Ea similique fugit sed minima aut aut. Quisquam et quis sed sint et et possimus rerum. Et expedita earum rerum molestiae ex maiores debitis. Officiis iusto ratione quam excepturi rerum et inventore.'),
(171, 71, '2006-09-11', 171, 0x31, 'Exercitationem exercitationem aut qui atque accusantium numquam. Est explicabo molestiae sunt consequatur molestiae quia. Optio optio dolorem ut qui.'),
(172, 72, '2015-10-22', 172, 0x31, 'Ipsam doloribus molestiae totam nihil est harum ea. Id qui architecto suscipit porro. Commodi deleniti minus aperiam nostrum magni quam. Reprehenderit necessitatibus quia et minus dignissimos id aliquam.'),
(173, 73, '1986-08-09', 173, 0x00, 'Quia qui dolorem soluta minus sunt voluptatem enim. Eos voluptatem ducimus et molestias quibusdam. Maiores ex expedita doloremque nihil. Minima nesciunt quia ad explicabo.'),
(174, 74, '2008-02-29', 174, 0x00, 'Ad iusto ullam dolorum fuga officiis ea. Nesciunt quam quibusdam et pariatur nisi. Sit sit beatae laborum consequatur.'),
(175, 75, '1995-03-23', 175, 0x31, 'Quibusdam esse dignissimos voluptatem sunt atque. Temporibus qui ipsam dolorum et. Sunt mollitia qui aut quis est.'),
(176, 76, '1980-01-10', 176, 0x31, 'Consequuntur quae dolor odit eaque tempora accusantium eligendi assumenda. Non quia voluptas velit cupiditate aliquam. Nesciunt eligendi quidem commodi beatae eum repudiandae velit ut. Architecto cumque soluta quia cum cupiditate.'),
(177, 77, '2003-10-18', 177, 0x00, 'Incidunt eos a autem et. Similique rerum sunt in. Omnis blanditiis est autem culpa dolor alias.'),
(178, 78, '2009-05-30', 178, 0x00, 'Aut necessitatibus et magni quasi quod corporis eum occaecati. Hic dolores magni quibusdam unde sunt earum. Aliquam dicta recusandae mollitia neque sed iusto. Qui sit dicta ex doloribus voluptas nemo.'),
(179, 79, '2017-09-21', 179, 0x00, 'Qui qui dolores optio fugiat soluta. Quibusdam reiciendis assumenda reiciendis excepturi. Ut a incidunt et.'),
(180, 80, '1989-09-09', 180, 0x31, 'Quibusdam deserunt reprehenderit minima autem fuga. Officia temporibus quos sint consequatur deleniti. Aut at corrupti pariatur aut dolorem.'),
(181, 81, '1987-10-08', 181, 0x31, 'Fugit reprehenderit aperiam eius eligendi repudiandae unde. Dicta explicabo qui vero quos unde aut illum. Et vero consequatur ducimus vel et. Reiciendis et ab inventore fuga eos aperiam.'),
(182, 82, '1985-01-01', 182, 0x31, 'Quia ea sit quaerat et maiores. Facilis vero voluptas in est occaecati quis.'),
(183, 83, '2006-04-23', 183, 0x00, 'Optio odio rerum nesciunt accusantium. Et doloremque perspiciatis soluta tenetur.'),
(184, 84, '2020-07-07', 184, 0x31, 'Suscipit doloremque et eveniet non. Ut molestiae maiores voluptas in sit ratione qui. Quia dolor et tempore totam qui. Rerum atque sequi quia enim sunt perspiciatis.'),
(185, 85, '1993-09-16', 185, 0x00, 'Reprehenderit qui dolores aperiam dolore accusantium odio enim. Rerum sint repellendus qui. Id quam iusto pariatur et ut aliquid non. Qui qui assumenda porro provident dignissimos.'),
(186, 86, '1995-04-28', 186, 0x00, 'Laboriosam sed quae voluptates nihil. Facilis est est quisquam qui enim delectus quod. Quisquam odit consequatur tempora ratione. Dolorem recusandae dolores delectus quam.'),
(187, 87, '2002-04-06', 187, 0x00, 'Distinctio numquam eum in necessitatibus reiciendis molestiae. Corrupti totam dolorem aut sunt quia. Officia rerum omnis et et ea minus.'),
(188, 88, '2022-06-22', 188, 0x31, 'Et eum facilis consectetur quas et odio. Et fugiat doloribus sapiente a voluptates illo. Quia consectetur accusantium sit molestiae.'),
(189, 89, '1992-11-30', 189, 0x00, 'Aspernatur veniam quam est quo voluptatem. Nostrum quia quae nihil minus quas quis. Recusandae qui fuga qui deserunt doloremque inventore.'),
(190, 90, '1998-01-13', 190, 0x31, 'Sit delectus magnam dolorem dolore molestiae at sint. Officiis omnis necessitatibus et reiciendis. Quasi libero porro sed.'),
(191, 91, '1998-04-02', 191, 0x31, 'Quae et modi sunt quisquam ea labore facilis ipsa. Ut eaque doloribus amet et. Non aperiam ut eos quam harum quidem. Consequatur velit quaerat recusandae esse aut et.'),
(192, 92, '1975-10-26', 192, 0x31, 'Enim magni aliquid doloremque aut et quia. Eos rem rem porro ipsa et sunt. Ut non neque fuga facere. Sunt officiis voluptatum et aut eius perferendis qui.'),
(193, 93, '1974-04-02', 193, 0x31, 'Consequatur necessitatibus aut hic laborum aspernatur dolores inventore unde. Repellat omnis vero beatae. Ut vel doloribus debitis necessitatibus suscipit quasi vitae.'),
(194, 94, '2004-03-28', 194, 0x00, 'Modi quae ad voluptas sit est ducimus. Molestiae eum aut vel. Mollitia quis necessitatibus et voluptatem.'),
(195, 95, '1984-02-26', 195, 0x31, 'Et alias deleniti dolorem necessitatibus excepturi nobis sed. Neque et sed non sed voluptas nihil non.'),
(196, 96, '1977-06-28', 196, 0x00, 'Culpa expedita mollitia dignissimos odit et dolores accusantium. Et quia unde ad quia ut explicabo ea. Ducimus ut tempore minima error eligendi nesciunt inventore. Magni et repellendus quisquam et.'),
(197, 97, '1975-12-02', 197, 0x31, 'Minima perspiciatis ullam totam provident. Pariatur et veniam quaerat qui. Quae corrupti enim in. Deleniti cumque recusandae impedit.'),
(198, 98, '1987-07-04', 198, 0x00, 'Aut qui nisi ipsa iste. Qui omnis nisi modi fuga est. Qui qui ipsam dignissimos nihil. Harum omnis perspiciatis tempora iste repellendus et.'),
(199, 99, '2010-03-04', 199, 0x31, 'Molestiae qui autem officiis tempore veniam sapiente. Nam temporibus sed est facere laudantium natus. Nostrum magni tenetur similique quia. Rerum et necessitatibus est distinctio. Tenetur repellat sint praesentium aspernatur.'),
(200, 100, '2018-07-18', 200, 0x00, 'Saepe illum exercitationem sit. Quia nam consequuntur earum mollitia autem iure et qui. Eum dolorem non pariatur hic repudiandae nihil. Sit eum omnis est nihil enim provident.'),
(201, 1, '2015-04-30', 201, 0x00, 'Omnis non perferendis quos. Neque quo ad consectetur pariatur ut et. Distinctio hic rem debitis soluta aspernatur laborum. Officiis dolorem et incidunt quia quisquam.'),
(202, 2, '1980-02-23', 202, 0x00, 'Nisi molestiae molestiae eum et provident error est. Quis dolorem cumque eligendi blanditiis nam doloremque blanditiis. Perferendis rerum quis sunt.'),
(203, 3, '1999-03-29', 203, 0x31, 'Asperiores autem voluptatem similique architecto quo quia. Vitae et molestiae aut quas sequi sapiente vero. Suscipit voluptatem dolorem corporis tenetur ipsam corporis ut.'),
(204, 4, '1995-06-14', 204, 0x00, 'Rerum dolore voluptatem omnis sint. Occaecati enim aspernatur delectus doloribus ea non laboriosam. Qui modi omnis non occaecati.'),
(205, 5, '2008-04-17', 205, 0x00, 'Distinctio sit occaecati quibusdam dolor rem quia exercitationem. Nihil ea consequuntur eos vel enim. Sint aliquam sit sed tempora.'),
(206, 6, '1979-06-19', 206, 0x00, 'Aliquid quae velit et id. Consequatur ea odit odit molestias nostrum dolore aut. Dolores libero et officiis quidem non consequuntur. Ratione aspernatur voluptatum suscipit quisquam molestias quae maxime distinctio. Est doloribus rerum rerum voluptati'),
(207, 7, '1980-05-19', 207, 0x00, 'Corporis possimus omnis ut ea. Ut ut delectus labore quibusdam voluptatem officiis ut. Sit cum expedita et et labore delectus est ea.'),
(208, 8, '2001-01-02', 208, 0x00, 'Quis alias eos numquam impedit. Est officia cumque ratione delectus a quibusdam eaque. Qui odit assumenda aut voluptatum voluptatum fugiat delectus.'),
(209, 9, '1987-04-20', 209, 0x31, 'Perferendis dolorem velit doloribus qui et est neque. Placeat incidunt ut eum. Et excepturi veniam repellendus.'),
(210, 10, '1977-01-17', 210, 0x31, 'Aliquam at quod voluptatem alias animi et. Qui ipsa nobis suscipit occaecati consequatur laboriosam voluptate. Fugit nam ea aut porro. Nesciunt tempore vero aut et aut vitae.'),
(211, 11, '1978-03-16', 211, 0x31, 'Enim doloribus fuga a qui cupiditate quaerat ut eos. Ratione natus repellendus quibusdam saepe quo qui soluta. Sequi commodi commodi minima dicta saepe non.'),
(212, 12, '1990-07-11', 212, 0x31, 'Quia dolores nemo laborum tenetur. Veritatis sed omnis sed consequatur corporis dolores. Aut omnis illum et eveniet voluptatem.'),
(213, 13, '2010-12-13', 213, 0x00, 'Dicta distinctio enim atque a id fugit. Temporibus aliquam exercitationem sed sint amet.'),
(214, 14, '1996-07-13', 214, 0x00, 'Nemo unde explicabo ducimus minima. At dolor distinctio maxime. Iste ratione qui dignissimos consequatur ad qui aut. Autem consequatur non porro tempora. Nemo ea ipsa eum aut labore.'),
(215, 15, '1983-07-17', 215, 0x00, 'Nihil porro et quia. Commodi ut natus aut ipsa eos unde aliquam. Doloribus mollitia minima ut placeat qui eum veritatis ratione. Ullam enim dolores animi dolorum aperiam praesentium hic.'),
(216, 16, '2004-12-20', 216, 0x31, 'In odio voluptas quia in. Est consequatur voluptatem ut ut. In qui hic sapiente. In neque dolore suscipit. Asperiores sequi expedita facilis facilis.'),
(217, 17, '2005-11-12', 217, 0x31, 'Rerum odio aut in repellat repellat. Voluptatem molestiae quia fuga distinctio maxime voluptatem nam adipisci. Qui delectus fuga quo sunt iste non sint. Magni qui sit incidunt.'),
(218, 18, '1978-06-08', 218, 0x31, 'Voluptatem et enim quo. Deserunt dolorem earum aut officiis reprehenderit asperiores fugiat.'),
(219, 19, '1976-01-20', 219, 0x00, 'Magnam repudiandae sint nisi consequuntur alias architecto amet. Qui aut id recusandae voluptas vel. Et voluptatem explicabo dolorem deserunt doloribus et sit. Dolores qui autem aliquam magni.'),
(220, 20, '1999-11-12', 220, 0x31, 'Reiciendis aut dolor et et. Facilis et impedit voluptatem.'),
(221, 21, '1987-05-22', 221, 0x00, 'Eius officiis rerum voluptatem quo consequatur. Quam magni est quia repellat nam. Numquam ut ad omnis. Eligendi libero qui a est ullam incidunt minima.'),
(222, 22, '1975-10-07', 222, 0x00, 'Repudiandae voluptatum est reprehenderit labore tempora sed. Sequi qui sunt porro necessitatibus quam.'),
(223, 23, '1972-01-29', 223, 0x00, 'Aut aliquid dolorem et harum voluptatum nam. Eligendi rerum numquam est neque asperiores in. Qui saepe quia et sint quibusdam. Ex atque qui qui hic sapiente quos omnis. Qui omnis voluptatem quibusdam autem est.'),
(224, 24, '2010-08-02', 224, 0x00, 'Modi ut architecto vel laudantium optio tempore et. Nisi ratione ea eligendi. Quo natus sequi aperiam aut quae expedita. Corporis sunt corporis ratione accusantium laborum ut tempore.'),
(225, 25, '1983-02-25', 225, 0x31, 'Dolorum occaecati aut voluptatum. Qui optio odio molestiae eos accusantium quibusdam.'),
(226, 26, '1983-04-27', 226, 0x31, 'Autem culpa voluptas dolorem autem fuga. Voluptatem debitis provident voluptas omnis doloribus aperiam explicabo sit. Ad laborum dolorum natus quae cum esse velit.'),
(227, 27, '1986-04-23', 227, 0x31, 'Aperiam sequi quidem ut. Debitis qui architecto et quas quis optio. Et nemo non blanditiis ut molestias dolorum.'),
(228, 28, '2000-09-14', 228, 0x00, 'Nisi voluptatem veniam et quidem eum aut voluptatem consequatur. Dolores et aperiam tenetur libero natus cupiditate. Corporis consequatur sunt quae ab nam totam. In esse nulla et dolorem veritatis labore.'),
(229, 29, '2009-08-01', 229, 0x31, 'Sit unde aut quia eos. Adipisci qui ea omnis laborum dolorem dolores. Excepturi rem explicabo aut sit.'),
(230, 30, '1983-06-22', 230, 0x00, 'Aut tenetur unde laborum sunt. Nobis est est distinctio ut ex et. Quasi numquam facere ut ducimus vel totam. Voluptas et et minima mollitia nam eveniet quaerat.'),
(231, 31, '1985-02-12', 231, 0x31, 'Iure ut consectetur qui architecto soluta. Vel porro iure culpa et quisquam laborum explicabo dignissimos.'),
(232, 32, '1982-04-29', 232, 0x00, 'Non beatae voluptatem quia sunt rem eius voluptatem. Voluptates repellendus dolores iste id natus. Totam delectus et enim magnam. Omnis doloribus officia sit culpa blanditiis voluptate excepturi.'),
(233, 33, '1987-05-20', 233, 0x31, 'Cum ea non incidunt et rerum voluptatem aut. Ut cumque voluptatem voluptates et iusto eveniet et. Temporibus a voluptas provident ab temporibus et.'),
(234, 34, '2003-01-01', 234, 0x00, 'Dignissimos aut quia quisquam possimus quaerat non. Velit ea est dolore et. Nihil sit ut enim aut.'),
(235, 35, '1993-11-12', 235, 0x00, 'Ullam tempora voluptatem consequuntur amet est. Voluptatem blanditiis tempore porro porro voluptatem. Non voluptas aut sit est vero. Est facilis ad eaque ratione hic laboriosam saepe.'),
(236, 36, '2001-12-20', 236, 0x31, 'Ad non eius labore fuga. Non totam ipsa sit quis. Ab deleniti cum in tenetur quia dignissimos corporis accusamus.'),
(237, 37, '1979-09-02', 237, 0x00, 'Velit et sequi voluptas occaecati quas voluptatibus. Ratione ab id incidunt ab. Consequuntur facilis aut quo odit quo. Sed qui quo aut dicta deleniti voluptatem.'),
(238, 38, '2000-02-13', 238, 0x00, 'Earum ab impedit natus eius tempore aut. Fuga et ut pariatur. Autem saepe quis cumque quas et molestiae et. Ab nihil quod eos unde ipsa in. Unde debitis iusto facilis.'),
(239, 39, '2012-07-02', 239, 0x00, 'Et voluptates quo eos ad dolores perspiciatis minus. Nam consectetur dolores veritatis necessitatibus repudiandae. Corporis beatae omnis non et doloremque. Porro reiciendis accusantium qui animi quisquam ipsum.'),
(240, 40, '2004-09-03', 240, 0x00, 'Aut non aut vel doloribus quo consequatur. Consequuntur praesentium molestiae ducimus repudiandae corrupti. Eos incidunt voluptas velit tenetur quis ad. Animi totam fuga ut iusto et.'),
(241, 41, '1974-12-28', 241, 0x00, 'Reprehenderit rem totam mollitia et ut. Distinctio aut non est sed. Consequatur velit expedita unde explicabo asperiores omnis.'),
(242, 42, '1983-04-14', 242, 0x00, 'Voluptatem veritatis vel beatae inventore necessitatibus vitae optio. Eos tempora quisquam nemo quia. Nisi accusamus ab numquam nam ab nisi maiores. Qui laborum sit perferendis et voluptas sed.'),
(243, 43, '1994-04-15', 243, 0x00, 'Ratione harum dolor recusandae. Expedita eveniet deleniti rerum qui cupiditate perspiciatis recusandae. Et ad eos soluta ab.'),
(244, 44, '2003-09-08', 244, 0x31, 'Labore aut in fuga. Explicabo blanditiis nisi quis dicta et. Repellat velit praesentium esse molestiae totam ex dolorum rerum. Labore qui quam autem rerum.'),
(245, 45, '1989-11-06', 245, 0x31, 'Beatae saepe dolorum eos unde accusantium et. Molestiae in earum et ex quas. In cum iste aut aliquam officiis. Ducimus libero maxime molestiae voluptas dolore est dolor.'),
(246, 46, '1985-02-11', 246, 0x00, 'Quod vitae et eveniet similique veritatis ea sed dolor. Consequuntur est id harum. Ex qui tempora quia et atque quo nesciunt. Voluptatem atque architecto eius est aliquam facere voluptates. Odio dolor quae nostrum accusamus sunt.'),
(247, 47, '2016-05-29', 247, 0x00, 'Veniam nisi ut vel sint ut. Saepe nam nemo rerum facilis suscipit consequatur. Esse fuga maxime qui accusantium placeat facere. Nam exercitationem molestiae voluptates totam fuga id.'),
(248, 48, '1976-08-02', 248, 0x31, 'Cumque incidunt veniam repellendus est quidem pariatur. Sit est aut qui ut. Aperiam nam veniam accusantium omnis ut cum. Dolores explicabo excepturi dolorum et.'),
(249, 49, '1977-04-15', 249, 0x31, 'Voluptas reiciendis quia explicabo est. Mollitia voluptatum soluta eligendi. Rerum est ut dolor non voluptatem. Sapiente et cupiditate incidunt sint necessitatibus dolorem.'),
(250, 50, '1993-08-12', 250, 0x31, 'Est et soluta ab voluptate cupiditate ut iure. Et ut iste sit maxime sint error. Nam aut eligendi et veritatis quo.'),
(251, 51, '1992-01-27', 251, 0x31, 'Voluptas nulla soluta aperiam quas. Voluptas dolore qui quidem saepe enim soluta et repellat.'),
(252, 52, '1974-09-16', 252, 0x31, 'Minima eos repellendus dicta et esse. Soluta reiciendis ex ducimus illum veritatis rerum fugiat deserunt. Eius quam ipsum et maiores vel. Quia sed dolores delectus odit libero accusantium totam. Pariatur beatae molestiae sint cupiditate.'),
(253, 53, '2009-04-05', 253, 0x00, 'Et id veniam aut officiis non. Suscipit illum occaecati doloribus maxime quia adipisci. Tempore quis qui modi sunt qui voluptas molestiae. Aperiam eius aut nihil excepturi quo nihil esse omnis.'),
(254, 54, '1976-02-09', 254, 0x00, 'Perferendis aut quo voluptas quia odit. Et numquam minima nihil maxime sed eaque quia. Aliquam molestiae distinctio sint enim eum ad. Ipsa sed veritatis voluptatem voluptatem ut et.'),
(255, 55, '2011-10-29', 255, 0x00, 'Suscipit non et esse ea. Id excepturi reprehenderit corporis qui beatae rem. Dolore alias quis animi et fuga. Voluptatem necessitatibus assumenda saepe aut.'),
(256, 56, '2002-08-07', 256, 0x00, 'Tempore ea et dolorem et aut delectus velit. Consequatur eos libero est enim. Et ea aliquam impedit molestias eos consequatur. Ut voluptates dolor quo labore.'),
(257, 57, '2018-06-19', 257, 0x31, 'Quod voluptatem asperiores dignissimos explicabo iste laboriosam. Repellendus eos ab quasi voluptas. Ad nihil reprehenderit molestiae ut aliquid. Aut ut ea nostrum beatae dicta repudiandae quae.'),
(258, 58, '2000-12-22', 258, 0x00, 'Repellat optio nemo tenetur minima nostrum quia sunt dolorum. Voluptas mollitia quidem praesentium dolor soluta et vero. Iusto rem explicabo incidunt ut.'),
(259, 59, '1995-07-13', 259, 0x31, 'Natus ut nam quod accusamus a atque et. Veniam doloremque aperiam et in. Ab delectus ut odio rerum sunt vel.'),
(260, 60, '2008-09-13', 260, 0x00, 'Dolor quis nulla quia sint voluptatem voluptas nostrum. Ducimus quo officiis rerum occaecati. Velit earum laborum deserunt vero in.');
INSERT INTO `inspection` (`inspection_id`, `yahuas_staff_id`, `inspection_date`, `room_id`, `satisfactory_condition`, `inspection_comments`) VALUES
(261, 61, '1974-01-29', 261, 0x00, 'Rerum porro provident aut dolorem aspernatur vel eos. Et perferendis illum necessitatibus voluptatem quia magni. Officia in deleniti natus excepturi eligendi et. Odio earum et minus et.'),
(262, 62, '1991-12-31', 262, 0x31, 'Et quisquam expedita neque eveniet nemo. Id placeat error dolor et aut similique. Quam aliquam dolores at quos voluptas. Temporibus reprehenderit eos cum aut enim ut est rem.'),
(263, 63, '1986-09-22', 263, 0x31, 'Maiores soluta aperiam non enim ut modi. Nihil qui repudiandae repellendus. Eum provident suscipit et aut distinctio molestiae libero.'),
(264, 64, '2008-02-01', 264, 0x00, 'Fuga culpa molestias enim hic inventore. Nulla et inventore aut. Consequatur in dolor quia nesciunt temporibus.'),
(265, 65, '1977-01-19', 265, 0x31, 'Et eos quaerat repudiandae voluptates possimus natus sapiente. Dolorem sit harum qui nostrum necessitatibus ut inventore. Quia excepturi esse laboriosam atque. Ex error aut sit iusto et omnis et voluptatem.'),
(266, 66, '1985-12-19', 266, 0x31, 'Architecto ut exercitationem perspiciatis ex. Debitis quia molestiae alias sunt unde voluptatum libero. Earum ea ipsa non inventore numquam debitis labore.'),
(267, 67, '2000-06-08', 267, 0x00, 'Molestiae ex vitae quod sunt omnis est autem. Sed ut sit blanditiis deleniti rerum in. Exercitationem ab aut possimus quia.'),
(268, 68, '1988-03-16', 268, 0x00, 'Rerum placeat accusamus ut temporibus illo. Magnam aliquid voluptatem voluptatem ut occaecati sint. Et itaque nihil explicabo perferendis voluptatum.'),
(269, 69, '2000-03-22', 269, 0x00, 'Et consequatur consequuntur quasi quos maiores deserunt. Fugiat ipsa ipsum quidem repellendus vel. Omnis architecto minus quaerat veritatis nihil qui voluptate explicabo. Atque necessitatibus exercitationem ut odit.'),
(270, 70, '2012-10-20', 270, 0x00, 'Et est earum voluptas et. Eaque impedit inventore sequi animi perspiciatis id. Soluta laboriosam numquam molestiae corporis et. Est officiis tempora explicabo omnis ipsum.'),
(271, 71, '1990-01-10', 271, 0x31, 'Voluptatem ut mollitia id reiciendis sequi adipisci consequatur magni. Esse tenetur nisi debitis consectetur qui nostrum illo. Sint quam modi id eos.'),
(272, 72, '1988-11-05', 272, 0x31, 'Doloremque doloribus libero quis numquam veniam. Quaerat ut hic ut totam. Quis ipsum quia debitis labore nihil. Qui explicabo magni ut deleniti ullam.'),
(273, 73, '1970-05-14', 273, 0x31, 'Debitis et recusandae qui vel quia non. Dolorem ipsum velit consequatur officiis nulla autem. Ad consequatur consequatur sed earum.'),
(274, 74, '2013-04-09', 274, 0x31, 'Illum est dolorem vel officiis ipsam. Amet quam maxime aut accusantium non esse repudiandae. Laborum repellendus cumque accusamus vel debitis qui. Molestias numquam quis rerum quis.'),
(275, 75, '2001-06-20', 275, 0x00, 'Et illum occaecati natus ea culpa. Dolores enim nobis dolores officiis consectetur. Quia ipsam et expedita nisi itaque ipsum.'),
(276, 76, '2001-12-19', 276, 0x31, 'Voluptas et sunt id vero quos sed autem. Sunt velit architecto molestias eos. Maxime earum temporibus quaerat voluptas et.'),
(277, 77, '2022-08-13', 277, 0x31, 'Et sapiente voluptas iure sed. Dolor ea eligendi necessitatibus molestias quia voluptates eius ab. Harum laboriosam ad natus eum provident. Unde accusantium animi vero.'),
(278, 78, '2000-10-30', 278, 0x00, 'Eum blanditiis optio nobis sint. Officiis aut reprehenderit vel animi molestiae. Unde et et voluptatibus et et consequatur expedita. Vel possimus possimus eos asperiores ex odit. Ut libero et eligendi officiis dolores.'),
(279, 79, '2015-07-31', 279, 0x31, 'Reiciendis quo cupiditate in. Nostrum perferendis dolor molestiae deserunt at nobis. Rerum ducimus expedita officia reiciendis vel veniam. Dolor dolorum ut voluptate itaque autem dolor voluptas.'),
(280, 80, '1984-05-13', 280, 0x31, 'Eius dolores qui vero aut quidem sed. Et ratione numquam esse aperiam iusto. Culpa et qui voluptatibus incidunt.'),
(281, 81, '2012-02-04', 281, 0x00, 'Non repellat quidem voluptate in sed odio. Saepe qui natus aut qui. Similique modi veniam vitae sed quia.'),
(282, 82, '1993-07-19', 282, 0x31, 'Incidunt vitae a voluptatem eaque reprehenderit et asperiores ab. Est dolores ut nesciunt voluptates ratione quo fuga. Cumque non autem adipisci autem voluptatem fugiat consectetur.'),
(283, 83, '2015-01-13', 283, 0x31, 'Rem id qui totam excepturi nulla necessitatibus dignissimos. Harum quod velit deserunt ut dolor rem repellendus. Commodi delectus voluptatem quis itaque.'),
(284, 84, '2003-01-20', 284, 0x00, 'Quos similique et iure omnis. Tenetur enim ut voluptatibus temporibus voluptatem deserunt. Quae sit ullam dolorem ipsa pariatur non excepturi. Ipsa voluptatem modi ut odit ut nihil. Hic deserunt deleniti explicabo dolore similique fuga.'),
(285, 85, '2015-07-31', 285, 0x31, 'Magni eos ex eos id est asperiores. Non libero cupiditate repellat molestias ut. Maxime iste vitae corporis. Nihil dignissimos quos voluptates quas id deserunt similique.'),
(286, 86, '2021-03-09', 286, 0x31, 'Id repellat aut est a ut non et. Nisi adipisci et fugit voluptas. Ab autem deleniti sunt labore commodi in debitis.'),
(287, 87, '2011-04-23', 287, 0x00, 'Et laborum adipisci nesciunt aut ea. Voluptatem provident eius provident veritatis. Vitae repudiandae velit omnis eaque temporibus alias. Labore accusamus et rerum doloribus.'),
(288, 88, '1998-11-20', 288, 0x31, 'Qui saepe molestias enim nesciunt ipsam ea ut. Incidunt voluptatem unde reiciendis saepe sint. Nostrum eius maxime aperiam dolores beatae cumque.'),
(289, 89, '1989-06-28', 289, 0x31, 'Dolores molestias eos ducimus sequi consectetur tenetur. Error aut sed atque optio eum fugiat. Eaque provident repellat molestiae. Voluptatem quibusdam ab recusandae sint debitis.'),
(290, 90, '2014-02-18', 290, 0x00, 'Explicabo molestiae hic eligendi fugit. Blanditiis quasi provident nihil tenetur molestias est. Asperiores facere dolores et deserunt ad dolorem.'),
(291, 91, '2006-08-10', 291, 0x31, 'Molestias nesciunt odio cupiditate. Tenetur ratione magni autem quae sed aperiam dolore. Molestiae tempora corrupti eveniet.'),
(292, 92, '1981-03-22', 292, 0x00, 'Aliquid voluptatem nihil qui quas dolorum voluptas consequuntur. Molestias ut necessitatibus totam ut eaque. Itaque sunt non ad adipisci. Quisquam et pariatur fugit consequatur corporis.'),
(293, 93, '1997-06-02', 293, 0x31, 'Repudiandae aperiam quam odio neque facilis odio tempore. Ipsa et soluta eius atque autem. Repellat voluptatem dolores ut voluptas.'),
(294, 94, '2020-09-25', 294, 0x31, 'Dolorum ab ipsam nostrum aspernatur. Hic officia consectetur totam aut placeat veniam accusamus. Quo itaque sequi ut beatae.'),
(295, 95, '2002-04-06', 295, 0x31, 'Dolores qui debitis eligendi placeat placeat. Officia non error eum magnam. Ut et recusandae consequatur.'),
(296, 96, '2010-09-10', 296, 0x00, 'Ea asperiores impedit voluptatum et. Temporibus perspiciatis quis eum nulla dolores aspernatur perferendis. Qui eaque facilis non praesentium et qui. Aut distinctio officia eos assumenda sunt.'),
(297, 97, '2013-01-12', 297, 0x31, 'Quam quia debitis animi corrupti. Est sit quo aliquam fugit. Et id illum nisi rem et. Eligendi similique dolores rerum.'),
(298, 98, '2002-05-31', 298, 0x00, 'Unde voluptatum temporibus voluptas asperiores praesentium. Modi consequuntur magnam molestiae ut. Ipsum eius autem voluptas ducimus vel veritatis. Quam vero consequatur eum nemo omnis ut.'),
(299, 99, '2001-01-03', 299, 0x00, 'Nobis culpa corrupti a. Ut sint debitis enim. Quis tempore sit omnis necessitatibus fuga.'),
(300, 100, '2003-03-20', 300, 0x00, 'Ipsum occaecati at nulla consequatur autem. Officia sunt voluptatem nihil qui dolor ex. Eaque magni enim qui quasi autem.'),
(301, 1, '1992-12-24', 301, 0x31, 'At voluptatem magnam aut veniam non nesciunt. In exercitationem vero beatae tempore sequi totam laboriosam hic. Aperiam aperiam error autem accusantium sed.'),
(302, 2, '2008-10-10', 302, 0x31, 'Fugit ipsam quas qui provident sit voluptatum. Et quod assumenda magnam. Modi blanditiis ut qui possimus. Praesentium quo incidunt possimus quas commodi. Tenetur enim eum velit qui aut.'),
(303, 3, '2003-02-04', 303, 0x31, 'At ut amet ut quia ad enim. Natus doloribus fugit vitae. Similique vel amet odit voluptatem qui veritatis iste necessitatibus.'),
(304, 4, '1996-12-08', 304, 0x00, 'Est vero velit culpa ut beatae est. Dolor eveniet quis maiores quia earum rerum est. Voluptatem et voluptas aperiam non ut maiores architecto quisquam. Nemo quam in odio quia totam et.'),
(305, 5, '1983-05-09', 305, 0x31, 'Provident unde qui dolores quia ipsum officia dolores. Velit possimus alias repellendus quaerat accusantium hic mollitia inventore. Quidem laborum consequatur est occaecati ut enim quis. Laudantium nostrum at in maiores.'),
(306, 6, '1976-08-07', 306, 0x00, 'Quam nam et officiis quibusdam distinctio. Adipisci quo accusantium eius dolor aut quia expedita. Esse aut a ab beatae doloribus quo voluptatem. Aliquid reprehenderit aspernatur ipsa.'),
(307, 7, '1984-05-06', 307, 0x31, 'Sapiente ipsa aut quidem hic maxime eius. Fugiat maxime adipisci est quia. Ad aliquam facere omnis aut itaque ea odio.'),
(308, 8, '1973-02-02', 308, 0x00, 'Ab quasi et dignissimos ad nemo ipsam. Repudiandae aut dolor officiis eligendi. Repellendus inventore ipsam dignissimos fugit delectus veritatis ut eos. Sed quos ut vero harum expedita.'),
(309, 9, '2014-07-09', 309, 0x00, 'Inventore ut fugiat quo autem. Excepturi sit vero blanditiis qui. Quidem repellat deleniti ipsum omnis corrupti. Quia voluptatibus enim quas ut qui excepturi necessitatibus. Asperiores qui illo ea porro non aut.'),
(310, 10, '1993-12-07', 310, 0x31, 'Neque necessitatibus non facilis et amet totam expedita. Id quibusdam sint ad voluptate dolor asperiores sed. Quia nam tempora fuga eos minus distinctio odio.'),
(311, 11, '2006-11-15', 311, 0x31, 'In aliquid fugiat reprehenderit natus eveniet. Neque repudiandae nobis quas. Omnis quia nisi et cumque optio et et velit. Omnis repellendus corporis qui unde adipisci cum.'),
(312, 12, '1986-09-30', 312, 0x00, 'Aut eos illum eaque architecto. Quia temporibus natus ducimus. Est vero sit vitae consectetur quia vel placeat. Nam iusto et at dolorum esse. Eum eaque ullam occaecati soluta repellendus magnam dolorem.'),
(313, 13, '1982-09-19', 313, 0x00, 'Ipsum inventore distinctio nam hic quo et. Incidunt amet et rerum laudantium et omnis. Nihil aut occaecati consequatur ut suscipit sit. Magnam velit natus et sint illum molestiae.'),
(314, 14, '1994-10-13', 314, 0x00, 'Labore et maxime recusandae. Ipsum quod ducimus fugiat officiis dolorem. Inventore veniam autem saepe est est.'),
(315, 15, '1990-02-09', 315, 0x00, 'Quae enim ipsa provident est quas repellendus qui. Libero laudantium saepe explicabo enim nam minima. Sed assumenda excepturi eius cum ut.'),
(316, 16, '2005-04-09', 316, 0x00, 'Facere est commodi aut et sunt eos qui debitis. Voluptates consequuntur sint ducimus minus vel et. Fugit incidunt dolorem voluptates fugit et necessitatibus.'),
(317, 17, '2005-03-06', 317, 0x31, 'Error quia aliquid velit consequatur omnis repudiandae. Magnam iure eius voluptas. Enim rerum voluptatem quia dicta occaecati deserunt. Culpa maxime vero exercitationem exercitationem.'),
(318, 18, '1998-02-26', 318, 0x31, 'Ex aliquam nostrum corrupti vel nihil laboriosam architecto. Sint saepe quas porro et reiciendis est nostrum.'),
(319, 19, '1972-10-11', 319, 0x00, 'Iure porro dolores voluptatibus nostrum repellat saepe. Officia aut sit deserunt quia asperiores rerum laudantium. Deserunt maxime consequatur dolores ut eligendi hic est.'),
(320, 20, '1988-02-23', 320, 0x00, 'Error aut qui ad quia. Molestiae nisi consequatur dolores fugit impedit eum. Aperiam saepe eos dolorum est.'),
(321, 21, '2009-06-11', 321, 0x00, 'Cupiditate culpa ipsum est. Eum ut recusandae voluptatem repellendus est labore voluptates vitae. Quo voluptas fugit quis sapiente eveniet est beatae.'),
(322, 22, '1973-02-01', 322, 0x00, 'Recusandae voluptate mollitia optio cum. Laborum repudiandae vel pariatur ut commodi at. Vel saepe corrupti voluptates voluptas. Enim sit sunt repellat error natus tenetur.'),
(323, 23, '2018-12-11', 323, 0x00, 'Dolore fugiat molestiae necessitatibus exercitationem animi. Consequuntur labore pariatur corrupti ut aspernatur.'),
(324, 24, '1998-11-17', 324, 0x00, 'Ducimus asperiores voluptatibus quis necessitatibus. Illo aut inventore dolores dolores repellendus eaque. Accusantium voluptatum ut qui eius rerum ipsa. Atque accusantium aliquid excepturi.'),
(325, 25, '2018-02-02', 325, 0x00, 'Dolores eum qui quisquam magni tempore amet occaecati. Et fugit rem consequatur nesciunt sed. Et sit repudiandae similique dolor suscipit. Est porro quidem voluptas reiciendis.'),
(326, 26, '1987-06-08', 326, 0x31, 'Quos et corrupti iste adipisci natus commodi. Reiciendis amet sed ullam assumenda quae maiores. Ut qui blanditiis vero. Dolorum vitae odio tempora.'),
(327, 27, '1982-04-14', 327, 0x00, 'Et sit sint placeat repellat repudiandae est. Nostrum id et iusto et. Quo quidem magni consectetur.'),
(328, 28, '2001-12-06', 328, 0x31, 'Molestias est est at fuga porro magni. Est molestias aut maxime commodi corrupti quae. Ab voluptas autem impedit. Eum aut quo ipsa ad dolores.'),
(329, 29, '2006-12-05', 329, 0x31, 'Voluptatem a ut eos molestiae. Vitae officia sed sit quae iusto explicabo neque sed. Quia vitae neque ad ut quis deleniti voluptas.'),
(330, 30, '1980-07-25', 330, 0x00, 'Vitae dicta illo quam est dignissimos ducimus sint placeat. Ipsum sed ipsum et cum at numquam repellendus. Dolores debitis modi qui quia dolorum dicta.'),
(331, 31, '1991-01-24', 331, 0x00, 'Rerum qui natus neque qui ullam corporis quas. Qui sunt maxime ipsam consequatur repellendus. Ducimus ipsam placeat voluptates. Eligendi unde sapiente iusto nihil cum.'),
(332, 32, '1993-09-22', 332, 0x31, 'Velit quia commodi recusandae ex aut corrupti. Inventore ex quia et natus cumque cum. In doloribus sit similique dolorem.'),
(333, 33, '2022-03-11', 333, 0x31, 'Voluptate aspernatur accusamus quibusdam. Delectus laborum perspiciatis neque. Blanditiis laudantium vitae natus amet laudantium aut quod. Iusto quisquam explicabo possimus ab suscipit maiores illum sit.'),
(334, 34, '2009-12-24', 334, 0x00, 'Sed nostrum quisquam aut dolorem quia. Doloribus totam est eveniet explicabo debitis eum. Expedita hic quasi voluptatem voluptatem provident omnis quisquam.'),
(335, 35, '2019-02-07', 335, 0x31, 'Debitis voluptas illo provident accusantium. Vitae voluptatem nobis facere. Quasi earum minus dolorum molestiae expedita maiores molestias. Perferendis et et in modi id aut.'),
(336, 36, '1973-06-14', 336, 0x31, 'Sunt natus mollitia neque commodi amet. Animi voluptas alias harum iusto. Esse unde sit illo aut dolores nostrum rerum. Et ea consequatur sapiente omnis quisquam. Atque dolores omnis id sit voluptas.'),
(337, 37, '1977-04-22', 337, 0x31, 'Sint expedita vitae hic quod. Aut unde vel quia. Odio similique possimus quis cumque ullam in.'),
(338, 38, '2001-05-31', 338, 0x31, 'Hic beatae quia aut similique nihil et iure dolorum. Quisquam libero dolores soluta repellendus a fugiat necessitatibus. Sapiente voluptate in excepturi veritatis est.'),
(339, 39, '2014-04-28', 339, 0x00, 'Aut aut ea hic odio mollitia nihil beatae. Consequatur eaque at id consequatur beatae qui soluta. Earum expedita quo animi qui ipsam consequuntur occaecati. Perferendis assumenda autem animi velit mollitia perferendis vitae molestiae. Neque ut volupt'),
(340, 40, '1989-08-20', 340, 0x31, 'Harum non unde ut et commodi quia laboriosam aliquid. Quaerat vitae numquam omnis ut voluptatem temporibus minima. Ducimus autem id in fugit doloremque.'),
(341, 41, '1974-12-12', 341, 0x00, 'Soluta fugit natus aut earum pariatur nesciunt rerum. Quidem ipsa sit optio sunt expedita quaerat. Rerum tempore hic neque voluptatum. Voluptatem labore commodi sed maxime dolorem commodi molestiae.'),
(342, 42, '2012-02-20', 342, 0x00, 'Ut laudantium quo sit sint et qui fuga. Et autem voluptatem laborum ratione sunt est minima est. Facere fuga sunt molestiae occaecati. Illo magnam quia deleniti distinctio delectus.'),
(343, 43, '2018-01-26', 343, 0x31, 'At non qui ipsa in ea saepe neque. Rem minima minus id eveniet nobis ratione itaque tenetur.'),
(344, 44, '1985-08-12', 344, 0x00, 'Voluptas nostrum nisi rerum at. Voluptatem praesentium quia illum rerum. Eaque beatae a voluptate autem natus sunt quam. Omnis accusantium eaque consequatur non consequatur et unde.'),
(345, 45, '1981-04-21', 345, 0x00, 'Possimus deserunt non voluptate tempora. Id a corrupti incidunt veritatis unde voluptates. Vero sit in quasi itaque reiciendis. Nihil suscipit minima voluptatibus quibusdam neque modi ut.'),
(346, 46, '2017-07-09', 346, 0x00, 'A quaerat assumenda magnam fugiat ut. Laudantium corrupti blanditiis architecto beatae. Architecto distinctio maiores doloribus corrupti reiciendis iste quia maxime.'),
(347, 47, '1977-03-02', 347, 0x00, 'Dolorem dolorem perferendis excepturi quos labore occaecati aliquid ea. Labore praesentium alias maiores. Doloremque fugiat vel sint voluptatem ex.'),
(348, 48, '1985-04-15', 348, 0x00, 'Enim blanditiis nesciunt omnis quidem qui et voluptatum. Nostrum provident maiores voluptas est impedit quia. Corrupti quia voluptatum debitis sint non. Harum expedita ut occaecati et rerum eveniet ex.'),
(349, 49, '1971-11-08', 349, 0x00, 'Occaecati doloremque quia pariatur quo veritatis id porro. Voluptas enim et sunt error est quibusdam. Quos voluptas cum aut provident laborum vitae voluptas voluptas. Soluta ullam eos sit molestias sapiente omnis dolorem.'),
(350, 50, '2016-05-19', 350, 0x31, 'Quia quisquam repudiandae laboriosam ut odio voluptatem. Voluptas voluptas nobis soluta enim tenetur. Non ea reprehenderit nisi sapiente et doloremque.'),
(351, 51, '2017-12-25', 351, 0x00, 'Itaque quisquam sapiente aut voluptas alias ullam. Perferendis et blanditiis eveniet. Exercitationem animi quasi recusandae odit ipsum.'),
(352, 52, '1979-09-14', 352, 0x00, 'Iusto repellendus magni corporis explicabo enim rem tempore quis. Qui officia neque enim veniam rerum. Quis quo omnis sit dolor eos eum sit.'),
(353, 53, '2015-11-07', 353, 0x00, 'Omnis unde at est natus eum et. Occaecati assumenda non voluptas consequatur quos culpa unde. Fuga dolorum voluptas et perspiciatis quidem vitae. Dolorem quia delectus blanditiis id.'),
(354, 54, '1996-04-14', 354, 0x00, 'Iure officiis quaerat qui quia sed dicta ex. Nostrum sed labore ut mollitia dolorem nostrum reiciendis. Est sint amet quis.'),
(355, 55, '1970-04-12', 355, 0x00, 'Beatae dolores provident cumque fugit aperiam et veritatis. Numquam rerum omnis rem similique.'),
(356, 56, '2011-01-06', 356, 0x31, 'Sapiente voluptatibus accusantium eum minus. Modi culpa temporibus sed odit. Vero quia illo voluptatibus occaecati tempora velit saepe. Sit error ratione et alias.'),
(357, 57, '1999-09-22', 357, 0x31, 'Voluptatem aspernatur reiciendis vero est in qui exercitationem. Omnis et non quia ab velit sit. Laboriosam facere alias est dolor id quae. Saepe voluptatum voluptatum quia sint.'),
(358, 58, '2015-02-18', 358, 0x00, 'Et voluptatum et quo voluptatem ipsum commodi. Tenetur est debitis facere eos rem nostrum. Ut minima id minus debitis.'),
(359, 59, '1974-09-02', 359, 0x31, 'Officiis eos pariatur dolore eos omnis. Aliquam odio dolorum sequi quidem.'),
(360, 60, '1974-01-23', 360, 0x31, 'Accusamus quae ad magni minima qui. Vero dolorum deserunt ea autem. Dolor dicta tenetur consequuntur aut nihil modi.'),
(361, 61, '2017-08-10', 361, 0x00, 'Distinctio omnis non eius corrupti veritatis vel saepe. Et distinctio voluptatum quis nobis nihil deleniti. Beatae voluptates animi totam sunt. Nobis sint aut nobis voluptatem.'),
(362, 62, '1972-06-20', 362, 0x31, 'Omnis impedit quos nam. Eum id vitae mollitia. Sequi dolor repellat quia sit.'),
(363, 63, '1987-05-27', 363, 0x31, 'Aut harum dolor sit eius id et. Modi nam cupiditate beatae voluptas ratione vel. Possimus ratione asperiores odio et. Aperiam et deserunt reprehenderit voluptatem placeat.'),
(364, 64, '1971-12-18', 364, 0x00, 'Et accusamus quia reiciendis quibusdam doloribus cum quia. Laudantium placeat sit assumenda odio sed alias aut non. Nulla eum earum dolorem tempora sed perferendis repellat.'),
(365, 65, '1995-12-25', 365, 0x31, 'Id reprehenderit debitis facilis ipsa. Illo blanditiis fugit earum in.'),
(366, 66, '2002-07-31', 366, 0x31, 'Laboriosam consequatur quia voluptas quia voluptatem sequi. Qui dolores voluptatem eaque. Labore et aut expedita ut alias qui dicta. Neque aut cum eos dolorum. Consequatur ut facere praesentium accusamus quia.'),
(367, 67, '1991-06-16', 367, 0x00, 'Cum error accusantium dicta voluptatibus optio exercitationem. In rem eaque iste enim. Qui et placeat distinctio voluptate non incidunt.'),
(368, 68, '2016-03-02', 368, 0x00, 'Omnis dolorum enim suscipit omnis eaque ut. Eveniet earum aut occaecati officiis. Doloribus fugit veritatis consequatur exercitationem ipsa. Et vero neque autem eos.'),
(369, 69, '2002-04-27', 369, 0x31, 'Consequatur consequatur maxime et nostrum. Est sequi nostrum magnam maxime laboriosam autem. Quod est beatae commodi quasi aut ut. Adipisci aut provident ratione qui delectus nemo quos.'),
(370, 70, '1983-06-05', 370, 0x00, 'Ipsum vel temporibus est at et. Minima tempore et culpa non neque. Perspiciatis consequatur aut sint quibusdam omnis unde modi fugiat.'),
(371, 71, '2004-03-17', 371, 0x31, 'Asperiores est voluptatum nam voluptatem eaque id. Non qui ducimus et autem. Quod totam praesentium dolore consequatur dolores laborum dolore.'),
(372, 72, '2020-11-09', 372, 0x31, 'Corporis illum enim qui minima facere ad accusamus. Eum magnam minima similique ex molestias.'),
(373, 73, '1996-01-10', 373, 0x31, 'Rem quis voluptatem voluptas nihil. Commodi illo natus debitis aliquam aut inventore neque. Sapiente omnis delectus laudantium.'),
(374, 74, '2015-05-12', 374, 0x00, 'Esse quisquam ea dolor numquam. Et maiores aperiam tempora nihil amet. Dolores voluptatem odit quis a suscipit. Dolores voluptate aperiam qui alias provident.'),
(375, 75, '2019-10-21', 375, 0x00, 'Et expedita vel quo est molestiae ut blanditiis. Dolorum illo voluptas quo in rerum. Qui accusantium voluptatem distinctio reiciendis harum. Et omnis quae dolorum doloribus rerum eius.'),
(376, 76, '1989-11-04', 376, 0x31, 'Debitis nulla non voluptas sed. Odit fuga est dolorem neque.'),
(377, 77, '1973-03-08', 377, 0x31, 'Ducimus magni aut enim aut. Aspernatur rem dolorum voluptates maxime odio repellat. Sint possimus enim enim eum. Aliquid sed blanditiis dignissimos est voluptas. Consequuntur earum hic est laudantium sapiente iure.'),
(378, 78, '1971-09-24', 378, 0x00, 'Labore saepe doloremque consequatur nihil aperiam. Magni eum rerum ut. Est voluptatem quam quia in et ducimus. Corporis est veritatis delectus aut omnis impedit earum.'),
(379, 79, '1989-09-04', 379, 0x31, 'Similique dolore nostrum voluptas quae natus a. Dicta enim itaque assumenda. Modi ea est harum quam aspernatur.'),
(380, 80, '1972-12-21', 380, 0x31, 'Repellendus mollitia numquam rem nemo. Non incidunt qui voluptas vitae. Voluptatem temporibus iure blanditiis perferendis. Corporis ipsa velit aspernatur sit saepe exercitationem aut.'),
(381, 81, '1975-04-05', 381, 0x00, 'Perspiciatis quisquam dolore enim nihil voluptatem voluptas ut occaecati. Corrupti voluptatum sed voluptates veritatis. Nobis excepturi odit reiciendis sit dolor vel atque.'),
(382, 82, '1990-12-06', 382, 0x31, 'Praesentium molestiae odio totam illum temporibus sit error quia. Dolores cupiditate et consectetur praesentium tempore nihil delectus. Sed rerum quae sit expedita sit delectus. Omnis numquam eos aut voluptas adipisci quo.'),
(383, 83, '2015-09-10', 383, 0x31, 'Provident aliquam unde sequi voluptate veniam quod. Quae odio repellat voluptatem perferendis et in. Ut et ad et eum.'),
(384, 84, '1977-02-01', 384, 0x00, 'Est at cum distinctio asperiores iste id voluptatum. Fugiat laudantium omnis assumenda exercitationem. Similique quia qui necessitatibus iusto. Natus at molestiae nihil quam blanditiis asperiores.'),
(385, 85, '1982-07-12', 385, 0x00, 'Vero ratione sed laboriosam voluptate vero autem doloremque. Assumenda eos fugiat vero tempore est. Nulla optio error consectetur deleniti accusantium autem hic.'),
(386, 86, '2005-01-29', 386, 0x00, 'Quis perspiciatis praesentium veritatis sed. Aut voluptatum libero exercitationem dolore doloribus eos.'),
(387, 87, '2001-08-15', 387, 0x31, 'Soluta sed sed praesentium sit ullam. Cumque pariatur voluptatem qui dolore. Rerum qui doloribus facere repudiandae perspiciatis porro.'),
(388, 88, '1989-09-04', 388, 0x31, 'Aut impedit enim sit. Libero et tenetur qui explicabo et nesciunt qui earum.'),
(389, 89, '1994-07-22', 389, 0x31, 'Aut tenetur ut amet sapiente praesentium aliquam ex praesentium. Quam et similique accusantium vel. Reiciendis dolorem natus omnis consequatur id ratione. In distinctio eos facilis minus quibusdam et assumenda vero.'),
(390, 90, '2011-10-28', 390, 0x31, 'Veritatis accusamus consequuntur hic veniam repellendus dolores non. Velit non aut incidunt similique qui dolores aut. Vitae recusandae blanditiis maiores qui corporis nisi. Voluptas sint enim est cum quasi sapiente.'),
(391, 91, '1996-09-01', 391, 0x00, 'Autem corporis ut ipsam. Voluptates qui asperiores ea est. Reprehenderit repellat doloremque minus quia. Sint voluptatum dolores id voluptatem modi quos nobis.'),
(392, 92, '1999-04-03', 392, 0x31, 'Sapiente quasi est illum tenetur quidem. Vel suscipit earum enim officiis sit dolorem minus. Quis natus iure voluptates quibusdam dolorem quas molestias consequatur.'),
(393, 93, '2009-08-23', 393, 0x00, 'Consectetur facilis iure aliquam architecto molestiae velit. Facere omnis blanditiis blanditiis distinctio aperiam. Eius excepturi aliquam est aut magnam. Odio consequuntur eius ad laborum enim.'),
(394, 94, '2010-03-20', 394, 0x00, 'Non dolor blanditiis suscipit nihil. Tenetur voluptates non non consequatur sit. Est exercitationem pariatur rem quidem provident ut.'),
(395, 95, '2018-05-31', 395, 0x31, 'Reiciendis sit maiores sit dolore. Optio et recusandae neque corporis placeat quas. Reprehenderit aperiam sapiente aut est qui. Ea libero voluptas qui a.'),
(396, 96, '1979-05-06', 396, 0x00, 'Officia veritatis voluptatem ab praesentium aliquid ex ullam aspernatur. Sit expedita quidem voluptatem minus iusto quia eaque tempora. Maiores qui voluptatem sit laborum sint accusantium in.'),
(397, 97, '1988-06-07', 397, 0x00, 'Omnis dolores sed minus possimus. Sint rerum cupiditate maxime porro voluptas aut. Iure voluptatem id error. Nihil consectetur eum consectetur nulla accusantium expedita corrupti.'),
(398, 98, '1980-02-02', 398, 0x31, 'Rerum nam sequi rerum sed. Libero qui nam et consectetur labore accusantium aut deserunt. Dolor dolor vero illo voluptate consequatur. Natus rerum commodi distinctio mollitia.'),
(399, 99, '2006-10-12', 399, 0x31, 'Ut totam sed non explicabo minima ut. Facere est aut veritatis deserunt ex.'),
(400, 100, '2002-02-08', 400, 0x00, 'Dolorum cupiditate est et inventore nihil. Saepe occaecati praesentium et consectetur qui. Sint excepturi dignissimos provident et.'),
(401, 1, '2016-11-15', 401, 0x31, 'Sed iste voluptate voluptas rerum enim. Tenetur quis quia et ea nisi dolorem. Eius in numquam esse commodi. Officia enim magnam recusandae non quia.'),
(402, 2, '1989-11-27', 402, 0x31, 'Occaecati consequatur quia praesentium ab corrupti quidem consequatur. Vel non veritatis temporibus reiciendis sed quam atque reprehenderit. Nobis sed dolorem eos.'),
(403, 3, '1972-01-05', 403, 0x00, 'Enim ut sapiente quae asperiores. Est quo libero et officia. Molestiae fugiat est voluptas nihil repellat.'),
(404, 4, '1994-04-10', 404, 0x00, 'Temporibus et ipsa et autem dolorem repudiandae voluptatem. Voluptatem minima quo quia itaque sunt. Qui pariatur et repellendus rerum. Est praesentium tempora esse.'),
(405, 5, '1999-11-30', 405, 0x31, 'Impedit assumenda qui repellendus atque rem deleniti qui omnis. Velit laboriosam aut hic deserunt qui necessitatibus. Velit dicta fugiat vel architecto maxime. Aut suscipit quae adipisci sit.'),
(406, 6, '2006-12-11', 406, 0x00, 'Non pariatur consequatur ut. Non aut voluptatibus nemo molestiae voluptas vero consequatur assumenda. Ut delectus consequatur accusantium quo eum qui occaecati sit. Ratione voluptatum rerum sapiente aspernatur fuga nobis.'),
(407, 7, '2007-10-07', 407, 0x31, 'Qui nisi nisi aut necessitatibus. Ratione explicabo animi facere quo suscipit. Molestiae vitae et aut delectus. Id voluptatem rerum voluptates hic asperiores eius. Molestiae et accusantium deserunt sapiente.'),
(408, 8, '2016-10-24', 408, 0x00, 'Ea modi non corporis. Corrupti quasi quaerat et veritatis. Ab eveniet quae iusto nulla earum. Dolorum ab atque voluptatibus iusto eos facere impedit necessitatibus.'),
(409, 9, '1989-06-05', 409, 0x00, 'Earum modi recusandae fuga aspernatur ipsa. Eos odio et deleniti et recusandae. Distinctio quia harum id accusamus. Quis harum consequuntur eum quasi ut.'),
(410, 10, '1970-12-15', 410, 0x31, 'Quo alias minus dolor minus voluptatum molestiae dolores. Porro eum quisquam et velit dolorem. Sed aliquam placeat rerum deserunt.'),
(411, 11, '2021-06-09', 411, 0x31, 'Quaerat voluptatem ad aut qui enim. Unde dolorem similique distinctio fuga. Illum velit minus ut necessitatibus est repudiandae. Aperiam ipsum animi maxime officiis omnis vero autem in.'),
(412, 12, '2000-05-28', 412, 0x31, 'Commodi officia asperiores aut est dolorem qui doloremque. Unde sunt rerum et optio. Aut occaecati consequuntur quod id rerum et aliquid.'),
(413, 13, '1989-01-12', 413, 0x00, 'Non iste ut expedita soluta. Accusamus voluptas maiores deleniti aut aspernatur. Veniam non dolorem est voluptatem deserunt quos repellendus. Tenetur dolorem omnis dolorum voluptatem ut nihil.'),
(414, 14, '2000-01-13', 414, 0x31, 'Explicabo natus excepturi itaque impedit ut qui consequuntur. Sunt omnis vel dolore placeat. Rem dolorem exercitationem assumenda et ut.'),
(415, 15, '1982-09-24', 415, 0x31, 'Quia qui voluptas placeat voluptatum et unde vero. Sed velit fugit dolores. Expedita est atque molestias libero.'),
(416, 16, '2000-02-10', 416, 0x31, 'Voluptates alias dignissimos ut nesciunt voluptas. Consequatur sunt quod impedit qui et. Est nihil eum rem aut esse eum. Hic molestias quae ut quaerat repudiandae modi. Sint unde totam accusamus iure expedita.'),
(417, 17, '2011-02-06', 417, 0x31, 'Laudantium a quaerat dolores voluptatem quasi fugiat. Quisquam fugit ipsa totam dolores. Ea ea corrupti eveniet et neque velit accusamus. Corporis quos veniam voluptatibus ratione.'),
(418, 18, '1980-10-29', 418, 0x31, 'Quod cupiditate aut tempora qui. Voluptas recusandae dolor aliquam similique consequatur sapiente. Sunt nesciunt quae voluptatem magni qui.'),
(419, 19, '1978-06-27', 419, 0x31, 'Tempore dicta quod non vel. Voluptate impedit ut quia dolore et sapiente. A tempora enim error ea quis et consequatur eum. Illum minima a ut et aut.'),
(420, 20, '2001-03-05', 420, 0x31, 'Ut facilis quod nemo enim. Quae modi numquam asperiores officia consequuntur. Dolores expedita eligendi quas dicta. Soluta eligendi repellat libero excepturi.'),
(421, 21, '2020-03-17', 421, 0x00, 'Nulla accusantium sint sapiente reprehenderit quia. Aut ea qui fugit quia sunt sunt. Eos veniam eum rem aut accusantium. Non consequatur rerum alias quaerat.'),
(422, 22, '1991-08-07', 422, 0x00, 'Sit blanditiis ut aut quae deleniti. Quis ut aut nam labore maxime. Et repellat voluptatum ut assumenda error officia. Autem nobis omnis libero.'),
(423, 23, '2017-12-15', 423, 0x31, 'Inventore qui debitis id repellendus et voluptas aperiam esse. Alias quisquam ipsa quidem dolores libero. Eius rerum corporis voluptatem quia.'),
(424, 24, '2007-11-12', 424, 0x31, 'Vel nobis omnis quasi numquam. Minus vel sapiente blanditiis vero dolores earum. Illum veniam perspiciatis esse vitae nam. Consequatur dolor nisi et unde.'),
(425, 25, '1972-05-31', 425, 0x31, 'Eos nihil quia et id. Ut eius dicta veritatis placeat repudiandae. Qui incidunt quos totam dolorem qui.'),
(426, 26, '2006-02-12', 426, 0x00, 'Tempora dicta perspiciatis aut deserunt quisquam provident. Dignissimos enim sequi incidunt aliquam sequi corporis commodi. Atque odio non commodi voluptatem ut.'),
(427, 27, '2003-04-09', 427, 0x31, 'Incidunt odio ipsum voluptas illo et. Blanditiis expedita est animi. Eligendi et aut eligendi quia nam. Aut dolorem a similique consequatur non adipisci.'),
(428, 28, '2015-12-06', 428, 0x31, 'Minus tenetur autem ducimus earum qui. Natus ex sit molestiae sunt. Eos iusto voluptate dolor et odit ut quia.'),
(429, 29, '1986-11-14', 429, 0x00, 'Odit autem explicabo repellendus et. Excepturi ut commodi quibusdam quae. Cum quidem in sed accusantium atque. Nihil omnis omnis aperiam iure assumenda.'),
(430, 30, '1996-06-25', 430, 0x31, 'Numquam saepe quo optio dolorem at earum ad. Ut qui repellendus ab numquam et rem. Quisquam ut eveniet aut. Reprehenderit exercitationem aut cupiditate molestiae.'),
(431, 31, '1981-07-31', 431, 0x00, 'Porro ut rem tempora cupiditate culpa earum cumque. Unde sunt aut officiis non. Quia fugit debitis repudiandae qui temporibus ducimus velit. Commodi deserunt sit nihil vitae fugit a suscipit.'),
(432, 32, '2011-07-21', 432, 0x31, 'Nostrum et fugiat explicabo est aut fuga impedit repudiandae. Ipsum ut aut ea tempore. Dolorem non recusandae dolor suscipit modi.'),
(433, 33, '2022-02-02', 433, 0x31, 'Nobis nihil aperiam et illum. Exercitationem distinctio magni deserunt sequi perspiciatis qui facilis. Maiores quae recusandae quia non.'),
(434, 34, '1993-06-01', 434, 0x31, 'Ut qui molestiae eveniet. Quisquam et qui inventore autem sunt. Cum tenetur tempora cumque dignissimos.'),
(435, 35, '1975-05-20', 435, 0x00, 'Quo saepe natus itaque fugiat accusamus. Eos et vel qui vel dolor delectus. Incidunt dolor impedit sit ut repellat. Distinctio qui ut sed velit explicabo tempora et et.'),
(436, 36, '1994-06-12', 436, 0x00, 'Sunt tempore autem nulla et. Illo nihil nam non repellendus eum ipsa qui suscipit. Totam quasi eius molestias et voluptatem enim consectetur.'),
(437, 37, '1977-08-29', 437, 0x31, 'Modi reiciendis quia voluptatum eligendi quam at. Dignissimos ut perspiciatis incidunt aperiam et et. Repellat itaque distinctio nihil magni.'),
(438, 38, '2006-03-30', 438, 0x00, 'Dolor optio odit atque soluta deserunt. Dolor iusto odit similique qui. Quae alias debitis qui voluptatem voluptate. Dolorum eaque iusto aut expedita optio.'),
(439, 39, '1984-03-13', 439, 0x00, 'Tempore sint ullam porro doloremque. In et corrupti consectetur culpa reiciendis laborum. Fugit est possimus non beatae.'),
(440, 40, '2012-04-11', 440, 0x00, 'Quis sint et aut est et tenetur. Rerum deleniti tempora consequatur non delectus neque.'),
(441, 41, '1981-06-19', 441, 0x31, 'Dolor velit soluta animi. Dolorem omnis quia aliquam possimus. Eum dolorum aut enim quo. Ipsam reprehenderit temporibus laboriosam dolorum quo.'),
(442, 42, '1979-02-17', 442, 0x31, 'Doloremque ex ad nihil velit repellendus. Eligendi repellat excepturi blanditiis. Pariatur quo pariatur reiciendis porro aperiam.'),
(443, 43, '2021-01-13', 443, 0x00, 'Qui natus aliquid enim sequi velit aut. Nihil mollitia ut qui quia sit ab. Qui quia consequatur ea non maiores excepturi facere aut.'),
(444, 44, '1983-10-28', 444, 0x00, 'Nihil nemo expedita ad et ad ipsam. Sunt repellendus earum asperiores voluptatum soluta qui amet. In unde delectus sint aliquam et quia. Quia nostrum possimus sit dolorem.'),
(445, 45, '1970-04-16', 445, 0x31, 'Quis omnis molestiae quam cum et ratione. Consequatur ullam ratione repudiandae aut. Aut voluptatem nam nihil ut at doloribus eius.'),
(446, 46, '2015-12-11', 446, 0x00, 'Aut esse voluptas est. Dolor quibusdam fugit autem ipsum. Culpa officiis blanditiis dolor ea quia tempore. Illo deserunt qui voluptas quaerat vero provident beatae.'),
(447, 47, '2006-01-12', 447, 0x00, 'Veritatis placeat rerum illo officiis possimus. Voluptatem similique incidunt laboriosam vel excepturi illo. Maiores quidem qui est et. Inventore qui veniam non vitae corporis laboriosam sapiente.'),
(448, 48, '2004-02-15', 448, 0x00, 'Aliquam facilis expedita blanditiis est optio. Illo quibusdam placeat voluptatem sint sint. Ipsum ut unde eum dolor. Quisquam ex rerum officiis sint est accusamus est.'),
(449, 49, '1989-08-20', 449, 0x00, 'Libero et sit placeat eum aliquam iusto. Ea voluptas ut dolor nam perspiciatis sunt minus. Enim a ad modi ut fugiat fugiat nesciunt qui. Omnis distinctio sapiente consequatur blanditiis omnis excepturi labore.'),
(450, 50, '1974-12-13', 450, 0x00, 'Adipisci dolor repudiandae eaque laboriosam dolores dolores occaecati. Et laudantium inventore tenetur et nesciunt et. Deserunt quisquam qui cum eligendi vel ea omnis.'),
(451, 51, '1982-10-14', 451, 0x31, 'Enim natus natus nostrum iste sequi voluptatibus. Aut officiis quibusdam provident aperiam perspiciatis. Sint ipsam non autem occaecati velit. Consequatur et consectetur aliquam facilis velit.'),
(452, 52, '2005-09-27', 452, 0x31, 'Officia sint modi veritatis saepe odio reiciendis. Sunt quia velit quidem ex aut aut occaecati optio. Veniam sed est ratione voluptates numquam.'),
(453, 53, '2002-01-06', 453, 0x00, 'Eos omnis hic optio qui nulla aliquid. Vitae ullam omnis quia architecto similique et velit. Aut veritatis adipisci velit repellendus nihil autem. Necessitatibus debitis laborum ratione.'),
(454, 54, '1973-10-09', 454, 0x00, 'Molestias voluptate voluptas ut labore ipsam. Corrupti vel recusandae natus ipsam distinctio rerum harum. Nostrum a natus et dolores. Quia excepturi dolorum esse aut et rerum.'),
(455, 55, '2004-07-03', 455, 0x00, 'Iure reiciendis laborum ut quas dignissimos aut. Recusandae amet vel sapiente eligendi. Et corrupti laudantium est rerum odio optio fugit.'),
(456, 56, '1987-05-19', 456, 0x31, 'Deserunt quia ut rem vel. Aut officiis doloremque animi dolores optio ipsum delectus saepe.'),
(457, 57, '2005-09-28', 457, 0x31, 'Sequi laboriosam velit voluptatem ipsa nisi adipisci. Omnis sunt consectetur est inventore ratione debitis enim.'),
(458, 58, '1981-11-30', 458, 0x31, 'Quia similique qui perferendis. Vel corrupti et maiores aliquam aut sequi vero. Quo laborum quo provident nemo quaerat et sapiente quo. Consequuntur beatae harum non rerum.'),
(459, 59, '1996-06-06', 459, 0x31, 'Similique harum consequatur sequi commodi optio similique sint. Ut sunt autem quod laborum. Tenetur omnis aut magni assumenda animi molestias nisi.'),
(460, 60, '2016-09-08', 460, 0x31, 'Exercitationem sunt nihil et praesentium sunt dolorum non. Consequatur iure sit doloremque nemo. Dolor est officiis dignissimos quaerat ducimus aut. Eum vitae perferendis qui et.'),
(461, 61, '2004-06-13', 461, 0x00, 'Tenetur voluptatem ea distinctio odit explicabo. Pariatur reiciendis maiores est illum. Ad aut cumque accusamus tenetur eos autem reiciendis magni. Provident nemo dolorem quas a. Explicabo incidunt possimus qui doloremque ex.'),
(462, 62, '1982-12-08', 462, 0x31, 'Assumenda iure quidem laborum voluptas ullam ut. Quia ut eveniet fuga sint voluptas doloremque aut. In ut natus quia sit quidem id quos distinctio. Veniam nam enim repellat dolor.'),
(463, 63, '2000-05-20', 463, 0x00, 'Id maxime fugiat et qui itaque inventore excepturi et. Dolores dolorem et ullam fuga. Suscipit adipisci et eum ab voluptatem.'),
(464, 64, '2021-04-23', 464, 0x00, 'Voluptatum nemo et qui voluptatem velit. Dolor repellat fugit accusamus est impedit id debitis. Aliquam consequuntur suscipit sunt consequuntur rerum dolor recusandae.'),
(465, 65, '1973-07-22', 465, 0x31, 'Vitae laborum dolor quia. Rerum voluptas vel quisquam rem ab sint. Id quia aut magni vero itaque ipsa sapiente. Et et aut autem aut neque et aut. Unde id odit et.'),
(466, 66, '2008-05-16', 466, 0x00, 'Tempora est in incidunt dolores ea autem qui et. Similique excepturi debitis natus consequatur velit minus quis.'),
(467, 67, '1971-10-13', 467, 0x00, 'Quia voluptas in architecto natus perspiciatis ut quo aliquam. Atque id dolor hic. Cumque dolores eveniet facilis sint rerum.'),
(468, 68, '1979-04-16', 468, 0x00, 'Dolor dolorum voluptas est reprehenderit aut ut. Dolores ut ex eaque omnis. Laudantium nihil recusandae est quo occaecati ipsa soluta ipsam.'),
(469, 69, '1972-01-02', 469, 0x00, 'Et libero dolorem odit quidem sit nihil aut. Incidunt accusantium quisquam nobis quis non voluptatibus. Omnis dolores iusto corporis voluptas quae molestiae. Consequatur quo nihil explicabo nam est. In saepe voluptas eos et.'),
(470, 70, '1998-11-10', 470, 0x00, 'Sed quo quos omnis perferendis. Quae facere rerum voluptatem et provident voluptatem aut. Neque tempora eos et nulla. Cum error delectus ducimus quia.'),
(471, 71, '1981-04-29', 471, 0x00, 'Occaecati nostrum vel nihil nihil occaecati fugiat aut. Esse cumque non aut qui autem vero eum. Sint maxime quaerat optio quisquam eveniet sapiente doloremque. Id dolorem facere esse non et aut quaerat. Iusto harum voluptatem doloremque dolor vero.'),
(472, 72, '2002-03-27', 472, 0x00, 'Qui labore vitae et aut voluptatum. Maiores sint aut a nobis. Aliquam dolorem dolorum sit. Perspiciatis nisi qui suscipit rem officiis rerum.'),
(473, 73, '2016-08-04', 473, 0x31, 'Aut hic facilis sed ducimus deserunt. Distinctio dolores quam cum accusamus. Ut enim recusandae et asperiores in perspiciatis sint. Hic omnis voluptatibus soluta quisquam accusamus facere corrupti expedita.'),
(474, 74, '1975-04-05', 474, 0x31, 'Eos aut nemo et. Et cum velit in odit ea. Sequi ut consequatur provident neque tenetur natus veritatis quaerat. Sit et corrupti occaecati. Esse nulla iure porro.'),
(475, 75, '2000-04-21', 475, 0x31, 'Neque non beatae numquam et optio officia. Aspernatur sit perspiciatis explicabo veniam. Autem qui soluta atque et ut.'),
(476, 76, '1987-07-22', 476, 0x31, 'Neque velit ea sed illum odio qui rem. Voluptatem ea labore deleniti assumenda qui consequatur. Sunt tempora accusamus autem vero sed dolore est.'),
(477, 77, '1975-05-03', 477, 0x31, 'Et excepturi nulla aliquid minima. Dicta ullam corrupti alias saepe. Qui in natus omnis consequatur.'),
(478, 78, '1995-10-02', 478, 0x31, 'Quod fuga officia quasi et. Sit natus ut harum quo natus deserunt. Voluptatibus totam est magni numquam perspiciatis enim iusto. Nihil sit omnis dolor consequuntur perferendis.'),
(479, 79, '1988-06-12', 479, 0x00, 'Earum quae aliquid quo necessitatibus nesciunt. Eligendi et sit quam culpa ut. Officia sint illum facere in. Aut inventore beatae fugiat enim aliquid consectetur rerum.'),
(480, 80, '1981-02-18', 480, 0x31, 'Minus possimus similique dolores sint cum quasi. Ad ex sint similique ut voluptas. Blanditiis voluptatum nulla dolorum quidem quibusdam aut eum. Occaecati ut iste et qui quia modi.'),
(481, 81, '2021-03-22', 481, 0x00, 'Vel similique quae quasi dolor officiis similique. Recusandae incidunt placeat ea sit est. Molestiae quia totam incidunt error. Vero ut dolor quia fugit enim nemo.'),
(482, 82, '1990-02-17', 482, 0x00, 'Quasi voluptas atque voluptates cupiditate. Praesentium nisi quod accusamus iure magnam ab rerum. Aut et porro animi soluta.'),
(483, 83, '2014-03-02', 483, 0x31, 'Facere unde expedita quasi incidunt praesentium. Sint et perferendis nam ut et et voluptatem est. Blanditiis rerum excepturi eius. Iusto itaque quia officiis.'),
(484, 84, '1980-12-08', 484, 0x00, 'Itaque quia quos molestiae rerum. In consequatur nam aut consequatur corporis quia. Aspernatur voluptas est officiis magni optio qui.'),
(485, 85, '2014-09-02', 485, 0x00, 'Natus incidunt ut quos velit repellendus. Recusandae cupiditate ea temporibus aut corrupti sint. Quidem aut officiis est id ut fuga in. Omnis ea omnis possimus quis laboriosam.'),
(486, 86, '1981-03-10', 486, 0x00, 'Sequi quia eveniet aliquid inventore sapiente. Hic placeat minus temporibus est illo rerum sed. Possimus possimus accusamus eos at nobis asperiores aut.'),
(487, 87, '2021-03-25', 487, 0x00, 'Excepturi aperiam amet laborum facilis omnis et. Porro nihil quaerat fuga est ea optio. Rem voluptas itaque eum facilis ab.'),
(488, 88, '2005-01-21', 488, 0x31, 'Laboriosam corporis facilis dolor unde deleniti ab. Ex voluptates cum atque vero magnam.'),
(489, 89, '2021-12-16', 489, 0x31, 'Modi voluptatibus non esse architecto facilis illo beatae. Eos quod aut tempore aut in aut dolores.'),
(490, 90, '1992-06-09', 490, 0x31, 'Omnis ad sit iste eos placeat rerum. Quae placeat accusantium id et eius temporibus qui. Error et autem a explicabo sunt. Nesciunt nihil ratione rerum qui error voluptatem et.'),
(491, 91, '1993-02-09', 491, 0x00, 'Illum excepturi architecto sit deleniti autem. Est pariatur excepturi natus maxime velit. Quasi sunt dolorem sit omnis. Omnis doloribus enim dolorem.'),
(492, 92, '1970-08-31', 492, 0x31, 'Sed aut facere omnis at beatae. Sint est harum veritatis consectetur ut veritatis id. Aliquam ex consequatur tempore quos quisquam eaque. Molestias ea optio commodi accusamus exercitationem et nihil.'),
(493, 93, '1992-10-30', 493, 0x00, 'Minima perferendis commodi harum cupiditate blanditiis consequatur. Hic corporis qui possimus perspiciatis consequuntur non voluptatem. Natus hic nihil soluta sint adipisci omnis.'),
(494, 94, '1989-04-26', 494, 0x00, 'Dolores dolores aut culpa et et nisi. Id a tenetur distinctio nostrum. Sed veritatis ratione quas eveniet soluta.'),
(495, 95, '1984-01-04', 495, 0x00, 'Consectetur magni aspernatur et. Voluptate illum reprehenderit voluptas ullam. Ut qui et qui.'),
(496, 96, '1991-11-28', 496, 0x00, 'Cupiditate quae ex aut id explicabo totam repellat. Quis ipsum recusandae et culpa ad. Expedita mollitia quis qui modi. Ut quibusdam et tempore fugit dolor reiciendis et.'),
(497, 97, '1994-11-13', 497, 0x31, 'Adipisci cumque mollitia corrupti enim quia. Consequatur minima eveniet ut quibusdam. Et quibusdam dolores et et.'),
(498, 98, '1994-09-01', 498, 0x00, 'Tempora omnis id vel soluta quia non consectetur veniam. Velit voluptatem et dolor earum doloremque. Sed quaerat aperiam ea qui odit quisquam id in.'),
(499, 99, '1992-06-14', 499, 0x31, 'Expedita ullam autem aperiam labore. Dolor voluptas nihil ipsam corrupti et. Ea natus expedita qui voluptatem consectetur.'),
(500, 100, '2020-10-06', 500, 0x00, 'Ipsum et aperiam reiciendis amet. Animi hic voluptatem in magnam velit. Eius laudantium eveniet ut sint ab. Possimus officia placeat doloribus corporis fuga debitis dolores.'),
(501, 1, '2002-05-23', 501, 0x31, 'Repellat adipisci ipsum quisquam fugiat voluptatem. Rerum eligendi vitae cupiditate ipsa. Aut fugit doloribus dolorem dolorem blanditiis eius. Eligendi quia eos dolorem.'),
(502, 2, '2012-03-28', 502, 0x00, 'Et molestiae aperiam placeat vitae tempora. Voluptas maxime blanditiis consequatur. Voluptatem omnis consequatur quas corporis.'),
(503, 3, '1991-05-29', 503, 0x00, 'Quia a omnis totam illum. Perferendis voluptatem repellendus architecto officia. Illo vel hic architecto est laboriosam. Quasi veniam nemo laborum et explicabo doloremque sint ut.'),
(504, 4, '1978-01-17', 504, 0x31, 'Suscipit consequuntur quod ut sit optio necessitatibus. Quasi itaque quod error esse molestias dolores molestias. Provident enim consectetur beatae aliquam.'),
(505, 5, '1981-07-31', 505, 0x31, 'Veniam laboriosam sapiente ipsa ex et. Voluptas in quia reprehenderit eaque repellat fuga molestiae officia.'),
(506, 6, '1997-11-10', 506, 0x00, 'Rerum itaque aliquid libero nobis ipsa fugit. Itaque veniam ullam in. Impedit dicta tenetur et dolor est.'),
(507, 7, '2019-02-05', 507, 0x00, 'Quo molestias rem sed deserunt quis voluptates. Minus praesentium molestiae doloremque et hic.'),
(508, 8, '1975-08-25', 508, 0x00, 'Et non quam omnis nam. Soluta quia quia repudiandae omnis ducimus qui recusandae modi. Animi accusamus est quia eos. Fuga et sit assumenda voluptatibus. Autem corrupti debitis id omnis hic voluptatem eum ipsam.'),
(509, 9, '2010-11-22', 509, 0x00, 'Animi aperiam ab et ex fuga. Omnis placeat repellat laboriosam et consequatur fugiat animi. Vel a error voluptatem dolor.'),
(510, 10, '2019-11-17', 510, 0x00, 'Labore nisi est in tempora perspiciatis. Consequatur corporis officiis vero inventore deleniti. Omnis ea voluptate odio beatae tenetur a sit ut. Maxime eos aut dolor aut ad.'),
(511, 11, '2017-07-31', 511, 0x31, 'Corrupti id quis ipsam et eveniet id. A molestiae eos odit eveniet et et qui. Sit facilis autem voluptas. Corporis necessitatibus sit fugiat similique.'),
(512, 12, '2001-05-04', 512, 0x31, 'Quis enim omnis necessitatibus hic aut quis perspiciatis soluta. Harum mollitia quo aut doloremque nobis. Aliquid quo hic dolores placeat. Autem distinctio ex voluptas et libero.'),
(513, 13, '2020-12-21', 513, 0x00, 'Quia eius sed veritatis explicabo amet provident. Animi et est autem deserunt quia voluptas est. Incidunt amet sequi molestiae iure ut.'),
(514, 14, '1989-02-24', 514, 0x31, 'Et ratione quisquam aut voluptatum ea totam inventore. Eum facilis laborum et pariatur. Aliquid velit dolor possimus odio suscipit voluptas impedit ipsam. Eum pariatur sapiente odit aliquam.'),
(515, 15, '2021-03-02', 515, 0x31, 'Earum quo labore aliquid quo et vitae. Voluptas maxime iusto fugit qui expedita ad sed. Corrupti dolorem est aut aliquam perferendis tempora. Dolor veniam ut est et. Soluta possimus et enim qui saepe.'),
(516, 16, '1974-08-15', 516, 0x00, 'Neque distinctio voluptatem ea vero deserunt. Rerum inventore accusantium id nostrum porro.'),
(517, 17, '1980-09-03', 517, 0x31, 'Quae ipsa harum quam enim ut. Sunt aut ullam optio suscipit et aut atque eos. Neque sit atque quis perspiciatis non repellat est.'),
(518, 18, '1972-03-28', 518, 0x31, 'Ipsa sed enim sint. Nam recusandae ut nobis. Laborum dicta rerum beatae.'),
(519, 19, '1998-02-01', 519, 0x31, 'Quo quos dolorem voluptatem consectetur. Laudantium cum voluptatum possimus deleniti. Impedit nisi eos accusamus et dolorum. Error suscipit repellat voluptas repellat.'),
(520, 20, '2018-03-26', 520, 0x00, 'Adipisci ut sunt voluptatum minus iste ullam ea. Minus quam veniam nesciunt est. Minus quasi et dolore.');
INSERT INTO `inspection` (`inspection_id`, `yahuas_staff_id`, `inspection_date`, `room_id`, `satisfactory_condition`, `inspection_comments`) VALUES
(521, 21, '1970-08-06', 521, 0x00, 'Placeat saepe et aut velit. Veniam laborum voluptates architecto. Ut amet quisquam atque reiciendis et ad culpa.'),
(522, 22, '1998-07-16', 522, 0x00, 'Ut dignissimos recusandae est et. Earum et accusantium animi libero illum.'),
(523, 23, '2003-03-29', 523, 0x00, 'Distinctio est optio in ipsum veritatis voluptatem. Odio voluptates enim quia non commodi. Eligendi numquam hic animi est laudantium fugit. Eius minima eos eligendi delectus aut similique.'),
(524, 24, '1991-03-03', 524, 0x31, 'Odio explicabo voluptatum iusto odit in voluptas. Sit exercitationem dolore voluptas aut quia magnam ratione ipsum. Amet dicta iusto eligendi qui sed dolores ab. Eos sit hic minus suscipit consequuntur.'),
(525, 25, '1974-01-21', 525, 0x31, 'Quasi magni maxime voluptas voluptatem. Dolor tempore deleniti dolorem eligendi. Magni nihil fuga molestiae eum. Perferendis veritatis totam alias recusandae.'),
(526, 26, '1994-09-09', 526, 0x31, 'Sed soluta ab aut necessitatibus consequatur non. Facere sint reprehenderit nihil dolorum quia. Vero est culpa et sit dolorem quia. Impedit nostrum dolore autem quisquam.'),
(527, 27, '2017-03-02', 527, 0x31, 'Enim dolor aut non quis qui quae voluptates. Fuga adipisci et voluptates et qui aut. Eveniet numquam occaecati fugit molestiae. Beatae laboriosam qui molestiae iusto dolorem assumenda magni.'),
(528, 28, '1998-04-12', 528, 0x31, 'Est quisquam debitis eos illum sed. Omnis tempora optio in dolores veritatis. Optio modi eveniet ea praesentium beatae repellendus dolores.'),
(529, 29, '1974-10-03', 529, 0x00, 'Eos quaerat qui voluptas sit quidem similique. Sunt molestiae architecto adipisci eum est rerum. Quas assumenda rerum vel quo impedit atque laborum.'),
(530, 30, '1999-01-06', 530, 0x00, 'Et saepe molestias dignissimos reiciendis. Voluptate id voluptates rerum velit quidem eaque. Harum explicabo distinctio doloremque eaque.'),
(531, 31, '1975-07-13', 531, 0x31, 'Voluptatem expedita rerum omnis. Adipisci atque ratione tempore aspernatur ut voluptas. Velit quaerat eum harum et praesentium officiis.'),
(532, 32, '1979-09-18', 532, 0x31, 'Consequatur et sed est placeat dignissimos. Doloremque delectus quisquam sapiente. Omnis culpa unde ut saepe. Quas quae repellendus exercitationem sed nisi consequatur qui. Voluptas eaque ut temporibus odit.'),
(533, 33, '2020-02-25', 533, 0x31, 'Est quam aut voluptas qui perspiciatis non. Non sint quae qui et aspernatur. Officiis iusto sapiente laboriosam tempore laborum in sint sunt. Ab labore dolor magni quos impedit in. Voluptatem ab et quis.'),
(534, 34, '2019-01-21', 534, 0x00, 'Occaecati iste magni aliquam modi. Aspernatur qui ea et vero. Et est minus nihil vitae sed aperiam officiis.'),
(535, 35, '2012-11-18', 535, 0x31, 'Iusto maxime quae est. Recusandae eos non vel suscipit. Quia dolor aut fugiat minus est est. Praesentium sit aut quos voluptatem sed dolorum voluptates.'),
(536, 36, '2006-07-19', 536, 0x00, 'Reprehenderit est omnis dolor sunt. Consequuntur placeat non nostrum in. Voluptatum at aut hic officiis accusantium. Voluptatum odio alias culpa blanditiis.'),
(537, 37, '1996-03-13', 537, 0x31, 'Quam adipisci modi eos. Repellendus quas est vero est unde. Ad enim a iure tempore consequuntur aperiam.'),
(538, 38, '1994-03-29', 538, 0x31, 'Dolor in quos fuga. Sint tenetur quasi sapiente nihil voluptatibus sunt. Quia quia voluptas soluta magni sit dolor quos.'),
(539, 39, '2007-05-27', 539, 0x00, 'Cumque voluptatem nihil et reprehenderit dignissimos eum eos. Et accusamus aliquam reprehenderit similique dolores consequatur et. Delectus facere nobis ut fuga.'),
(540, 40, '2022-07-07', 540, 0x00, 'Ab ab laudantium ex. Et dolores ut ut maiores qui magnam est. Sed ullam vero enim ad. Voluptas cumque quae quia beatae velit sunt. Dolorem non mollitia et.'),
(541, 41, '1987-11-16', 541, 0x31, 'Accusamus voluptate praesentium et nobis similique expedita sint assumenda. Iusto earum natus maxime. Odit facilis corrupti voluptate aut nemo cumque eveniet. Suscipit dolores et ut quis quo.'),
(542, 42, '2017-03-23', 542, 0x00, 'Quos ut pariatur rerum quasi voluptatem minus. Ipsum fuga molestiae sapiente distinctio iste est quam. Necessitatibus officia ullam ut delectus quia sit ex. Nulla quibusdam modi alias autem aut dicta et non.'),
(543, 43, '2008-10-19', 543, 0x00, 'At illum atque voluptatem. Sapiente quasi ea saepe doloribus. Voluptate repellendus non amet blanditiis dolorem.'),
(544, 44, '2008-08-01', 544, 0x00, 'Qui esse voluptatum aut ut voluptatem omnis et perferendis. Minima nostrum maiores exercitationem asperiores. Harum aut velit et minus quasi quis voluptatem.'),
(545, 45, '2017-09-01', 545, 0x00, 'Doloribus officiis placeat quia labore non dolorem. Eum nihil repudiandae nesciunt et. Velit rerum dignissimos doloremque tempore ratione. Quibusdam et molestiae voluptas deserunt quia.'),
(546, 46, '2014-09-09', 546, 0x00, 'Incidunt id quia quia officia facilis. Excepturi dolores deserunt pariatur sapiente provident. Sunt voluptatem ipsam quos ullam doloribus commodi asperiores. Dolores ab aliquid sapiente nemo perferendis nobis in.'),
(547, 47, '2013-12-31', 547, 0x00, 'Molestias dolor ut animi. Consequuntur illo architecto odit voluptatem perspiciatis tempore. Rerum tempore et deserunt enim recusandae.'),
(548, 48, '2016-01-11', 548, 0x00, 'Quam qui nostrum provident ipsa. Commodi deserunt vel recusandae porro. Ipsam quaerat expedita repellat voluptatem. Quaerat voluptas provident consequatur laboriosam.'),
(549, 49, '1980-01-12', 549, 0x00, 'Eos ut dolorem molestias vitae natus cum. Placeat odit corporis pariatur eos harum cupiditate voluptate. Dignissimos dolore quas tenetur adipisci. Voluptatibus accusamus soluta doloremque et id rerum suscipit quo.'),
(550, 50, '1991-10-26', 550, 0x00, 'Eos facilis a quas numquam. Dolorem quod reiciendis porro asperiores saepe consequatur voluptatem. Et consectetur nostrum molestiae.'),
(551, 51, '2020-03-20', 551, 0x31, 'Quo ea maiores quidem nemo sed. Dolorem quae quia et nesciunt esse dicta cupiditate alias. Et quia qui natus labore molestiae. Est aut voluptatum est asperiores.'),
(552, 52, '2008-08-30', 552, 0x31, 'Laborum voluptatem similique consectetur consequatur reiciendis dicta quo. Voluptatem dolorem nemo ullam sit voluptas. Aut aut molestiae dignissimos dolor dolorem sint. Nemo a id quia.'),
(553, 53, '1983-11-06', 553, 0x00, 'Accusantium aperiam eveniet quae veniam dolore. Nesciunt autem enim voluptatem voluptatem. Sit occaecati quia temporibus aliquam eligendi repellendus sunt.'),
(554, 54, '2018-12-17', 554, 0x31, 'Reiciendis ipsam qui ipsum optio nobis libero. Dolor hic numquam voluptatibus quia et eligendi possimus. Est deserunt omnis deserunt doloremque sit cupiditate.'),
(555, 55, '2015-10-20', 555, 0x00, 'Sequi et fuga inventore. Voluptas qui quo officiis qui quo sit et. Aut inventore facilis eos reiciendis. Voluptate porro delectus suscipit quia et quasi.'),
(556, 56, '1999-06-11', 556, 0x31, 'Voluptatibus error rerum sit omnis voluptatem. Corrupti est quos consequuntur doloribus possimus ex amet nisi. Rerum sit et sunt dolor quisquam quam id.'),
(557, 57, '2004-09-30', 557, 0x00, 'Eos aliquid fugiat veniam. Quia velit hic voluptas. Hic ea et eos esse id ut et. Ipsa nihil accusamus quis.'),
(558, 58, '2015-09-12', 558, 0x31, 'Aliquam eligendi sint in in voluptas temporibus qui. Nesciunt eaque suscipit quas.'),
(559, 59, '1978-10-23', 559, 0x00, 'Quae eum dolores laudantium eius officia blanditiis sit. Assumenda praesentium occaecati reprehenderit omnis blanditiis. Modi quia blanditiis est unde dolores dolorem.'),
(560, 60, '2003-06-25', 560, 0x00, 'Laboriosam possimus eos ut illo ea ratione. Amet ut id culpa voluptas et. Dicta architecto ut voluptatem non debitis et unde. Et voluptas quos reiciendis atque. Nobis beatae reiciendis eaque libero.'),
(561, 61, '1971-07-29', 561, 0x00, 'Explicabo sint eius dolor officia quas. Et deleniti doloremque sed vel.'),
(562, 62, '1999-12-11', 562, 0x00, 'Omnis placeat sunt veritatis sit ut et. Soluta eos ipsum deserunt. Et nihil labore quo libero iure. Cumque dolores ut repellat magni sed et soluta.'),
(563, 63, '1993-08-01', 563, 0x00, 'Dolor eligendi sunt quidem optio nulla. Consequatur molestiae et aut. Voluptatem minima est et delectus sed. Voluptatem doloribus quisquam dolorum.'),
(564, 64, '2001-12-15', 564, 0x00, 'Ut dolore occaecati distinctio illo molestias repellendus maxime. Officia asperiores quaerat et ut nihil ea. Earum dolorum error libero officia neque unde quod. Error dolor eos rerum.'),
(565, 65, '1998-08-27', 565, 0x00, 'Eveniet non excepturi aliquid iusto unde quasi. Natus accusamus nam ad ea aut laborum eum. Magnam quos ut eos exercitationem fugit id. Ullam nobis voluptates quae magni rerum.'),
(566, 66, '1977-03-27', 566, 0x00, 'Autem optio quo et quo est molestiae. Corrupti placeat velit laboriosam numquam. Dolorum quam eos ea fugit.'),
(567, 67, '1976-07-09', 567, 0x00, 'Et omnis ullam ex autem laudantium veniam nihil. Harum ad tenetur porro alias tempore. Ducimus eos nihil quam ex blanditiis quibusdam id.'),
(568, 68, '1988-06-19', 568, 0x31, 'Ab assumenda tempora sint. Sint placeat voluptas odit suscipit.'),
(569, 69, '2002-02-01', 569, 0x00, 'Voluptas ut optio rerum quis recusandae. Et sed error perferendis labore. Dignissimos aliquid ipsum mollitia quam voluptate expedita perspiciatis. Fugiat vel sit inventore et atque.'),
(570, 70, '1994-01-30', 570, 0x31, 'Ut quidem sapiente voluptas occaecati qui ut ut beatae. Perferendis veritatis corporis voluptatem rerum expedita aperiam. Qui quibusdam ut officiis ex perspiciatis eos. Porro eaque tenetur velit eos et fugit.'),
(571, 71, '2022-01-31', 571, 0x31, 'Distinctio fuga ipsa reprehenderit quae. Provident aut totam et quae voluptates provident. Qui animi unde aliquam ipsam.'),
(572, 72, '1994-01-02', 572, 0x00, 'Ipsam ab recusandae et et. Alias molestiae dolorem non sed consectetur debitis. Eos vero doloremque ea amet ut praesentium qui. Saepe et enim quod et asperiores culpa.'),
(573, 73, '2007-11-08', 573, 0x31, 'Deleniti occaecati enim quod eum nobis suscipit voluptatem. Deserunt quia qui mollitia soluta. Temporibus non error occaecati et est voluptas sunt. Pariatur consequatur et blanditiis eius magnam.'),
(574, 74, '1983-02-06', 574, 0x00, 'Et eligendi porro ad quos molestiae error. Dolorum vero est aut.'),
(575, 75, '2019-09-30', 575, 0x00, 'Nam doloremque nam facere. Quia velit eum enim fugit quaerat. Hic debitis qui magni dolor sit.'),
(576, 76, '2014-04-16', 576, 0x00, 'Facere consectetur repellendus maiores quisquam alias odit qui. Quod et iste aut eum velit. Quia animi cumque perspiciatis. Fugiat et voluptatibus assumenda nesciunt.'),
(577, 77, '1990-08-13', 577, 0x00, 'Sequi asperiores eum ut occaecati ut. Enim ut possimus culpa nihil. Voluptates asperiores similique sed quidem neque.'),
(578, 78, '2021-06-20', 578, 0x00, 'Facilis sit velit repellat voluptatibus quia error rem corrupti. Vitae aut repellat animi fugiat doloremque. Adipisci voluptas cumque ex voluptatem. Optio porro dignissimos cum.'),
(579, 79, '1970-08-18', 579, 0x31, 'Architecto corporis et expedita ex perspiciatis qui ab. Quod provident ut at unde velit natus. Itaque aut expedita consequatur iusto.'),
(580, 80, '1993-07-04', 580, 0x00, 'Maxime magni et atque quia laborum quam. Explicabo non nihil aut rerum et voluptate. Eligendi ipsam enim quisquam voluptate.'),
(581, 81, '2011-01-04', 581, 0x31, 'Ex culpa corrupti in cum beatae. Et aut ipsa exercitationem non. Sit dolorum aut aliquid commodi architecto sed qui. Dolore inventore culpa qui quidem.'),
(582, 82, '1976-05-24', 582, 0x31, 'Quaerat delectus repellat pariatur tenetur explicabo cumque. Fuga numquam architecto sed doloribus tenetur ipsum vel necessitatibus. Minima perspiciatis illo consequuntur ut dolorum nesciunt saepe fugiat.'),
(583, 83, '1981-09-28', 583, 0x31, 'Et dolorem excepturi est est iste adipisci dolorem. Maxime id quis aut quaerat ut. Qui quod dolor laudantium minus omnis placeat. Quia officiis numquam ut a eaque debitis et dolorum.'),
(584, 84, '2008-03-17', 584, 0x00, 'Velit est hic illo delectus incidunt quia. Ut dolores aut facere. Omnis qui eligendi consequatur qui.'),
(585, 85, '2004-05-23', 585, 0x00, 'Voluptas consequatur consequatur voluptas velit cum. Qui voluptas repudiandae veritatis enim recusandae quasi nihil ducimus.'),
(586, 86, '1986-10-13', 586, 0x00, 'Beatae dignissimos dicta id quis exercitationem fugiat deleniti et. Voluptas velit consequuntur harum porro repudiandae. Nisi beatae saepe quis quod. Repellendus omnis ad ut.'),
(587, 87, '2007-07-18', 587, 0x00, 'Aut nihil vitae dignissimos eum consequatur debitis. Quae illo aut possimus sint optio dolorem. Illum rerum ex ipsum sed voluptatem exercitationem aspernatur. Modi in animi eius assumenda culpa.'),
(588, 88, '2007-04-26', 588, 0x00, 'Aut et est libero soluta reprehenderit et ut neque. Vel saepe sint itaque et vero earum. Magni et cum aut impedit et nisi. Rerum vero quos facilis earum.'),
(589, 89, '1975-07-03', 589, 0x31, 'Et quia dolores officiis vel eveniet. Qui quo ut a consequatur quibusdam. Hic ducimus architecto in qui non.'),
(590, 90, '2003-02-12', 590, 0x00, 'Repudiandae dolor tempora aut voluptatibus architecto officiis molestiae. Numquam odio omnis quidem. Quis sit quos tempore quam et molestias saepe.'),
(591, 91, '1984-11-18', 591, 0x00, 'Temporibus laborum et quaerat necessitatibus natus rerum. Asperiores consequatur repellendus quasi delectus iste sunt nisi. Sit ipsum qui a est necessitatibus rerum.'),
(592, 92, '1977-07-03', 592, 0x00, 'Dolores id nam natus aliquid eos. Porro quas iusto sapiente. Libero enim consequuntur fugit nihil possimus et ad. Assumenda culpa est occaecati at neque debitis omnis.'),
(593, 93, '1996-06-27', 593, 0x31, 'Molestiae voluptatem natus non quia et odio nihil. Facilis natus ullam nemo numquam quis dicta.'),
(594, 94, '2011-11-14', 594, 0x31, 'Occaecati quo sit quisquam perspiciatis quaerat quis tempora. Recusandae non sapiente voluptatem quidem et qui. Ad magnam expedita eos ut unde et fuga. Non delectus soluta et veritatis.'),
(595, 95, '2001-09-17', 595, 0x31, 'Minima quia libero sit explicabo ipsum temporibus. Maxime officia doloribus dicta consequatur quos odit. Velit voluptatibus ad repellat vel eum quos quo numquam. Et iusto sit voluptatem. Sit assumenda vel itaque voluptates sunt minus velit eum.'),
(596, 96, '2020-06-28', 596, 0x00, 'Quia accusamus esse omnis ut. Veritatis molestiae et sapiente aut. Ullam est delectus necessitatibus in et. Totam dolores voluptas eos nulla non in. Quis aut sed ea sequi.'),
(597, 97, '1983-09-27', 597, 0x31, 'Sed assumenda autem est. Neque ea similique nihil repellendus dolor et consequatur. Aut neque et quia. Id ut ea odit dolor repellendus eos inventore id.'),
(598, 98, '2022-05-10', 598, 0x31, 'Ut dolor iusto inventore quo. Incidunt delectus sint modi ea voluptatem qui explicabo sed. Aut voluptatem consequuntur dicta numquam occaecati. Hic nihil consequatur nisi officiis inventore dolores placeat in.'),
(599, 99, '1993-02-01', 599, 0x00, 'Recusandae molestias culpa odio perspiciatis ut aperiam. Sit consequatur aut quisquam voluptatem. Ipsam vero aliquam dignissimos occaecati autem. Dignissimos inventore quisquam molestiae qui.'),
(600, 100, '2003-08-07', 600, 0x00, 'Aut at ex vitae tenetur. Aut iste voluptatum et. Quam ad dolorum velit officiis.');

-- --------------------------------------------------------

--
-- Table structure for table `invoice`
--

CREATE TABLE `invoice` (
  `invoice_id` smallint(10) UNSIGNED NOT NULL,
  `lease_id` smallint(10) UNSIGNED DEFAULT NULL,
  `invoice_date` date DEFAULT NULL,
  `year_semester` varchar(50) DEFAULT NULL,
  `payment_due` date DEFAULT NULL,
  `invoice_paid` binary(1) DEFAULT NULL,
  `payment_method` varchar(50) DEFAULT NULL,
  `reminder_date` date DEFAULT NULL,
  `reminder_date_2` date DEFAULT NULL
) ENGINE=InnoDB DEFAULT CHARSET=utf8mb4;

--
-- Dumping data for table `invoice`
--

INSERT INTO `invoice` (`invoice_id`, `lease_id`, `invoice_date`, `year_semester`, `payment_due`, `invoice_paid`, `payment_method`, `reminder_date`, `reminder_date_2`) VALUES
(1, 1, '2001-08-22', '1981', '2002-03-31', 0x31, 'Visa', '1999-07-12', '2005-07-13'),
(2, 2, '1973-09-27', '1999', '1976-02-20', 0x00, 'Discover Card', '1981-12-10', '2006-07-14'),
(3, 3, '2017-12-25', '1975', '2021-01-15', 0x00, 'Visa', '2011-01-21', '1984-12-26'),
(4, 4, '1978-03-10', '1990', '2015-12-22', 0x31, 'Visa', '1996-10-23', '2017-05-01'),
(5, 5, '2003-06-13', '2004', '1982-10-30', 0x31, 'MasterCard', '1993-04-17', '1973-10-24'),
(6, 6, '1970-09-20', '2012', '1989-02-18', 0x00, 'American Express', '2014-02-26', '1970-02-16'),
(7, 7, '2015-12-02', '2019', '2004-11-29', 0x31, 'Visa', '2017-02-14', '1976-04-17'),
(8, 8, '1980-08-28', '1981', '1989-02-25', 0x31, 'MasterCard', '1999-02-03', '2004-12-02'),
(9, 9, '2007-03-15', '1982', '1976-08-01', 0x31, 'Visa', '1980-03-11', '1990-04-02'),
(10, 10, '1973-07-11', '2017', '1986-04-18', 0x31, 'MasterCard', '1990-05-27', '1980-11-17'),
(11, 11, '1987-04-13', '2008', '1976-10-03', 0x31, 'Visa', '2016-12-23', '2020-12-03'),
(12, 12, '2006-09-10', '1985', '1982-04-25', 0x00, 'American Express', '2018-09-10', '1978-01-13'),
(13, 13, '1992-07-09', '1988', '1973-12-08', 0x31, 'MasterCard', '1993-06-22', '1989-06-07'),
(14, 14, '2019-07-22', '2013', '2002-07-28', 0x00, 'Visa', '1987-10-30', '1997-12-02'),
(15, 15, '1979-07-01', '1985', '1988-06-23', 0x31, 'American Express', '1997-06-11', '1986-03-23'),
(16, 16, '2012-11-20', '1971', '2016-03-24', 0x31, 'Visa', '2021-01-21', '2020-08-31'),
(17, 17, '1993-05-31', '2001', '1987-01-30', 0x31, 'Visa', '1993-04-11', '1986-01-24'),
(18, 18, '2002-03-23', '2011', '1985-09-10', 0x31, 'MasterCard', '2012-09-20', '1979-01-19'),
(19, 19, '1987-04-08', '2014', '1978-04-20', 0x31, 'Discover Card', '1977-01-09', '1993-04-23'),
(20, 20, '1978-03-10', '2009', '1986-05-18', 0x31, 'Visa', '1976-12-15', '1972-08-15'),
(21, 21, '2017-02-22', '2008', '1982-07-31', 0x00, 'MasterCard', '1989-12-12', '1995-11-28'),
(22, 22, '1999-03-23', '2000', '2005-02-27', 0x00, 'Discover Card', '1996-10-21', '2003-03-15'),
(23, 23, '2020-09-23', '2004', '1986-09-06', 0x00, 'MasterCard', '1973-06-10', '2007-04-22'),
(24, 24, '2004-08-05', '1996', '2018-12-13', 0x31, 'MasterCard', '2020-08-05', '1975-07-11'),
(25, 25, '2010-03-09', '1974', '1988-09-20', 0x00, 'Visa', '2015-07-20', '1986-10-21'),
(26, 26, '2020-10-02', '1976', '2016-09-15', 0x31, 'Visa', '2012-02-22', '1971-03-10'),
(27, 27, '1983-06-10', '1985', '2012-03-23', 0x00, 'MasterCard', '1998-06-29', '2004-07-28'),
(28, 28, '1997-02-06', '1971', '1995-05-12', 0x31, 'Visa', '2021-11-16', '1978-06-26'),
(29, 29, '1990-04-01', '1973', '1999-12-24', 0x00, 'MasterCard', '2019-05-19', '2000-10-02'),
(30, 30, '1994-08-30', '1988', '1972-04-16', 0x31, 'Visa', '1970-07-14', '2003-12-21'),
(31, 31, '1973-07-09', '1975', '1970-05-04', 0x00, 'Visa', '1978-10-27', '2012-03-29'),
(32, 32, '1985-03-31', '2011', '1999-05-31', 0x00, 'American Express', '1997-01-08', '2000-09-02'),
(33, 33, '1981-10-28', '1972', '1978-01-12', 0x00, 'Visa', '1987-12-28', '1988-10-11'),
(34, 34, '1976-09-01', '2008', '1984-01-14', 0x31, 'MasterCard', '2006-08-05', '1970-09-02'),
(35, 35, '2000-07-04', '1996', '2015-05-01', 0x31, 'American Express', '1994-01-05', '1975-01-12'),
(36, 36, '1983-04-21', '2017', '2003-02-17', 0x31, 'MasterCard', '1997-03-03', '2002-04-13'),
(37, 37, '1979-02-12', '1999', '1994-02-20', 0x00, 'Visa', '2003-12-02', '1977-07-21'),
(38, 38, '1980-05-24', '1994', '1987-02-11', 0x31, 'MasterCard', '2001-02-28', '1989-03-27'),
(39, 39, '1976-04-10', '1983', '1972-02-18', 0x00, 'Visa', '2011-12-21', '2014-02-28'),
(40, 40, '1978-01-27', '1973', '2019-01-02', 0x31, 'MasterCard', '2011-03-31', '1990-02-26'),
(41, 41, '1989-08-11', '2016', '2016-06-03', 0x31, 'MasterCard', '1995-01-22', '2020-07-09'),
(42, 42, '2016-11-30', '1995', '1998-04-26', 0x00, 'Visa', '1995-11-10', '2001-08-09'),
(43, 43, '1990-04-13', '2014', '1981-01-14', 0x00, 'MasterCard', '2006-06-01', '2008-06-12'),
(44, 44, '2006-09-12', '1987', '2006-06-02', 0x00, 'American Express', '1982-10-30', '1985-08-04'),
(45, 45, '1991-08-19', '2019', '2019-06-04', 0x31, 'MasterCard', '1988-04-02', '2008-10-16'),
(46, 46, '1972-10-30', '1970', '1994-03-07', 0x31, 'MasterCard', '2003-08-06', '1997-02-13'),
(47, 47, '1999-09-03', '1989', '2019-11-19', 0x00, 'Discover Card', '2015-03-29', '1999-03-25'),
(48, 48, '1982-02-27', '1975', '1980-12-12', 0x00, 'MasterCard', '1987-12-03', '2018-04-17'),
(49, 49, '2004-08-12', '2005', '1994-11-30', 0x31, 'American Express', '1994-05-31', '2007-09-30'),
(50, 50, '2007-03-28', '2010', '2021-01-04', 0x31, 'Visa', '1974-09-23', '1985-10-13'),
(51, 51, '2008-06-21', '2022', '1979-10-23', 0x31, 'American Express', '1992-01-28', '1970-07-25'),
(52, 52, '2001-01-16', '2021', '2015-10-23', 0x31, 'American Express', '2009-06-22', '1999-12-26'),
(53, 53, '1970-11-20', '2010', '2019-01-08', 0x00, 'MasterCard', '1998-04-19', '1995-12-05'),
(54, 54, '1988-08-25', '2005', '1987-04-01', 0x00, 'Visa', '1982-10-31', '2005-12-03'),
(55, 55, '1985-06-09', '1996', '1983-11-02', 0x00, 'Visa', '1979-05-26', '2016-01-17'),
(56, 56, '2008-09-29', '2001', '1970-06-12', 0x00, 'Visa', '2008-10-19', '2005-10-23'),
(57, 57, '2012-01-18', '1972', '2016-04-19', 0x31, 'American Express', '2008-12-28', '1986-04-25'),
(58, 58, '1984-12-13', '2000', '1982-01-29', 0x31, 'Visa', '1983-07-17', '1980-11-17'),
(59, 59, '2013-01-06', '2016', '1994-02-11', 0x00, 'MasterCard', '2011-09-28', '2020-11-09'),
(60, 60, '1973-08-26', '1973', '1994-09-18', 0x31, 'Visa', '2008-02-07', '2005-09-19'),
(61, 61, '1991-12-15', '2017', '2010-11-01', 0x31, 'MasterCard', '2002-10-12', '2000-03-07'),
(62, 62, '1974-04-10', '1988', '2010-03-23', 0x00, 'MasterCard', '1975-10-01', '1988-07-25'),
(63, 63, '1985-04-28', '1992', '1973-11-26', 0x31, 'Visa', '1981-11-13', '2004-10-06'),
(64, 64, '1998-09-04', '2003', '1980-02-01', 0x31, 'Discover Card', '2013-10-21', '1996-08-15'),
(65, 65, '2012-05-27', '1985', '1982-05-10', 0x31, 'Visa', '1991-05-17', '1979-10-14'),
(66, 66, '2001-05-21', '2020', '2009-01-24', 0x00, 'Discover Card', '1995-12-29', '2022-01-25'),
(67, 67, '1983-06-14', '2003', '2000-02-01', 0x31, 'Visa', '2004-12-30', '2008-10-04'),
(68, 68, '2002-02-02', '2002', '2015-01-09', 0x00, 'MasterCard', '1987-02-23', '1989-01-13'),
(69, 69, '1995-03-29', '2006', '2008-05-05', 0x31, 'MasterCard', '1985-04-11', '2011-07-25'),
(70, 70, '1982-01-07', '1988', '1991-10-27', 0x31, 'MasterCard', '1987-07-23', '2011-12-06'),
(71, 71, '1975-01-30', '2019', '1982-06-08', 0x00, 'MasterCard', '1993-08-04', '1989-12-10'),
(72, 72, '1993-12-24', '1979', '2014-08-27', 0x00, 'American Express', '2020-06-28', '2022-03-26'),
(73, 73, '1992-07-13', '2010', '2008-05-07', 0x31, 'MasterCard', '2013-06-30', '1986-02-25'),
(74, 74, '1987-06-28', '1983', '2012-03-29', 0x31, 'Discover Card', '1982-10-21', '2016-09-13'),
(75, 75, '2002-08-10', '1978', '2014-04-11', 0x00, 'Discover Card', '1983-10-12', '1984-10-27'),
(76, 76, '2007-04-17', '2018', '2020-05-15', 0x31, 'Visa', '1983-12-01', '1977-03-12'),
(77, 77, '1995-09-02', '1971', '2013-03-25', 0x31, 'Visa', '1973-11-20', '1994-11-09'),
(78, 78, '1992-02-13', '1992', '1980-12-16', 0x31, 'MasterCard', '1981-06-23', '1993-01-23'),
(79, 79, '2015-06-22', '1992', '2020-02-26', 0x00, 'Visa', '2015-12-10', '1999-09-16'),
(80, 80, '2019-10-23', '1983', '1983-07-02', 0x31, 'MasterCard', '2013-08-07', '2007-04-14'),
(81, 81, '2019-06-22', '1976', '2019-04-20', 0x00, 'American Express', '1978-07-17', '1979-02-03'),
(82, 82, '1990-12-24', '1973', '2020-03-20', 0x00, 'MasterCard', '1986-03-07', '1999-11-25'),
(83, 83, '2013-05-23', '2012', '1983-02-02', 0x00, 'American Express', '2007-06-23', '1978-08-05'),
(84, 84, '1995-05-02', '1978', '1996-11-15', 0x00, 'MasterCard', '1989-04-16', '1973-05-22'),
(85, 85, '1985-11-27', '1981', '2002-07-20', 0x31, 'MasterCard', '2005-01-17', '2007-01-24'),
(86, 86, '1997-02-06', '2010', '1984-03-26', 0x00, 'Discover Card', '1990-11-30', '1971-02-26'),
(87, 87, '1984-08-05', '1971', '2011-09-26', 0x00, 'MasterCard', '2004-10-17', '2019-12-26'),
(88, 88, '1995-04-11', '2012', '1984-04-08', 0x00, 'Visa', '1992-11-08', '1985-11-28'),
(89, 89, '1998-03-27', '2000', '2000-03-12', 0x31, 'Visa', '1972-04-25', '2013-01-12'),
(90, 90, '1998-04-03', '1999', '2018-02-23', 0x31, 'Visa', '1970-05-24', '2007-10-10'),
(91, 91, '1982-01-31', '2004', '1972-01-30', 0x31, 'Visa', '2020-08-22', '1970-10-23'),
(92, 92, '1997-04-15', '1996', '2002-03-23', 0x31, 'Visa', '2018-05-28', '1995-02-02'),
(93, 93, '2021-09-24', '1987', '2014-11-12', 0x31, 'Discover Card', '1976-08-28', '2018-12-01'),
(94, 94, '2010-10-24', '1997', '2013-04-13', 0x00, 'MasterCard', '2009-11-16', '2015-03-07'),
(95, 95, '2022-05-24', '2008', '1971-01-06', 0x31, 'Discover Card', '2001-09-11', '1983-11-19'),
(96, 96, '1991-09-07', '1971', '1996-04-23', 0x31, 'Visa', '2020-05-23', '1996-05-29'),
(97, 97, '2007-05-04', '1997', '1988-11-11', 0x31, 'Visa', '2016-11-04', '1984-03-09'),
(98, 98, '2020-09-12', '1971', '1983-11-01', 0x00, 'MasterCard', '1978-04-24', '1976-09-21'),
(99, 99, '1979-01-14', '1976', '2001-12-01', 0x00, 'MasterCard', '1987-10-19', '1995-11-27'),
(100, 100, '2002-01-11', '1996', '1992-12-17', 0x00, 'MasterCard', '1977-09-25', '2019-03-28');

-- --------------------------------------------------------

--
-- Table structure for table `lease_agreement`
--

CREATE TABLE `lease_agreement` (
  `lease_id` smallint(10) UNSIGNED NOT NULL,
  `student_id` smallint(10) UNSIGNED DEFAULT NULL,
  `lease_duration` varchar(50) DEFAULT NULL,
  `start_date` date DEFAULT NULL,
  `end_date` date DEFAULT NULL,
  `room_id` smallint(10) UNSIGNED DEFAULT NULL
) ENGINE=InnoDB DEFAULT CHARSET=utf8mb4;

--
-- Dumping data for table `lease_agreement`
--

INSERT INTO `lease_agreement` (`lease_id`, `student_id`, `lease_duration`, `start_date`, `end_date`, `room_id`) VALUES
(1, 1, ' 2-semester', '1990-06-07', '2000-01-17', 1),
(2, 2, '1-semester', '1988-07-10', '2013-07-23', 2),
(3, 3, ' summer-semester', '1970-06-08', '1984-12-31', 3),
(4, 4, ' summer-semester', '1976-03-21', '1991-10-20', 4),
(5, 5, '1-semester', '2001-05-08', '1972-04-04', 5),
(6, 6, '1-semester', '1989-05-12', '1984-09-03', 6),
(7, 7, ' 2-semester', '2012-11-25', '2002-11-24', 7),
(8, 8, ' 1-year', '2005-12-15', '2006-01-03', 8),
(9, 9, ' 2-semester', '1987-01-08', '1974-10-13', 9),
(10, 10, ' 2-semester', '2001-07-25', '2000-10-06', 10),
(11, 11, '1-semester', '2012-03-27', '1990-05-25', 11),
(12, 12, ' summer-semester', '2016-05-29', '1981-07-27', 12),
(13, 13, '1-semester', '1996-11-17', '1999-11-30', 13),
(14, 14, ' summer-semester', '2015-07-18', '2013-11-20', 14),
(15, 15, ' summer-semester', '1979-08-23', '1987-03-09', 15),
(16, 16, ' 2-semester', '2002-09-16', '2014-07-12', 16),
(17, 17, ' summer-semester', '2004-09-26', '2007-03-02', 17),
(18, 18, ' summer-semester', '1994-02-28', '1973-08-08', 18),
(19, 19, ' summer-semester', '2005-10-18', '1981-09-30', 19),
(20, 20, ' 1-year', '1980-09-27', '2001-07-06', 20),
(21, 21, '1-semester', '2019-04-17', '1970-03-17', 21),
(22, 22, ' 2-semester', '2021-10-28', '1975-11-16', 22),
(23, 23, ' 2-semester', '1995-02-09', '1983-09-08', 23),
(24, 24, ' 2-semester', '2007-07-08', '2017-05-15', 24),
(25, 25, ' 1-year', '2015-02-25', '1985-06-20', 25),
(26, 26, ' summer-semester', '2003-02-14', '1990-11-13', 26),
(27, 27, ' 2-semester', '1970-11-21', '1985-11-08', 27),
(28, 28, ' summer-semester', '1979-06-12', '2006-02-06', 28),
(29, 29, ' 2-semester', '2002-02-12', '1991-12-10', 29),
(30, 30, ' 1-year', '2013-02-16', '1989-06-30', 30),
(31, 31, ' summer-semester', '2008-08-14', '2010-11-02', 31),
(32, 32, ' summer-semester', '1992-08-03', '1987-07-10', 32),
(33, 33, '1-semester', '2007-02-10', '1991-07-10', 33),
(34, 34, ' 2-semester', '2013-10-20', '1982-10-28', 34),
(35, 35, ' 2-semester', '2009-01-28', '2019-08-03', 35),
(36, 36, ' 2-semester', '2005-03-22', '2017-01-29', 36),
(37, 37, ' 1-year', '1998-12-06', '2002-03-20', 37),
(38, 38, ' summer-semester', '1975-08-03', '2000-07-11', 38),
(39, 39, ' summer-semester', '1980-04-12', '1994-02-12', 39),
(40, 40, ' 2-semester', '2000-04-20', '2018-12-03', 40),
(41, 41, '1-semester', '1988-10-14', '2018-10-04', 41),
(42, 42, ' 2-semester', '1983-07-18', '2000-06-23', 42),
(43, 43, '1-semester', '2020-03-04', '1986-07-12', 43),
(44, 44, ' 1-year', '1996-11-11', '1979-01-20', 44),
(45, 45, ' 2-semester', '1976-11-16', '2021-11-28', 45),
(46, 46, ' 2-semester', '1990-09-20', '1974-05-07', 46),
(47, 47, ' 1-year', '2011-08-31', '1999-11-08', 47),
(48, 48, '1-semester', '1970-11-25', '1979-03-19', 48),
(49, 49, ' summer-semester', '1996-12-22', '1977-04-05', 49),
(50, 50, '1-semester', '1994-09-23', '1989-09-18', 50),
(51, 51, '1-semester', '2003-03-31', '1998-02-05', 51),
(52, 52, '1-semester', '1998-05-19', '1980-12-19', 52),
(53, 53, ' summer-semester', '2009-06-03', '1979-03-14', 53),
(54, 54, ' 2-semester', '2016-06-19', '2004-09-21', 54),
(55, 55, '1-semester', '1987-08-22', '1977-08-22', 55),
(56, 56, ' summer-semester', '1974-12-08', '1989-01-02', 56),
(57, 57, ' 2-semester', '1972-09-28', '1970-05-26', 57),
(58, 58, ' 1-year', '1997-11-18', '2009-03-31', 58),
(59, 59, '1-semester', '1974-03-15', '2012-03-04', 59),
(60, 60, ' 2-semester', '2015-08-26', '1983-09-06', 60),
(61, 61, '1-semester', '2017-01-19', '1978-09-12', 61),
(62, 62, ' 2-semester', '2002-07-13', '2017-11-25', 62),
(63, 63, ' 1-year', '1973-06-18', '1988-10-15', 63),
(64, 64, ' summer-semester', '1997-06-20', '1998-08-02', 64),
(65, 65, ' summer-semester', '2006-06-11', '1990-07-13', 65),
(66, 66, ' 2-semester', '1991-11-23', '2015-07-30', 66),
(67, 67, ' 1-year', '1998-10-13', '2000-04-04', 67),
(68, 68, ' summer-semester', '1989-03-22', '2003-04-30', 68),
(69, 69, ' 2-semester', '2002-08-01', '1981-09-21', 69),
(70, 70, ' 1-year', '1990-10-17', '2018-06-05', 70),
(71, 71, ' 2-semester', '2005-12-29', '1979-11-06', 71),
(72, 72, ' summer-semester', '1979-06-15', '2013-01-01', 72),
(73, 73, ' summer-semester', '1981-05-25', '2013-04-25', 73),
(74, 74, '1-semester', '2013-03-06', '1971-07-27', 74),
(75, 75, ' 2-semester', '2018-08-01', '1970-04-24', 75),
(76, 76, ' 2-semester', '1996-08-02', '1993-07-16', 76),
(77, 77, ' 1-year', '1989-09-19', '1976-08-29', 77),
(78, 78, ' 2-semester', '1982-10-07', '1978-10-08', 78),
(79, 79, '1-semester', '1999-01-12', '2001-10-20', 79),
(80, 80, ' 1-year', '2017-11-19', '2007-04-08', 80),
(81, 81, ' summer-semester', '2004-03-11', '1982-08-23', 81),
(82, 82, ' 1-year', '2010-10-08', '1975-07-23', 82),
(83, 83, ' 2-semester', '2009-02-20', '1974-07-12', 83),
(84, 84, ' 2-semester', '1978-05-22', '1980-02-13', 84),
(85, 85, ' 2-semester', '2014-07-28', '1995-03-15', 85),
(86, 86, ' summer-semester', '2017-01-30', '1970-10-30', 86),
(87, 87, '1-semester', '2015-12-29', '1976-07-04', 87),
(88, 88, ' summer-semester', '1982-07-05', '2014-12-24', 88),
(89, 89, ' 2-semester', '1971-10-20', '1999-12-29', 89),
(90, 90, ' summer-semester', '2020-05-19', '1970-09-20', 90),
(91, 91, ' 2-semester', '2017-02-04', '2017-08-24', 91),
(92, 92, ' 1-year', '1994-04-26', '1979-03-12', 92),
(93, 93, ' summer-semester', '1992-02-09', '1992-05-22', 93),
(94, 94, ' 2-semester', '2007-09-01', '1976-11-01', 94),
(95, 95, ' 1-year', '1971-06-22', '2012-04-10', 95),
(96, 96, ' 2-semester', '2021-04-17', '1984-11-26', 96),
(97, 97, ' 1-year', '1998-02-17', '1995-12-24', 97),
(98, 98, ' summer-semester', '1988-03-13', '1986-08-11', 98),
(99, 99, ' 2-semester', '1999-10-06', '2022-07-02', 99),
(100, 100, ' 1-year', '2011-09-21', '1994-11-07', 100);

-- --------------------------------------------------------

--
-- Table structure for table `next_of_kin`
--

CREATE TABLE `next_of_kin` (
  `next_of_kin_id` smallint(10) UNSIGNED NOT NULL,
  `forename` varchar(50) DEFAULT NULL,
  `surname` varchar(50) DEFAULT NULL,
  `date_of_birth` date DEFAULT NULL,
  `gender` varchar(50) DEFAULT NULL,
  `home_address` varchar(250) DEFAULT NULL,
  `postcode` varchar(8) DEFAULT NULL,
  `contact_number` varchar(13) DEFAULT NULL,
  `personal_email` varchar(50) DEFAULT NULL,
  `role` varchar(50) DEFAULT NULL,
  `relation_to_student` varchar(50) DEFAULT NULL
) ENGINE=InnoDB DEFAULT CHARSET=utf8mb4;

--
-- Dumping data for table `next_of_kin`
--

INSERT INTO `next_of_kin` (`next_of_kin_id`, `forename`, `surname`, `date_of_birth`, `gender`, `home_address`, `postcode`, `contact_number`, `personal_email`, `role`, `relation_to_student`) VALUES
(1, 'Gilbert', 'Baumbach', '2017-09-09', 'male', '9828 Reichel Oval Suite 279\nNorth Reillyburgh, SC 27867-5291', '05621-57', '078-722-7690', 'candice90@example.net', 'Part-time', 'Parent'),
(2, 'Susana', 'Glover', '1989-06-22', ' two-spirit', '34563 Wiegand Port\nBurnicefort, NV 69501-7922', '85019', '1-850-699-875', 'haley.nova@example.net', 'Retired', ' Sibling'),
(3, 'Stephanie', 'Stark', '1978-08-06', ' female', '336 Schamberger Fields Apt. 712\nElisaport, IA 57458-6724', '21310-67', '747-664-5767x', 'jalen.metz@example.net', 'Self-employed', 'Partner'),
(4, 'Laurie', 'Gerhold', '2004-02-20', ' none', '046 Boehm Meadows Apt. 513\nBayleestad, VA 94879-3176', '20515-97', '+61(2)3167591', 'wwilliamson@example.net', 'Employed', 'Grandparent'),
(5, 'Alvena', 'O\'Keefe', '2014-06-04', ' non-binary', '2941 Isaias Greens\nMurazikside, ND 29785-7819', '54115-76', '+46(2)4140510', 'koepp.deanna@example.com', 'Employed', 'Partner'),
(6, 'Yesenia', 'Abbott', '1986-10-19', ' female', '88180 Jones Port\nStoneberg, NV 88104-4644', '45292', '781.030.5039x', 'krystel.renner@example.org', 'Employed', ' Sibling'),
(7, 'Viviane', 'Sawayn', '2017-07-01', ' gender neutral', '51925 Ondricka Square Apt. 058\nWillardmouth, AK 33236', '48721', '005-896-5634x', 'tquitzon@example.org', 'Employed', 'Grandparent'),
(8, 'Princess', 'Lebsack', '2021-05-06', 'male', '0274 Travis Lock Suite 518\nEast Lupe, MD 22391', '09674', '+18(1)1886231', 'quigley.margaret@example.com', 'Self-employed', 'Parent'),
(9, 'Jada', 'Schneider', '1993-02-08', ' female', '61569 Reichel Lights Suite 914\nSouth Josefina, DC 05633-1780', '13102-11', '418.918.3252x', 'abdiel32@example.com', 'Employed', 'Partner'),
(10, 'Luis', 'Zboncak', '1991-06-27', ' two-spirit', '72611 Sandrine Mountain\nBotsfordfurt, MD 39891', '82214', '(779)263-7217', 'guadalupe.walter@example.net', 'Self-employed', 'Step-parent'),
(11, 'Gerald', 'Hammes', '1990-12-25', ' genderqueer', '4740 Rogahn Island Apt. 087\nBernhardshire, ND 14598-6412', '11584-38', '(401)872-4290', 'savanah.carroll@example.org', 'Part-time', 'Parent'),
(12, 'Eddie', 'Kemmer', '1999-07-05', ' none', '3749 Padberg Shoals Suite 276\nNew Destiney, WY 57659', '93367', '184-113-7771x', 'khuel@example.net', 'Retired', ' Sibling'),
(13, 'Freida', 'Walker', '1977-07-14', ' agender', '25877 Walter Squares Suite 889\nShanahanmouth, NV 09610-2093', '97381', '(192)486-9121', 'magdalen13@example.org', 'Retired', 'Parent'),
(14, 'Moses', 'Block', '1999-08-01', 'male', '186 Tessie Springs\nSouth Alexanne, WY 94753', '18628', '1-867-924-291', 'nichole79@example.net', 'Employed', 'Parent'),
(15, 'Cornell', 'Schulist', '2019-01-01', ' gender neutral', '05608 Zelda Lakes Apt. 541\nFaybury, IL 97068', '71079-37', '542.657.5401x', 'dietrich.juvenal@example.org', 'Employed', 'Step-parent'),
(16, 'Adah', 'Ankunding', '1983-07-14', 'male', '861 Kuhlman Oval Apt. 614\nNorth Emmittside, SC 38077-8884', '18653', '04902491452', 'dullrich@example.net', 'Retired', 'Step-parent'),
(17, 'Alia', 'Sawayn', '1998-06-07', ' all', '7148 Smith Ferry\nLoweville, ID 14237', '31243', '221-350-0826x', 'augustine54@example.org', 'Self-employed', 'Partner'),
(18, 'Meagan', 'Bahringer', '2014-06-27', ' third gender', '40043 Wyman Forest Apt. 216\nKreigerstad, SD 69644-7494', '50403', '049-320-5553', 'tyrell.anderson@example.org', 'Retired', 'Step-parent'),
(19, 'Heloise', 'Kuhn', '1999-10-28', ' genderqueer', '3013 Halie Islands\nAleenton, SC 93213', '60825', '(949)266-3058', 'kenna.howell@example.com', 'Employed', 'Grandparent'),
(20, 'Colleen', 'Kozey', '2005-01-22', ' pangender', '54899 Una Centers\nMantebury, VT 98972', '08437-40', '1-850-841-953', 'fanny.rice@example.org', 'Part-time', 'Parent'),
(21, 'Rigoberto', 'McGlynn', '1976-11-05', ' pangender', '8362 Kip Forges\nPort Meredith, WI 39176', '06220-26', '(888)628-0176', 'dickens.seth@example.com', 'Part-time', ' Sibling'),
(22, 'Ellen', 'McClure', '2018-04-27', ' gender neutral', '24164 Alanis Landing Suite 693\nEast Sabrina, WV 05117', '88928', '1-936-516-705', 'kshlerin.freeda@example.com', 'Self-employed', 'Step-parent'),
(23, 'Abdullah', 'Schulist', '2021-05-21', ' third gender', '32885 Loma Parks\nHartmannshire, MS 97472-0124', '76582', '(956)083-8745', 'trevion.schultz@example.net', 'Employed', 'Step-parent'),
(24, 'Larry', 'Feeney', '1974-12-11', ' third gender', '37232 Lakin Plain Apt. 708\nRamonaland, RI 60793', '94260', '438.703.1110x', 'cprohaska@example.net', 'Self-employed', 'Partner'),
(25, 'Garry', 'Bailey', '2013-03-19', ' agender', '483 Katarina Islands Suite 824\nSouth Ardella, AK 08498-8044', '61383', '830-814-4556', 'breitenberg.sharon@example.net', 'Employed', 'Step-parent'),
(26, 'Virginie', 'Dickens', '2008-09-22', ' genderqueer', '10262 Kohler Walk Suite 894\nNew Lucindafurt, SC 97363-1115', '19872-05', '1-396-663-486', 'gregory04@example.com', 'Self-employed', 'Grandparent'),
(27, 'Arielle', 'Jerde', '1982-05-17', ' transgender', '293 Jedediah Course Apt. 087\nLake Nikko, NH 32998', '74107', '1-431-473-343', 'xmuller@example.net', 'Employed', 'Partner'),
(28, 'Willis', 'Steuber', '2017-11-21', ' non-binary', '274 Derick Roads\nNew Herminiaside, WV 35594-4323', '88941', '(147)104-9300', 'janet88@example.org', 'Self-employed', 'Grandparent'),
(29, 'Toni', 'Erdman', '1987-10-21', ' female', '658 Bonita Branch Apt. 142\nPort Rachael, WV 26243-9508', '67567-57', '1-464-798-255', 'delilah08@example.net', 'Retired', 'Grandparent'),
(30, 'Rosalee', 'Christiansen', '2020-09-16', 'male', '146 Leffler Mountain Suite 150\nMarquardtmouth, OR 88445-0628', '17759-01', '083.811.8572x', 'rossie.morissette@example.org', 'Part-time', ' Sibling'),
(31, 'Camron', 'Maggio', '1991-10-24', ' genderqueer', '6119 Lola Plaza Suite 868\nMarcelinohaven, WV 96919-2465', '01804-89', '1-251-029-148', 'lelah.schaden@example.net', 'Retired', 'Step-parent'),
(32, 'Joey', 'Cassin', '2007-12-06', ' all', '51766 Carter Expressway Suite 611\nJacobsonburgh, SC 03345-8119', '79187', '+65(1)1581901', 'jan.wiza@example.net', 'Self-employed', ' Sibling'),
(33, 'Harold', 'Sauer', '1983-11-22', 'male', '0971 Mellie Manor Suite 476\nLake Elliot, NC 65208', '60421', '+41(2)7597680', 'cummerata.isaias@example.com', 'Employed', 'Parent'),
(34, 'Gretchen', 'Mueller', '1990-04-09', ' all', '35066 Sawayn Ports Suite 056\nLake Miltonstad, NM 30387', '77903', '1-049-131-634', 'uschumm@example.net', 'Employed', 'Grandparent'),
(35, 'Jarred', 'Schmeler', '2000-11-01', ' female', '8397 Ritchie Divide Suite 028\nNew Brock, CT 76106-8063', '91274', '(070)032-4460', 'satterfield.evalyn@example.net', 'Retired', 'Parent'),
(36, 'Nedra', 'Dooley', '2010-01-04', ' transgender', '4103 Ladarius Port Suite 907\nQuigleyton, NE 41783', '50084-31', '217.253.7074', 'federico.gusikowski@example.net', 'Employed', ' Sibling'),
(37, 'Fred', 'Borer', '1976-02-23', ' non-binary', '480 Hintz Village\nVanceborough, TX 78120', '50953-59', '235.136.0806x', 'lennie48@example.com', 'Self-employed', ' Sibling'),
(38, 'Alfred', 'Wolf', '1979-01-23', ' pangender', '998 Alysha Club\nElsaville, KY 51240', '67053-99', '(393)612-6332', 'asha77@example.org', 'Self-employed', 'Parent'),
(39, 'Rowena', 'Breitenberg', '1990-05-16', ' all', '085 Kenyatta Fall Suite 184\nEleonoreside, KY 70858', '71113', '399.917.5503', 'rempel.afton@example.com', 'Self-employed', 'Step-parent'),
(40, 'Thomas', 'Borer', '1976-01-26', ' none', '1776 Lizeth Corners\nBaileefort, DC 20318', '68463-03', '(030)699-1744', 'arenner@example.org', 'Self-employed', ' Sibling'),
(41, 'Willy', 'Stark', '2018-08-22', ' agender', '07660 Bernier Burgs Suite 603\nNormaberg, UT 26838', '17997-77', '1-776-626-433', 'ortiz.xzavier@example.net', 'Employed', 'Grandparent'),
(42, 'Lavon', 'Brakus', '1979-09-28', ' female', '624 Kuvalis Wall\nNew Burnicemouth, CO 98288-1634', '29121', '(599)891-1233', 'fadel.princess@example.net', 'Part-time', 'Grandparent'),
(43, 'Kamille', 'Hahn', '1972-03-20', ' female', '5279 Kulas Locks\nNatalieborough, NH 28117', '18395', '1-530-886-861', 'odicki@example.org', 'Employed', 'Partner'),
(44, 'Jayden', 'Fritsch', '1972-12-14', ' third gender', '13291 Ewell Ford\nFunkland, IL 27756', '10360', '(057)825-2208', 'lucius50@example.org', 'Retired', 'Partner'),
(45, 'Otilia', 'Wuckert', '1973-05-06', ' pangender', '21616 Davis Crossroad Suite 801\nNorth Simoneport, MO 02284-3964', '35019-60', '311-676-2543x', 'juana61@example.com', 'Retired', 'Partner'),
(46, 'Nakia', 'Keebler', '2009-12-22', ' third gender', '8043 Schuster Ports Suite 734\nNorth Andymouth, FL 70659', '02812', '807.878.3052x', 'tillman.jailyn@example.com', 'Self-employed', ' Sibling'),
(47, 'Royce', 'Hessel', '1999-05-06', ' genderqueer', '385 Krajcik Freeway\nAaliyahshire, TN 38477-7492', '29436', '(367)525-5084', 'mclaughlin.adele@example.net', 'Part-time', ' Sibling'),
(48, 'Kenna', 'Fadel', '1986-02-05', ' pangender', '56457 Nolan Pine Apt. 416\nEast Ofelia, OH 53584-7681', '15634', '(882)670-7468', 'prohaska.gino@example.com', 'Part-time', 'Parent'),
(49, 'Dorcas', 'Cartwright', '2010-09-24', 'male', '503 Audra Summit Apt. 764\nCasimirland, VT 07252-6219', '86549', '1-117-783-667', 'rvon@example.net', 'Retired', 'Parent'),
(50, 'Jessyca', 'Gorczany', '2012-01-11', ' female', '89766 Fleta Viaduct\nHadleyhaven, SC 73791', '03317', '1-280-688-200', 'zrau@example.net', 'Part-time', 'Partner'),
(51, 'Elisha', 'Willms', '2021-05-05', ' genderqueer', '32536 Bernier Row Suite 650\nLake Cornellburgh, OR 01459', '05926-67', '962.341.1454x', 'mitchell.jade@example.net', 'Employed', 'Step-parent'),
(52, 'Alysson', 'Kunde', '2011-01-16', ' agender', '556 Earlene Fork\nNew Rolando, KY 83832-2212', '77049-73', '(562)137-5405', 'hlueilwitz@example.com', 'Part-time', 'Parent'),
(53, 'Jamal', 'Pouros', '2016-09-25', ' agender', '488 Tremblay Run Apt. 331\nGibsonburgh, WI 69488', '17667', '537.369.2743', 'holly.kertzmann@example.com', 'Retired', 'Partner'),
(54, 'Jerod', 'Bailey', '2003-10-26', ' agender', '004 Kautzer Mission\nNorth Gabrielle, VT 85291', '03400', '1-635-469-956', 'otho.bode@example.com', 'Employed', 'Grandparent'),
(55, 'Brigitte', 'Hintz', '2016-04-27', ' genderqueer', '94127 Reina Lakes Suite 988\nNorth Lydaport, WI 21317', '84453-46', '(176)086-4615', 'royal39@example.org', 'Part-time', 'Grandparent'),
(56, 'Jovan', 'Bernhard', '2009-11-21', 'male', '30979 Kuhic Forge\nHollymouth, OH 48538', '58950', '1-835-854-843', 'darren.krajcik@example.org', 'Self-employed', 'Partner'),
(57, 'Tressa', 'Huels', '1985-05-28', ' none', '66413 Jacobi Forks\nPort Edwin, IN 97992', '55408', '1-068-898-915', 'predovic.lelah@example.org', 'Retired', 'Grandparent'),
(58, 'Unique', 'Wisoky', '1998-04-11', ' pangender', '958 Wyman Court Suite 170\nSchneiderfort, CO 00097-1516', '12392-43', '05203960504', 'darlene.gerhold@example.org', 'Self-employed', 'Partner'),
(59, 'Arielle', 'Berge', '1991-03-31', ' genderqueer', '87682 Carter Trail Apt. 402\nFredericchester, AK 04822-9882', '06925-66', '776.916.5663', 'hunter.harber@example.com', 'Employed', 'Grandparent'),
(60, 'Stanley', 'Gottlieb', '1982-12-31', ' third gender', '6956 Bernier Springs Suite 558\nRusselborough, AK 96510-5216', '54724-76', '1-470-048-415', 'xtreutel@example.com', 'Retired', 'Parent'),
(61, 'Payton', 'Christiansen', '1986-02-03', ' none', '93115 Maryjane Expressway Apt. 492\nNorth Caitlynview, ME 46029', '13919-98', '01190288096', 'gaylord.jacques@example.com', 'Retired', 'Step-parent'),
(62, 'Collin', 'Jast', '1984-07-10', ' none', '05236 Cary Way\nRusselmouth, RI 35146', '62823', '1-640-807-797', 'opal47@example.net', 'Retired', 'Partner'),
(63, 'Annamae', 'Kutch', '2020-06-06', ' transgender', '70821 Lehner View Apt. 533\nSchaeferfort, CO 97123-5777', '76088-62', '1-016-333-461', 'lbecker@example.net', 'Retired', 'Parent'),
(64, 'Estell', 'Predovic', '2002-03-05', ' none', '1267 Cristal River\nNew Madeline, NH 14390-5189', '66936', '1-730-471-814', 'jayson55@example.net', 'Employed', 'Step-parent'),
(65, 'Moises', 'Cassin', '1982-07-07', ' all', '18107 Cade Mountain Suite 902\nReeceport, MO 67728', '73855-19', '890-709-1768x', 'jazmyne.wilkinson@example.org', 'Employed', ' Sibling'),
(66, 'Savanna', 'Luettgen', '2003-08-25', ' third gender', '861 Stiedemann Tunnel\nEast Kraig, IA 06907', '05818', '915.962.1222x', 'mmedhurst@example.net', 'Employed', 'Partner'),
(67, 'Giovanny', 'Swaniawski', '2021-08-29', ' transgender', '31943 Nico Terrace\nNew Santiago, TX 48620-3527', '93647-25', '165.756.8391x', 'rudolph81@example.org', 'Retired', 'Parent'),
(68, 'Edgardo', 'Farrell', '1996-12-16', ' pangender', '580 Stoltenberg Radial\nNew Logantown, TN 43069-8142', '90731', '(336)816-3418', 'vschowalter@example.com', 'Employed', 'Grandparent'),
(69, 'Clementina', 'Gutkowski', '1973-01-11', ' none', '0368 Cartwright Highway Apt. 547\nPort Anaisstad, OR 60957-5026', '68715', '616-512-4955x', 'lawrence.wisoky@example.net', 'Retired', 'Partner'),
(70, 'Rowena', 'Stiedemann', '1975-05-27', ' non-binary', '507 Wolff Bypass\nSouth Fannyville, DC 83551', '31258-71', '03078559294', 'schamberger.henderson@example.com', 'Employed', 'Step-parent'),
(71, 'Heloise', 'Schuster', '2022-03-27', ' third gender', '630 Adan Spur Suite 423\nGleichnerhaven, AK 32419', '88773-84', '(105)768-2963', 'lois57@example.org', 'Retired', 'Parent'),
(72, 'Haven', 'Howe', '1973-09-06', ' third gender', '92259 Everett Corner Apt. 505\nPort Elvachester, CT 08628', '98097', '00582304002', 'jenkins.clarabelle@example.org', 'Retired', 'Partner'),
(73, 'Nayeli', 'Block', '2006-12-29', ' genderqueer', '5673 Sarah Walk\nHomenickmouth, MD 81068-7657', '67900', '066-707-8900x', 'rosie.armstrong@example.net', 'Employed', ' Sibling'),
(74, 'Geraldine', 'Kirlin', '1972-10-08', ' all', '7543 Calista Crescent Apt. 619\nDarrellside, ND 06331-0317', '92400-14', '104-665-0107x', 'vada81@example.org', 'Employed', 'Partner'),
(75, 'Jeremy', 'Treutel', '2003-05-05', ' transgender', '4020 Trycia Walk\nNew Leonardo, TN 51195', '75131', '159.279.5921x', 'davis.lamont@example.org', 'Self-employed', 'Grandparent'),
(76, 'Kathryne', 'Ferry', '1984-09-07', ' all', '667 Welch Pines\nMadisonville, IA 30542-2540', '01507', '994.065.7489x', 'dzemlak@example.org', 'Part-time', 'Step-parent'),
(77, 'Shany', 'Marvin', '2016-06-27', ' genderqueer', '9707 Conrad Via\nJohnpaulfort, NC 92226', '91658', '(324)758-7476', 'ewunsch@example.net', 'Retired', 'Grandparent'),
(78, 'Alfred', 'Koepp', '1995-02-26', 'male', '541 Julian Mount Suite 121\nSouth Curtisport, IN 17479-9581', '22253-45', '1-970-066-191', 'carolyne51@example.org', 'Part-time', 'Step-parent'),
(79, 'Velma', 'Reichel', '2011-06-22', ' pangender', '601 April Motorway Suite 988\nDarenhaven, CT 22540-3045', '98286', '+42(9)2160424', 'garland09@example.org', 'Retired', 'Parent'),
(80, 'Fatima', 'Weissnat', '1970-07-27', 'male', '83418 Gibson Drive\nNorth Anthonyport, IA 81705', '08779', '+95(8)5368124', 'shanna86@example.org', 'Employed', 'Grandparent'),
(81, 'Zula', 'Kassulke', '2005-10-07', ' non-binary', '9053 Murl Crest Apt. 911\nEast Lydiahaven, AL 13742', '02167', '(730)099-2496', 'ycormier@example.com', 'Retired', 'Parent'),
(82, 'Emil', 'Weber', '1993-09-11', ' transgender', '837 Brandyn Pass\nRyleeburgh, SC 75482', '04862-59', '605.458.5659x', 'faustino98@example.org', 'Retired', 'Step-parent'),
(83, 'Elissa', 'Collins', '1977-03-18', ' none', '9669 Geovanni Trace Apt. 521\nJoanabury, DE 47820-5279', '71382-92', '804.111.0738', 'ernser.dedrick@example.net', 'Self-employed', 'Parent'),
(84, 'Juwan', 'Waters', '2020-05-11', ' gender neutral', '56763 Donnie Drive\nGavinshire, SD 72293', '87726', '03558020808', 'nikolaus.stevie@example.com', 'Part-time', 'Partner'),
(85, 'Reta', 'Cassin', '1995-01-01', ' non-binary', '7016 Shawna Locks\nLake Mervin, VA 45295', '36510-86', '352-110-2139', 'fern08@example.net', 'Retired', 'Step-parent'),
(86, 'Shannon', 'Runolfsson', '2004-03-13', ' transgender', '16403 Baumbach Ways Suite 455\nDonnaville, MD 27282-0431', '40395', '(670)966-9592', 'nrussel@example.net', 'Retired', 'Parent'),
(87, 'Jacinto', 'Schulist', '1974-11-09', ' pangender', '724 Natasha Parks\nEast Ludwig, CA 91327-8893', '72376', '1-379-811-851', 'camden.streich@example.org', 'Self-employed', ' Sibling'),
(88, 'Orlo', 'Bednar', '2014-03-12', ' two-spirit', '98388 Skiles Curve Apt. 988\nCruickshankshire, WI 78105-3158', '56720', '924-817-7325x', 'dion59@example.com', 'Retired', 'Partner'),
(89, 'Deanna', 'Simonis', '1975-03-12', ' two-spirit', '225 Briana Island\nPort Elyssashire, OR 04856', '84977-90', '154.910.7786x', 'nathaniel.connelly@example.org', 'Employed', 'Parent'),
(90, 'Leone', 'Kuhlman', '2019-03-15', ' gender neutral', '7761 Nicolas Drive Apt. 845\nJessicashire, VT 53239', '95468', '959-687-2348', 'streich.quincy@example.com', 'Part-time', ' Sibling'),
(91, 'Cassandra', 'Jerde', '1979-11-13', ' transgender', '033 Adams Summit Apt. 807\nBergstromstad, WI 84960-8179', '94791-91', '(347)596-4528', 'uschamberger@example.net', 'Retired', 'Step-parent'),
(92, 'Buster', 'Hudson', '1988-05-15', ' none', '25783 Hermiston Flat Suite 202\nMayershire, AR 76890-8489', '53762-30', '569.892.7387x', 'cecelia75@example.org', 'Retired', 'Grandparent'),
(93, 'Wilber', 'Abernathy', '1998-12-06', ' none', '55771 Dicki Shoal Apt. 050\nWillmsburgh, CT 65425-3438', '65090', '(959)099-6712', 'gblock@example.org', 'Part-time', 'Parent'),
(94, 'Heber', 'Stanton', '1970-08-07', ' genderqueer', '73841 Ian Junctions Apt. 626\nLake Elzaport, NV 40162-7780', '09252', '(579)716-2832', 'cassidy92@example.org', 'Self-employed', 'Partner'),
(95, 'Christ', 'Shanahan', '1977-12-09', ' none', '4707 Jeanie Gateway Apt. 665\nEast Rogelio, CO 73270-6539', '25659', '(273)111-5849', 'mauricio.kiehn@example.net', 'Self-employed', 'Partner'),
(96, 'Olga', 'Davis', '1974-09-06', ' pangender', '109 Zboncak Circles\nFraneckiburgh, SD 98252', '86880', '(273)961-2910', 'dickens.jalyn@example.com', 'Retired', 'Partner'),
(97, 'Ricky', 'O\'Hara', '1999-01-21', ' pangender', '2242 Hayes Manor Suite 615\nHillardland, AR 71565-2590', '40268', '1-017-282-698', 'dwillms@example.org', 'Retired', ' Sibling'),
(98, 'Berniece', 'Huels', '2020-02-25', ' none', '62307 Rory Isle Apt. 986\nWest Karelle, NJ 43995-3332', '45619-83', '+95(3)0337173', 'dina81@example.org', 'Employed', ' Sibling'),
(99, 'Verna', 'Stiedemann', '1991-01-25', ' pangender', '15593 Garland Streets\nEast Ransommouth, MA 08384', '90436-57', '+51(0)7477520', 'jalyn.carroll@example.org', 'Part-time', 'Step-parent'),
(100, 'Annalise', 'Wiegand', '1984-04-06', ' genderqueer', '78681 Herzog Port Suite 452\nGeraldinestad, WY 48280', '71314', '923.636.4577x', 'kaya67@example.com', 'Retired', 'Parent'),
(101, 'Kiarra', 'Leffler', '1993-12-09', ' gender neutral', '8777 Buckridge Tunnel Apt. 644\nWest Edwin, CO 75628-2095', '80046-55', '777.983.3961', 'rebeca47@example.net', 'Part-time', 'Partner'),
(102, 'Abby', 'Grady', '1998-04-21', ' none', '13376 Bins Pike Apt. 678\nMinnieberg, MS 84340-4520', '18912-47', '524.554.8773x', 'drunolfsdottir@example.com', 'Retired', ' Sibling'),
(103, 'Reed', 'Gleichner', '1979-08-04', 'male', '0966 Cristal Prairie Apt. 895\nLake Amiya, MD 13695', '42702-54', '1-626-697-759', 'xgraham@example.net', 'Employed', 'Step-parent'),
(104, 'Sam', 'Lubowitz', '1983-07-31', ' pangender', '97885 Wilkinson Square Suite 572\nBerniermouth, AK 49747', '56083-12', '275-513-3761x', 'anibal.treutel@example.org', 'Self-employed', 'Step-parent'),
(105, 'Maybell', 'Sawayn', '1972-04-30', ' gender neutral', '6462 Kuhlman Ridge\nKaylafort, ME 49659-1471', '87404', '038.992.1470', 'montana.mraz@example.org', 'Self-employed', ' Sibling'),
(106, 'Hannah', 'Kub', '2008-05-15', ' non-binary', '95493 Alexys Parkway\nTrompville, AZ 72885-3599', '14957-58', '+48(7)6216456', 'ullrich.arlene@example.com', 'Employed', ' Sibling'),
(107, 'Seamus', 'Lakin', '1994-12-16', ' non-binary', '56382 Bridget Ports Apt. 082\nO\'Connellchester, HI 66714', '04206-75', '1-383-582-314', 'nitzsche.agnes@example.net', 'Retired', 'Step-parent'),
(108, 'Don', 'Johnston', '1982-10-15', ' all', '8746 Fisher Cove Apt. 131\nVeumville, CT 52700', '88429', '(205)459-0798', 'krajcik.joyce@example.net', 'Part-time', 'Partner'),
(109, 'Darrell', 'Wuckert', '2009-11-29', ' female', '364 Will Glen\nWest Yoshikochester, AZ 53645', '56945', '(324)621-4375', 'quigley.willie@example.com', 'Retired', 'Grandparent'),
(110, 'Joannie', 'Koch', '1991-09-05', ' gender neutral', '2341 Kaylin Grove Apt. 238\nBradtkemouth, VA 81173', '80427-78', '1-996-221-102', 'zieme.maybelle@example.org', 'Self-employed', 'Partner'),
(111, 'Ramon', 'Mohr', '1975-08-20', ' none', '1139 Jordon Mountain Apt. 070\nDonnellybury, MN 43869-8123', '02652', '604.803.5941', 'klein.marilou@example.org', 'Retired', 'Grandparent'),
(112, 'Lura', 'Marvin', '1978-08-09', ' pangender', '8781 Emard Landing Apt. 309\nTevinmouth, WY 49503', '98710', '09472183855', 'vmcclure@example.net', 'Retired', ' Sibling'),
(113, 'Dakota', 'Runolfsdottir', '2003-10-15', ' third gender', '818 Dewayne Plaza\nPort Sybleside, MD 75158-1086', '28628', '1-340-546-828', 'mallory95@example.net', 'Retired', 'Parent'),
(114, 'Terrance', 'Conn', '1976-04-09', ' transgender', '8247 Karolann Parkways\nNew Rosaburgh, NM 48930-9938', '10197', '737.773.2375x', 'jennings29@example.org', 'Part-time', ' Sibling'),
(115, 'Jamal', 'Witting', '1975-09-12', ' pangender', '1452 Bogisich Road\nBerenicechester, OK 25882-5630', '56634-25', '01950267442', 'queenie39@example.com', 'Employed', 'Grandparent'),
(116, 'Desiree', 'Sawayn', '1981-04-04', ' two-spirit', '08980 Heller Court\nNew Lauriemouth, CA 94932-3247', '43800', '(588)275-6129', 'glindgren@example.net', 'Retired', 'Parent'),
(117, 'Aron', 'Fritsch', '1998-10-16', ' female', '0093 Garnett Plaza Apt. 499\nDuBuqueville, IN 56426-1359', '30579-01', '1-613-717-439', 'rowena.dubuque@example.com', 'Employed', 'Partner'),
(118, 'Delta', 'Wisozk', '1977-07-08', ' genderqueer', '9987 Willms Lodge Apt. 436\nMaggiomouth, MI 42313-4126', '04132-95', '02996861965', 'kali.murray@example.org', 'Retired', 'Parent'),
(119, 'Kendrick', 'Carroll', '2019-05-08', ' gender neutral', '814 Block Avenue Apt. 641\nEast Deangelo, VT 30345', '79127-44', '443.070.6198x', 'napoleon.treutel@example.com', 'Part-time', 'Parent'),
(120, 'Enoch', 'Johnson', '1990-03-09', ' gender neutral', '082 Loma Locks Suite 047\nHeidenreichmouth, AL 88417-9810', '26821', '+86(8)4331921', 'lemke.julian@example.com', 'Part-time', 'Step-parent'),
(121, 'Casimir', 'McClure', '1991-09-01', ' two-spirit', '466 Evalyn Stream Apt. 622\nHenryfurt, AL 92899', '28943-51', '413.416.3074', 'dickinson.elsie@example.com', 'Employed', ' Sibling'),
(122, 'Jayde', 'McKenzie', '2021-01-04', ' third gender', '690 Nader Bypass\nNorth Vernerberg, ME 74375', '09639-72', '+65(6)1428615', 'gust.o\'conner@example.com', 'Retired', ' Sibling'),
(123, 'Valerie', 'Braun', '2021-12-14', ' genderqueer', '9056 Avis Brook Suite 391\nNicolasview, AL 80690', '13926', '445-575-2016', 'emiller@example.org', 'Retired', 'Parent'),
(124, 'Stephen', 'McDermott', '2001-07-12', ' none', '6136 Stroman Oval\nWest Hannabury, CA 39626', '69379', '645.365.1454x', 'haskell81@example.net', 'Self-employed', 'Step-parent'),
(125, 'Darrick', 'Veum', '1973-01-22', ' female', '5788 Walter Tunnel Suite 807\nPort Willistown, PA 32923-7018', '01371-06', '152.423.3107x', 'zsimonis@example.org', 'Self-employed', 'Grandparent'),
(126, 'Claud', 'Morar', '2016-09-16', 'male', '512 Klein Motorway\nNorth Jeremyton, AK 76745', '64678-61', '+20(2)3940890', 'dolly49@example.com', 'Employed', 'Parent'),
(127, 'Henry', 'Torphy', '1993-08-17', ' third gender', '21642 Brady Causeway\nAbshirefurt, WY 00732', '17355', '874.365.5275', 'myrtie.will@example.net', 'Self-employed', 'Grandparent'),
(128, 'Rey', 'Pollich', '1987-03-15', ' genderqueer', '6307 Trevor Greens Suite 388\nNorth Lazaro, LA 54119', '26908', '00344384741', 'myrtice25@example.com', 'Self-employed', 'Parent'),
(129, 'Raleigh', 'Wiza', '1993-11-04', ' non-binary', '37215 Nick Mission Apt. 343\nHipolitoville, IN 99311', '24974-46', '413.425.2151x', 'curt.walker@example.org', 'Employed', 'Parent'),
(130, 'Nakia', 'Romaguera', '1986-10-16', 'male', '678 Daugherty Mountains\nLake Eugeniamouth, GA 08358-6380', '52790-30', '1-314-481-501', 'bayer.aliya@example.org', 'Self-employed', 'Step-parent'),
(131, 'Esta', 'Cronin', '2019-11-02', ' female', '7683 Zieme Mountains\nChristaland, MT 81809', '16591', '052.135.9633x', 'vnitzsche@example.org', 'Employed', 'Partner'),
(132, 'Oleta', 'Zulauf', '2010-11-28', ' third gender', '5543 Cummings Spur Suite 278\nSchadenport, UT 11870-4652', '55319', '1-439-044-608', 'weissnat.wallace@example.net', 'Self-employed', 'Step-parent'),
(133, 'Kasandra', 'Osinski', '2006-12-04', ' pangender', '2514 Merlin Hollow Suite 923\nEast Emersonstad, OR 99868', '32586', '+22(0)9331289', 'jovany73@example.com', 'Part-time', 'Step-parent'),
(134, 'Antonina', 'Feest', '1976-03-21', ' two-spirit', '027 Karli Square\nDaytonbury, OH 52931-2831', '84292-49', '731.887.2412', 'riley.goodwin@example.org', 'Retired', 'Parent'),
(135, 'Kurtis', 'Marvin', '1999-06-25', ' agender', '7413 Luna Hills Suite 469\nNew Stanfordland, AR 28445', '89927', '696.219.0716x', 'jonathan15@example.com', 'Self-employed', ' Sibling'),
(136, 'Gisselle', 'Maggio', '1986-03-27', ' non-binary', '3708 Coty Lock Apt. 630\nNorth Ellsworth, MS 50897', '73404-71', '992-279-6314x', 'xupton@example.org', 'Retired', 'Grandparent'),
(137, 'Kenyatta', 'Kutch', '1982-04-12', ' pangender', '040 Price Ramp Suite 917\nO\'Connellmouth, IA 86741', '80347', '+47(1)1118628', 'nhahn@example.com', 'Employed', 'Grandparent'),
(138, 'Alysa', 'Yost', '1983-01-27', ' non-binary', '3940 Schiller Shores\nMadelynnburgh, MD 11513-1884', '74448', '535.022.3300', 'td\'amore@example.org', 'Employed', 'Step-parent'),
(139, 'Kyle', 'Powlowski', '1976-11-02', ' gender neutral', '0798 Merl Park Suite 867\nMurrayshire, SC 53914', '90391', '(424)064-8301', 'vhand@example.com', 'Employed', 'Partner'),
(140, 'Carmel', 'Raynor', '2010-10-18', 'male', '065 Farrell Forges\nJustineborough, TX 82134-6973', '52629', '104.427.3148', 'nheathcote@example.org', 'Part-time', 'Parent'),
(141, 'Zelda', 'Donnelly', '1998-10-07', ' pangender', '5053 Fleta Pines\nWest Elroy, IL 44553', '69160-20', '128.808.8293x', 'leuschke.betty@example.net', 'Part-time', 'Partner'),
(142, 'Alex', 'Trantow', '1991-09-08', ' transgender', '1350 Wuckert Lights\nNew Keaton, MS 48902', '76531-99', '519.961.4804x', 'auer.preston@example.net', 'Part-time', ' Sibling'),
(143, 'Araceli', 'Pfannerstill', '2010-06-01', ' two-spirit', '419 Funk Rapid\nAmayamouth, VA 18945', '42203-57', '1-427-744-083', 'rene00@example.org', 'Employed', 'Step-parent'),
(144, 'Lucious', 'D\'Amore', '1981-08-02', 'male', '9980 Koch Green\nKozeyburgh, MT 50950-4681', '26533', '072-928-6064', 'hackett.august@example.org', 'Part-time', 'Step-parent'),
(145, 'Katelyn', 'Harber', '2007-05-24', ' two-spirit', '8453 Terry Plain Apt. 180\nNew Leone, AZ 90909', '12091-70', '903.342.1744x', 'zzieme@example.com', 'Part-time', 'Parent'),
(146, 'Jermey', 'Bins', '1980-10-05', ' pangender', '27972 Little Overpass\nHamillstad, UT 52581', '86588-18', '535.950.5458', 'theodora.ernser@example.org', 'Employed', 'Step-parent'),
(147, 'Katelin', 'Shanahan', '2012-01-09', ' transgender', '8052 Ratke Key\nNorth Russ, NY 78550-0799', '31117-27', '(961)243-4835', 'dibbert.jedidiah@example.com', 'Self-employed', 'Parent'),
(148, 'Jaycee', 'Dickens', '2003-11-10', ' non-binary', '307 Amaya Viaduct\nChaimborough, TN 74700', '49629-15', '438-647-5235', 'considine.reggie@example.org', 'Self-employed', 'Partner'),
(149, 'Gloria', 'Schuster', '2017-02-07', ' none', '9035 Delphine Bridge\nSouth Emanuelside, DE 17667', '19705', '(572)538-4561', 'aiyana.pfeffer@example.org', 'Self-employed', 'Partner'),
(150, 'Carli', 'Gorczany', '1971-08-25', ' female', '48766 Feil Roads\nKendallbury, SD 37745-8849', '91420-13', '(356)499-8108', 'burdette23@example.net', 'Employed', 'Parent'),
(151, 'Luis', 'McGlynn', '2006-11-30', ' third gender', '311 Hartmann Locks Apt. 531\nBrekkeview, NE 29544-8400', '06222-06', '(429)952-1763', 'raegan.terry@example.org', 'Part-time', 'Step-parent'),
(152, 'Dayne', 'Ledner', '2014-03-22', ' gender neutral', '9222 Martin Gardens\nWest Victoriaborough, ND 94936-9138', '30707-81', '296.539.1739x', 'rippin.rebekah@example.com', 'Employed', 'Parent'),
(153, 'Bill', 'Deckow', '2010-06-30', ' agender', '3975 Schaden Parkway\nNew Lucianoville, MO 97282-9244', '53974-77', '+97(0)7460712', 'julianne83@example.com', 'Retired', 'Parent'),
(154, 'Luigi', 'Purdy', '2014-10-25', ' none', '637 Langworth Forks Apt. 783\nEast Zeldaburgh, RI 38298-9244', '83258', '+88(0)6193861', 'caroline.kuvalis@example.net', 'Self-employed', 'Partner'),
(155, 'Joel', 'Medhurst', '1996-05-03', ' female', '40802 Tony Rue\nCruickshanktown, IA 89578', '71369', '601-326-4562x', 'noberbrunner@example.com', 'Retired', 'Partner'),
(156, 'Tracy', 'Haag', '2002-02-19', ' two-spirit', '10483 Jayson Forest\nErnserland, MI 36014-0294', '54850', '512-088-4201', 'alessia.koch@example.com', 'Employed', 'Partner'),
(157, 'Mathew', 'Goldner', '2021-12-31', ' two-spirit', '9493 Bart Cliff Apt. 897\nPort Marcland, OK 47833', '22728', '(800)315-1192', 'zackery13@example.com', 'Self-employed', ' Sibling'),
(158, 'Kylie', 'Kessler', '1988-10-18', ' two-spirit', '29557 Hassie Crest\nLake Emanuel, TN 80001', '08718-54', '1-748-598-917', 'fritsch.doug@example.net', 'Self-employed', 'Grandparent'),
(159, 'Friedrich', 'Trantow', '1996-02-22', ' genderqueer', '33256 Durgan Skyway\nBrandotown, MI 50370', '90432-85', '1-952-979-945', 'creola51@example.org', 'Part-time', 'Step-parent'),
(160, 'Nathanial', 'Thiel', '1981-03-25', ' none', '7067 Pfannerstill Pike\nSethmouth, TN 12595', '50089-75', '+14(6)5203903', 'name.fay@example.com', 'Self-employed', ' Sibling'),
(161, 'Clarabelle', 'Schaden', '1980-04-03', ' all', '208 Rex Field\nIrvingmouth, OR 14138-7781', '91700', '1-916-705-602', 'wade.o\'kon@example.com', 'Employed', ' Sibling'),
(162, 'Rosalinda', 'Braun', '2015-10-14', ' all', '244 Jadon Stravenue\nNorth Marleyborough, NM 29984-5907', '80089-25', '(062)702-4674', 'lubowitz.fleta@example.org', 'Part-time', ' Sibling'),
(163, 'Rocky', 'Boehm', '2020-07-18', ' agender', '394 Purdy Valley\nHassieville, FL 28721', '04479', '(105)247-4646', 'rey.gibson@example.com', 'Employed', 'Partner'),
(164, 'Eleonore', 'Roberts', '2000-09-20', ' pangender', '87877 Justyn Streets\nEast Branson, CA 08685', '00106', '1-431-293-102', 'barton.bryana@example.com', 'Retired', 'Step-parent'),
(165, 'Amparo', 'Becker', '2008-07-21', 'male', '6220 Abernathy Gateway Suite 706\nLowehaven, VA 32247-6986', '53734-46', '763-648-6400x', 'emmerich.terry@example.net', 'Self-employed', 'Step-parent'),
(166, 'Ollie', 'Effertz', '2018-08-18', ' pangender', '17261 Kassulke Pass Suite 018\nTownetown, VA 54348-8725', '05663', '1-652-875-849', 'bayer.orlando@example.net', 'Self-employed', 'Partner'),
(167, 'Jakayla', 'Crist', '1989-08-08', ' third gender', '3970 Vladimir Trail\nNew Kamron, MA 85152', '02659-13', '+99(7)1793543', 'fredy16@example.com', 'Part-time', 'Step-parent'),
(168, 'Georgiana', 'Koss', '1981-08-08', ' pangender', '191 Shemar Knoll Apt. 037\nNew Karolann, NJ 98093', '94739-00', '141-900-3664', 'adam.zulauf@example.com', 'Retired', 'Step-parent'),
(169, 'Irving', 'Towne', '1991-03-12', ' agender', '87865 Hoppe Viaduct Suite 064\nSouth Bobby, MN 49997-3733', '55626', '1-239-535-021', 'ankunding.freda@example.com', 'Self-employed', 'Step-parent'),
(170, 'Arden', 'Hahn', '1989-10-30', ' non-binary', '8732 Flavie Loaf Suite 192\nPagacton, IN 94978-5142', '62582-07', '155-846-5482x', 'green82@example.com', 'Self-employed', 'Partner'),
(171, 'Deshaun', 'Welch', '2011-04-24', ' two-spirit', '280 Hagenes Ramp Suite 340\nO\'Konview, MO 26185', '59827', '614.085.5554x', 'ferry.estell@example.net', 'Part-time', 'Parent'),
(172, 'Hailey', 'Macejkovic', '2005-06-14', ' pangender', '456 Lela Drive Suite 591\nNew Sally, WY 33007', '30270', '228-892-5790x', 'fkohler@example.net', 'Retired', 'Grandparent'),
(173, 'Christian', 'Stokes', '1972-06-14', 'male', '10320 Marcelina Plaza\nAnkundingland, RI 37943-4372', '99627-32', '448-547-3041', 'guadalupe.stamm@example.net', 'Self-employed', 'Step-parent'),
(174, 'Josiane', 'Senger', '1992-01-10', ' non-binary', '0720 Barrows Canyon Apt. 170\nNew Beau, NV 11909', '71877', '869-837-4683x', 'ydietrich@example.net', 'Self-employed', 'Partner'),
(175, 'Avis', 'Beahan', '1998-03-23', ' none', '3181 Shayna Shoals\nWest Nedrastad, MO 25337', '12643', '07708718582', 'adouglas@example.com', 'Self-employed', ' Sibling'),
(176, 'Emelia', 'Hane', '1991-11-10', ' agender', '6244 Homenick Route Apt. 339\nEast Glenna, WA 37641-6705', '81965', '(879)530-3396', 'juliana.stehr@example.org', 'Self-employed', 'Partner'),
(177, 'Caesar', 'Schaefer', '2004-08-25', ' transgender', '081 Gutkowski Meadows Apt. 310\nWest Jasmin, OK 73597-9960', '58247', '1-176-035-022', 'brakus.zora@example.net', 'Self-employed', 'Partner'),
(178, 'Aurelio', 'Jast', '1994-03-23', ' genderqueer', '38164 Roel Inlet Suite 516\nLake Florineberg, NJ 48769', '34290-60', '(240)692-6775', 'makayla90@example.net', 'Employed', 'Parent'),
(179, 'Davonte', 'Upton', '1985-08-07', ' third gender', '4706 Chelsie Dale\nNew Maxineside, OH 30386', '58581-33', '556-348-0064x', 'daugherty.susana@example.com', 'Self-employed', 'Parent'),
(180, 'Sophie', 'Koch', '2009-06-18', ' all', '07239 Bode Forges Apt. 262\nGrahamstad, MO 61252-4437', '47221-67', '1-214-070-090', 'ymills@example.com', 'Employed', 'Partner'),
(181, 'Jarrod', 'Wehner', '1989-03-08', ' genderqueer', '1471 Braun Roads Apt. 491\nJonathanborough, KS 02838-2118', '79955-01', '(401)272-9889', 'iraynor@example.net', 'Retired', 'Parent'),
(182, 'Alicia', 'Greenholt', '1999-07-19', ' none', '00909 Kuhic Spurs Suite 103\nLake Julianne, AR 01285-1324', '15830-67', '(969)276-2570', 'garnett14@example.net', 'Retired', 'Step-parent'),
(183, 'Josianne', 'Larson', '1995-06-23', ' third gender', '274 Dickens Row Suite 871\nStefanmouth, HI 56787', '05209-86', '098.097.0452x', 'thackett@example.org', 'Part-time', 'Parent'),
(184, 'Keshaun', 'Greenholt', '2004-10-04', ' none', '44288 Conn Parks Apt. 902\nHalliemouth, MA 29337', '35972', '151-166-8103', 'bbruen@example.org', 'Part-time', 'Step-parent'),
(185, 'Owen', 'Tillman', '2015-10-06', ' two-spirit', '48920 Ankunding Courts Suite 429\nBraunland, CA 24725-8435', '74329-37', '181.579.4169x', 'stoltenberg.drake@example.com', 'Retired', 'Parent'),
(186, 'Rosario', 'Konopelski', '2015-07-01', ' non-binary', '18563 Judy Junctions\nLake Gradyport, UT 28252', '53168', '1-555-814-921', 'darby.collins@example.net', 'Part-time', ' Sibling'),
(187, 'Preston', 'Shanahan', '2020-02-15', ' non-binary', '880 Vickie Summit Suite 251\nKiehnshire, MO 77449', '49942-83', '1-465-279-705', 'thodkiewicz@example.com', 'Part-time', 'Parent'),
(188, 'Elyssa', 'Greenfelder', '2009-07-10', ' agender', '209 Cremin Manor\nRudolphview, NY 81316-7157', '48327-04', '(961)556-0975', 'nathaniel31@example.org', 'Self-employed', ' Sibling'),
(189, 'Lenna', 'Crist', '2008-12-01', ' non-binary', '65756 Brenden Spur\nHahnburgh, WV 37375', '58201-75', '+81(8)8474573', 'caleigh80@example.com', 'Retired', 'Parent'),
(190, 'Ottis', 'Dickinson', '2011-02-28', ' pangender', '01039 Marcus Meadows\nWest Clairborough, NV 37522', '46123-11', '+12(2)7432406', 'jayce36@example.net', 'Part-time', 'Grandparent'),
(191, 'Emelia', 'McLaughlin', '1974-04-17', ' agender', '9502 Harris Heights Apt. 188\nBeulahmouth, OR 46337', '63772-41', '1-765-057-354', 'pshanahan@example.org', 'Self-employed', 'Grandparent'),
(192, 'Caden', 'Ankunding', '1981-07-07', ' pangender', '330 Jacobson Fort\nPort Carlieburgh, DE 11500-6957', '37380', '(026)833-7527', 'vivian77@example.net', 'Part-time', 'Step-parent'),
(193, 'Brittany', 'Hessel', '2021-01-08', 'male', '462 McGlynn Fords\nNorth Brennantown, MI 87843', '58300', '1-323-188-979', 'cummings.mose@example.com', 'Self-employed', 'Parent'),
(194, 'Lori', 'Gottlieb', '2017-10-02', ' none', '193 Terry Forks Suite 553\nJarretmouth, NE 70590', '98314-29', '1-560-934-136', 'mterry@example.net', 'Part-time', 'Partner'),
(195, 'Christ', 'Heller', '1985-05-25', ' agender', '133 McCullough Keys Apt. 308\nWest Mollie, OH 12127', '04691', '04100796417', 'loraine44@example.net', 'Employed', 'Step-parent'),
(196, 'Eusebio', 'Johns', '1971-03-08', ' two-spirit', '860 Alexys Land\nNorth Jacquesport, MI 18088-6469', '81563', '484.083.9339', 'kelton30@example.com', 'Self-employed', ' Sibling'),
(197, 'Jerrod', 'Rice', '1975-08-14', ' two-spirit', '2983 Bechtelar Mills Apt. 516\nDarrylville, AZ 15353-2914', '88951', '02390049280', 'chuels@example.com', 'Part-time', 'Step-parent'),
(198, 'Mariane', 'D\'Amore', '1995-11-20', 'male', '8729 Luciano Mews\nSouth Mireille, CA 88813-6154', '69496-65', '1-605-093-988', 'faustino34@example.com', 'Employed', 'Partner'),
(199, 'Karen', 'Mueller', '2020-08-22', 'male', '60776 Goldner Flats\nPort Eldon, NY 48742', '36762', '+42(5)4387108', 'anderson.darien@example.com', 'Retired', 'Grandparent'),
(200, 'Brendon', 'Kilback', '2006-03-05', ' agender', '441 Bailey Wall\nEast Alyciaview, WA 24514-2554', '97959', '105-102-7348x', 'beatrice33@example.org', 'Retired', 'Partner'),
(201, 'Archibald', 'Borer', '1976-09-04', ' non-binary', '40388 Haven Shores Apt. 204\nSouth Lilyfurt, IN 05847-6968', '81194-62', '216.641.0142x', 'ressie66@example.net', 'Part-time', 'Parent'),
(202, 'Montana', 'Marks', '1971-11-21', ' agender', '59592 Hoeger Parkway\nSchneiderfort, MD 21543-3611', '70755', '407-555-4182x', 'breanne13@example.com', 'Employed', ' Sibling'),
(203, 'Judge', 'Blick', '2007-10-09', ' transgender', '7023 Schulist Gateway\nFriesenberg, VT 95405', '58653-57', '1-886-475-477', 'rdubuque@example.org', 'Employed', 'Grandparent'),
(204, 'Rozella', 'Feil', '1978-11-04', ' genderqueer', '4598 Grady Throughway\nWilburnport, MD 55261-1388', '78625-63', '238-920-8278', 'luella82@example.com', 'Self-employed', 'Parent'),
(205, 'Laron', 'Carter', '2004-09-01', ' non-binary', '204 Madalyn View\nCummerataside, TX 85674-6578', '14271', '1-926-401-520', 'alene75@example.net', 'Self-employed', 'Parent'),
(206, 'Gennaro', 'Grimes', '1992-06-01', ' gender neutral', '72801 Demetris Extensions Suite 263\nJacobiton, ME 10752', '11769-29', '09899064597', 'jaylon.walker@example.com', 'Employed', ' Sibling'),
(207, 'Van', 'Hilll', '2011-04-13', ' agender', '1596 Rashad Mount Apt. 343\nMyrnatown, MA 30073-5450', '82282', '(871)753-1653', 'tremblay.bennie@example.net', 'Self-employed', 'Parent'),
(208, 'Esperanza', 'Auer', '2021-10-14', ' all', '5839 Lindsey Mission Apt. 798\nEast Rossie, MT 86444', '36686', '588.115.0827x', 'champlin.brook@example.org', 'Part-time', ' Sibling'),
(209, 'Amina', 'Wyman', '2001-12-27', 'male', '694 Katelin Circle\nHalvorsonport, PA 93259', '86737', '+76(5)3221909', 'jsawayn@example.net', 'Retired', 'Grandparent'),
(210, 'Mariela', 'Willms', '1999-10-31', ' third gender', '54783 Hackett Knoll Suite 167\nPort Bettyeland, AK 57064-4405', '49764', '887-767-4337x', 'runolfsson.chaim@example.com', 'Employed', 'Parent'),
(211, 'Effie', 'White', '2017-01-05', ' transgender', '4103 Alexandrine Port\nCaseystad, NC 48936-8547', '49203-67', '(004)033-5819', 'emmitt.aufderhar@example.com', 'Self-employed', ' Sibling'),
(212, 'Jasen', 'Kunde', '1994-02-06', ' pangender', '96458 Schultz Landing\nNew Ellis, FL 01109', '35497-06', '307-745-6822x', 'goodwin.nat@example.org', 'Retired', ' Sibling'),
(213, 'Mercedes', 'Leuschke', '1978-02-17', ' female', '456 Nader Creek\nHamillmouth, NH 50112', '39504-30', '1-350-774-732', 'oral.greenfelder@example.org', 'Retired', 'Parent'),
(214, 'Caterina', 'Stanton', '1987-03-12', ' genderqueer', '9253 Deckow Road\nStuartmouth, KY 36726-5572', '33795', '282.891.2661x', 'palma00@example.org', 'Retired', 'Parent'),
(215, 'Daniella', 'Stamm', '1978-10-30', ' third gender', '151 Hills Way\nEast Luellatown, WI 38376', '56362', '1-750-894-694', 'phackett@example.org', 'Retired', 'Parent'),
(216, 'Danny', 'Little', '1999-10-26', 'male', '71163 Evelyn Grove\nRoselynberg, OR 55928-1989', '17965', '(281)879-8148', 'zion.baumbach@example.org', 'Self-employed', ' Sibling'),
(217, 'Verner', 'Kirlin', '2015-12-21', ' transgender', '508 Schneider Junction\nEast Lonborough, LA 32713', '61614-59', '164.191.3429', 'hagenes.araceli@example.com', 'Employed', ' Sibling'),
(218, 'Christophe', 'Watsica', '1989-01-21', ' female', '99171 Wolff Lodge Apt. 801\nMelliebury, MI 26478', '96326-17', '196.495.9932x', 'emmitt.littel@example.net', 'Part-time', 'Partner'),
(219, 'Abdul', 'Casper', '2014-01-04', ' two-spirit', '58494 Labadie Ford Suite 939\nPort Gerhardmouth, PA 18957-7154', '22824-97', '1-446-533-215', 'jazmin.haley@example.org', 'Retired', 'Partner'),
(220, 'Althea', 'Heller', '1999-03-03', ' non-binary', '0222 Chloe Port\nEast Ginobury, TX 68079', '57858-70', '1-634-002-644', 'al.trantow@example.net', 'Self-employed', 'Parent'),
(221, 'Jazmin', 'DuBuque', '1978-10-09', ' non-binary', '610 Kenton Gateway\nTiaraland, MT 85056', '23239', '415.102.8080x', 'umaggio@example.net', 'Retired', 'Partner'),
(222, 'Stacey', 'Orn', '1970-05-25', ' transgender', '2224 Felipa Port\nPort Jamal, UT 44796', '41491-44', '1-322-691-500', 'abbott.vincenza@example.net', 'Self-employed', ' Sibling'),
(223, 'Kristopher', 'Deckow', '1992-02-25', ' genderqueer', '99373 Stanton Pass Suite 259\nNew Candaceland, MS 73105-9311', '61028', '1-420-771-226', 'demond.morissette@example.net', 'Self-employed', ' Sibling'),
(224, 'Malvina', 'Emard', '1970-02-06', ' female', '7634 Vandervort Island\nNew Kody, IN 07061', '84921-84', '782.003.6673', 'will.janie@example.org', 'Part-time', 'Grandparent'),
(225, 'Jennyfer', 'O\'Kon', '1990-08-16', ' female', '7002 Coty Cliff Apt. 903\nPort Faeville, UT 07144', '14380-60', '(551)831-2988', 'gilda11@example.com', 'Employed', 'Step-parent'),
(226, 'Morgan', 'Dickinson', '2014-07-30', ' non-binary', '0720 Vandervort Springs Suite 927\nValliechester, NH 55675', '07614', '+02(3)7808815', 'colin37@example.com', 'Part-time', 'Partner'),
(227, 'Efrain', 'Kuhic', '1986-08-29', ' third gender', '867 Jayce Crescent Suite 422\nNew Myrnaborough, TX 21987', '70724', '063.869.4485x', 'rempel.sigurd@example.com', 'Part-time', 'Parent'),
(228, 'Amara', 'Johnston', '1991-11-07', ' female', '9610 Denesik Divide\nTurnerport, OK 30400-6112', '04003-01', '1-663-707-327', 'abbey.mraz@example.com', 'Part-time', 'Step-parent'),
(229, 'Zaria', 'Leuschke', '1974-06-02', ' two-spirit', '80656 Wiley Neck\nKuhnburgh, NE 91401-7333', '06683-25', '1-761-468-302', 'jerald.konopelski@example.com', 'Part-time', ' Sibling'),
(230, 'Brett', 'Purdy', '2001-10-31', ' none', '97751 Keith Mission Suite 986\nSouth Nicole, MT 33591', '69784', '1-234-635-346', 'jtowne@example.net', 'Self-employed', 'Partner'),
(231, 'Jeanne', 'Terry', '1989-05-26', ' two-spirit', '07588 Conner Parkway\nNorth Kenya, MI 92714-2762', '34788-01', '615-516-2399x', 'sigrid.johnson@example.org', 'Retired', 'Step-parent'),
(232, 'Annamae', 'Prosacco', '1981-01-16', ' gender neutral', '463 Bogisich Plain\nNorth Emersonchester, SD 76057', '30102-21', '(893)198-7911', 'morar.hayden@example.org', 'Part-time', 'Grandparent'),
(233, 'Leanne', 'Boyle', '2000-06-21', ' agender', '5988 Kamren Port Apt. 876\nAufderharstad, IL 57283', '84533-75', '1-832-656-800', 'dwight21@example.org', 'Employed', 'Partner'),
(234, 'Wyatt', 'Kovacek', '2005-06-18', ' genderqueer', '29673 Hackett Way Apt. 675\nNorth Lianaberg, DE 29238-0964', '13489', '(576)772-0553', 'nkohler@example.org', 'Employed', 'Parent'),
(235, 'Veda', 'Emard', '2011-04-30', ' female', '172 Greyson Streets\nSouth Shaniya, CA 07283', '68610', '(916)750-0698', 'hgottlieb@example.org', 'Self-employed', 'Step-parent'),
(236, 'Aglae', 'Gutmann', '1986-07-14', ' third gender', '38404 Jolie Ville\nWest Destiniberg, IN 76548', '16969', '065.726.3059', 'deon.williamson@example.org', 'Self-employed', 'Step-parent'),
(237, 'Tyra', 'Becker', '2014-06-14', ' third gender', '576 Bernier Estate Apt. 467\nWest Orlandoside, VT 45386', '60316', '(519)100-8892', 'lrosenbaum@example.net', 'Part-time', 'Step-parent'),
(238, 'Cierra', 'Auer', '1991-01-14', ' pangender', '047 Saul Ports\nSchaeferstad, DE 43975-1951', '55148-92', '771.753.0189x', 'walter.jazmyne@example.com', 'Employed', 'Partner'),
(239, 'Ignatius', 'Klein', '2022-06-08', 'male', '77198 Jed Islands Apt. 734\nNorth Joanieville, WI 26808', '33597-15', '357-735-8968', 'marshall66@example.org', 'Employed', ' Sibling'),
(240, 'Naomie', 'Quigley', '1979-10-07', ' transgender', '932 Kirstin Way Apt. 604\nBoscochester, UT 32942-7605', '48236', '014-017-7094', 'xtrantow@example.org', 'Employed', 'Step-parent'),
(241, 'Arnulfo', 'Tremblay', '1975-08-11', ' pangender', '38839 Madge Throughway Apt. 844\nNorth Jaime, ID 29800-3351', '39912', '(433)788-8484', 'hunter.lakin@example.com', 'Retired', ' Sibling'),
(242, 'Madeline', 'Price', '1977-03-21', ' two-spirit', '33427 Mafalda Neck\nPatrickfurt, PA 53753', '28151-48', '450-033-0330x', 'parker.garry@example.com', 'Retired', 'Grandparent'),
(243, 'Lenna', 'Hand', '1993-07-26', ' none', '92648 Dicki Crossing Suite 202\nAntoninabury, CA 91854-1391', '81262', '1-924-780-383', 'lstrosin@example.com', 'Part-time', 'Parent'),
(244, 'Ron', 'Nolan', '1975-08-14', ' agender', '449 Steuber Plains Suite 534\nCummeratafurt, NC 14440', '78214-91', '(383)076-4350', 'reid.roberts@example.com', 'Self-employed', 'Step-parent'),
(245, 'Karli', 'Anderson', '2000-11-14', ' third gender', '507 Erika Canyon Apt. 358\nSouth Hailey, CO 50225-6580', '70970-34', '897-215-1799x', 'ritchie.rudy@example.com', 'Retired', 'Parent'),
(246, 'Hobart', 'Dach', '1988-03-04', ' pangender', '46614 Pouros Corners\nKareemburgh, CA 40637', '37448', '1-405-702-072', 'nikki44@example.net', 'Employed', ' Sibling'),
(247, 'Keagan', 'Miller', '1984-02-23', ' gender neutral', '17248 Alvina Turnpike Suite 698\nKundeland, VT 54724-8475', '13303', '+79(0)9695331', 'arlie.beer@example.com', 'Part-time', 'Step-parent'),
(248, 'Vada', 'Williamson', '2003-09-16', ' agender', '707 Schulist Ways\nGorczanymouth, MN 55925-3067', '98228', '1-375-048-687', 'delfina91@example.net', 'Part-time', ' Sibling'),
(249, 'Anjali', 'Monahan', '1982-11-26', ' all', '74107 Kemmer Path Suite 561\nEast Juana, AZ 34048-5872', '68778-73', '(789)114-3282', 'edwina09@example.com', 'Self-employed', 'Partner'),
(250, 'Deon', 'McKenzie', '2005-05-16', ' genderqueer', '073 Tyree Meadow\nMonahanton, WI 09696-7688', '42909-78', '219-614-7300', 'sedrick.rolfson@example.com', 'Self-employed', 'Step-parent');

-- --------------------------------------------------------

--
-- Table structure for table `room`
--

CREATE TABLE `room` (
  `room_id` smallint(10) UNSIGNED NOT NULL,
  `room_type_id` smallint(10) UNSIGNED DEFAULT NULL,
  `building_id` smallint(10) UNSIGNED DEFAULT NULL,
  `room_number` int(3) DEFAULT NULL,
  `monthly_rent` float DEFAULT NULL
) ENGINE=InnoDB DEFAULT CHARSET=utf8mb4;

--
-- Dumping data for table `room`
--

INSERT INTO `room` (`room_id`, `room_type_id`, `building_id`, `room_number`, `monthly_rent`) VALUES
(1, 1, 1, 7, 1089.34),
(2, 2, 2, 247, 873.81),
(3, 3, 3, 135, 300.4),
(4, 4, 4, 77, 985.01),
(5, 5, 5, 83, 1230.35),
(6, 6, 6, 130, 451.26),
(7, 7, 7, 172, 756.67),
(8, 8, 8, 1, 343.8),
(9, 9, 9, 16, 950.67),
(10, 10, 10, 198, 580.45),
(11, 1, 11, 178, 516.24),
(12, 2, 12, 93, 1018.68),
(13, 3, 13, 45, 628.88),
(14, 4, 14, 196, 718.44),
(15, 5, 15, 204, 1182.98),
(16, 6, 16, 25, 620.07),
(17, 7, 17, 53, 311.83),
(18, 8, 18, 63, 562.77),
(19, 9, 19, 102, 977),
(20, 10, 20, 230, 619.35),
(21, 1, 21, 118, 601.58),
(22, 2, 22, 111, 551.03),
(23, 3, 23, 5, 941.62),
(24, 4, 24, 71, 813.54),
(25, 5, 25, 59, 413.68),
(26, 6, 26, 193, 570.31),
(27, 7, 27, 214, 365.22),
(28, 8, 28, 59, 682.58),
(29, 9, 29, 122, 744.45),
(30, 10, 30, 12, 1201.71),
(31, 1, 31, 220, 422.37),
(32, 2, 32, 147, 749.31),
(33, 3, 33, 52, 1075.01),
(34, 4, 34, 50, 480.95),
(35, 5, 35, 205, 668.1),
(36, 6, 36, 27, 971.5),
(37, 7, 37, 35, 423.7),
(38, 8, 38, 191, 1226.87),
(39, 9, 39, 162, 1014.25),
(40, 10, 40, 97, 1103.8),
(41, 1, 41, 246, 1049.97),
(42, 2, 42, 242, 587.61),
(43, 3, 43, 243, 751),
(44, 4, 44, 12, 727.75),
(45, 5, 45, 148, 783.59),
(46, 6, 46, 202, 610.8),
(47, 7, 47, 37, 656.87),
(48, 8, 48, 188, 1064.38),
(49, 9, 49, 29, 347.1),
(50, 10, 50, 243, 1184.98),
(51, 1, 51, 87, 376.49),
(52, 2, 52, 61, 280.57),
(53, 3, 53, 172, 1135.18),
(54, 4, 54, 161, 1178.16),
(55, 5, 55, 137, 1121.38),
(56, 6, 56, 228, 627.86),
(57, 7, 57, 227, 1046.42),
(58, 8, 58, 217, 443.58),
(59, 9, 59, 232, 1175.37),
(60, 10, 60, 188, 1075.32),
(61, 1, 61, 183, 651.13),
(62, 2, 62, 127, 304.92),
(63, 3, 63, 6, 831.84),
(64, 4, 64, 181, 769.02),
(65, 5, 65, 20, 1179.47),
(66, 6, 66, 32, 307.12),
(67, 7, 67, 131, 918.98),
(68, 8, 68, 132, 800.44),
(69, 9, 69, 60, 347.51),
(70, 10, 70, 73, 349.61),
(71, 1, 71, 190, 1197.67),
(72, 2, 72, 158, 748.53),
(73, 3, 73, 69, 986.01),
(74, 4, 74, 152, 292.95),
(75, 5, 75, 102, 1062.41),
(76, 6, 76, 166, 664.07),
(77, 7, 77, 185, 867.78),
(78, 8, 78, 105, 1187.8),
(79, 9, 79, 52, 863.71),
(80, 10, 80, 125, 277.63),
(81, 1, 81, 52, 1142.47),
(82, 2, 82, 131, 1225.72),
(83, 3, 83, 35, 938.5),
(84, 4, 84, 191, 650.32),
(85, 5, 85, 220, 648.26),
(86, 6, 86, 167, 953.93),
(87, 7, 87, 127, 1133.07),
(88, 8, 88, 243, 1037.41),
(89, 9, 89, 7, 1147.25),
(90, 10, 90, 123, 660.03),
(91, 1, 91, 148, 1018.89),
(92, 2, 92, 97, 515.52),
(93, 3, 93, 133, 1003.93),
(94, 4, 94, 65, 266.28),
(95, 5, 95, 178, 274.7),
(96, 6, 96, 96, 1017.52),
(97, 7, 97, 141, 886.81),
(98, 8, 98, 67, 632.81),
(99, 9, 99, 49, 1241.67),
(100, 10, 100, 102, 264.19),
(101, 1, 101, 18, 710.42),
(102, 2, 102, 65, 1061.74),
(103, 3, 103, 100, 922.78),
(104, 4, 104, 246, 597.6),
(105, 5, 105, 139, 612.73),
(106, 6, 106, 162, 1027.08),
(107, 7, 107, 190, 1248.75),
(108, 8, 108, 41, 656.88),
(109, 9, 109, 135, 955.1),
(110, 10, 110, 99, 722.43),
(111, 1, 111, 132, 360.47),
(112, 2, 112, 238, 1139.4),
(113, 3, 113, 56, 1097.39),
(114, 4, 114, 188, 843.39),
(115, 5, 115, 203, 655.3),
(116, 6, 116, 56, 407.73),
(117, 7, 117, 151, 731.21),
(118, 8, 118, 149, 320),
(119, 9, 119, 56, 1087.12),
(120, 10, 120, 63, 377.51),
(121, 1, 121, 108, 474.17),
(122, 2, 122, 21, 932.94),
(123, 3, 123, 149, 441.47),
(124, 4, 124, 192, 348.02),
(125, 5, 125, 178, 299.74),
(126, 6, 126, 17, 1172.03),
(127, 7, 127, 82, 1081.51),
(128, 8, 128, 194, 332.49),
(129, 9, 129, 76, 1218.8),
(130, 10, 130, 223, 487.24),
(131, 1, 131, 219, 397.46),
(132, 2, 132, 188, 847.96),
(133, 3, 133, 112, 1038.64),
(134, 4, 134, 58, 695.59),
(135, 5, 135, 6, 1161.36),
(136, 6, 136, 165, 768.59),
(137, 7, 137, 99, 1131.08),
(138, 8, 138, 171, 975.06),
(139, 9, 139, 136, 875.58),
(140, 10, 140, 247, 1016.87),
(141, 1, 141, 239, 1010.33),
(142, 2, 142, 117, 973.69),
(143, 3, 143, 128, 1244.36),
(144, 4, 144, 232, 482.98),
(145, 5, 145, 136, 285.26),
(146, 6, 146, 7, 833.68),
(147, 7, 147, 98, 1003.21),
(148, 8, 148, 143, 409.42),
(149, 9, 149, 202, 961.29),
(150, 10, 150, 149, 645.21),
(151, 1, 151, 102, 885.23),
(152, 2, 152, 85, 595.71),
(153, 3, 153, 113, 622.12),
(154, 4, 154, 133, 315.7),
(155, 5, 155, 248, 807.36),
(156, 6, 156, 119, 601.65),
(157, 7, 157, 111, 657.16),
(158, 8, 158, 60, 438.17),
(159, 9, 159, 135, 941.41),
(160, 10, 160, 175, 1112.36),
(161, 1, 161, 67, 535.32),
(162, 2, 162, 173, 1083.6),
(163, 3, 163, 66, 811.36),
(164, 4, 164, 164, 1056.21),
(165, 5, 165, 13, 1138.08),
(166, 6, 166, 236, 780.56),
(167, 7, 167, 53, 637.55),
(168, 8, 168, 239, 474.26),
(169, 9, 169, 201, 312.11),
(170, 10, 170, 60, 1002.19),
(171, 1, 171, 111, 485.73),
(172, 2, 172, 44, 1009.48),
(173, 3, 173, 176, 285.6),
(174, 4, 174, 200, 768.89),
(175, 5, 175, 250, 1212.77),
(176, 6, 176, 192, 668.94),
(177, 7, 177, 225, 1001.51),
(178, 8, 178, 67, 558.49),
(179, 9, 179, 212, 566.28),
(180, 10, 180, 32, 322.18),
(181, 1, 181, 209, 299.93),
(182, 2, 182, 165, 534.48),
(183, 3, 183, 182, 944.99),
(184, 4, 184, 59, 645.25),
(185, 5, 185, 218, 1204.01),
(186, 6, 186, 222, 631.09),
(187, 7, 187, 13, 591.41),
(188, 8, 188, 42, 1221.78),
(189, 9, 189, 10, 552.38),
(190, 10, 190, 238, 709.22),
(191, 1, 191, 246, 843.63),
(192, 2, 192, 16, 1217.67),
(193, 3, 193, 221, 880.97),
(194, 4, 194, 133, 756.63),
(195, 5, 195, 155, 443.96),
(196, 6, 196, 75, 476.5),
(197, 7, 197, 171, 998.07),
(198, 8, 198, 183, 590.82),
(199, 9, 199, 153, 509.68),
(200, 10, 200, 110, 1090.96),
(201, 1, 1, 150, 563.36),
(202, 2, 2, 148, 1208.65),
(203, 3, 3, 249, 692.94),
(204, 4, 4, 99, 676.39),
(205, 5, 5, 60, 1084.75),
(206, 6, 6, 126, 1177.4),
(207, 7, 7, 167, 885.25),
(208, 8, 8, 230, 874.14),
(209, 9, 9, 14, 964.61),
(210, 10, 10, 190, 721.48),
(211, 1, 11, 86, 437.78),
(212, 2, 12, 137, 767.41),
(213, 3, 13, 197, 336.71),
(214, 4, 14, 126, 1096.08),
(215, 5, 15, 231, 1061.7),
(216, 6, 16, 192, 1181.39),
(217, 7, 17, 82, 771.89),
(218, 8, 18, 169, 597.12),
(219, 9, 19, 240, 450.95),
(220, 10, 20, 165, 895.35),
(221, 1, 21, 161, 549.76),
(222, 2, 22, 48, 891.17),
(223, 3, 23, 31, 285.9),
(224, 4, 24, 249, 687.43),
(225, 5, 25, 188, 1111.36),
(226, 6, 26, 147, 729.27),
(227, 7, 27, 149, 600),
(228, 8, 28, 147, 1007.56),
(229, 9, 29, 157, 1064.69),
(230, 10, 30, 191, 458.17),
(231, 1, 31, 43, 567.34),
(232, 2, 32, 5, 1141.01),
(233, 3, 33, 121, 691.09),
(234, 4, 34, 211, 881.54),
(235, 5, 35, 169, 345.55),
(236, 6, 36, 21, 1096.35),
(237, 7, 37, 115, 283.64),
(238, 8, 38, 233, 649.3),
(239, 9, 39, 27, 434.44),
(240, 10, 40, 132, 1211.31),
(241, 1, 41, 191, 1205.91),
(242, 2, 42, 233, 1202.97),
(243, 3, 43, 111, 922.2),
(244, 4, 44, 25, 1151.47),
(245, 5, 45, 246, 1183.01),
(246, 6, 46, 2, 655.43),
(247, 7, 47, 76, 451.59),
(248, 8, 48, 163, 417.83),
(249, 9, 49, 160, 1221.38),
(250, 10, 50, 37, 628.55),
(251, 1, 51, 20, 324.74),
(252, 2, 52, 60, 730.53),
(253, 3, 53, 134, 1137.78),
(254, 4, 54, 135, 1049.23),
(255, 5, 55, 171, 706.82),
(256, 6, 56, 192, 438.83),
(257, 7, 57, 126, 436.1),
(258, 8, 58, 82, 340.46),
(259, 9, 59, 192, 706.03),
(260, 10, 60, 116, 359.35),
(261, 1, 61, 17, 1188.8),
(262, 2, 62, 125, 622.02),
(263, 3, 63, 242, 427.92),
(264, 4, 64, 71, 764.33),
(265, 5, 65, 249, 1210.84),
(266, 6, 66, 154, 1238.19),
(267, 7, 67, 106, 993.69),
(268, 8, 68, 40, 844.24),
(269, 9, 69, 237, 1249.16),
(270, 10, 70, 145, 316.16),
(271, 1, 71, 206, 410.82),
(272, 2, 72, 130, 604.85),
(273, 3, 73, 30, 720.07),
(274, 4, 74, 18, 282.3),
(275, 5, 75, 183, 428.22),
(276, 6, 76, 47, 1136.24),
(277, 7, 77, 137, 771.86),
(278, 8, 78, 164, 278.18),
(279, 9, 79, 129, 635.97),
(280, 10, 80, 156, 997.32),
(281, 1, 81, 30, 320.96),
(282, 2, 82, 122, 1080.41),
(283, 3, 83, 200, 430.48),
(284, 4, 84, 222, 1130.07),
(285, 5, 85, 6, 1071.48),
(286, 6, 86, 23, 460.21),
(287, 7, 87, 1, 1137.21),
(288, 8, 88, 177, 1132.72),
(289, 9, 89, 33, 941.39),
(290, 10, 90, 113, 1088.31),
(291, 1, 91, 235, 918.58),
(292, 2, 92, 25, 413.26),
(293, 3, 93, 197, 761.69),
(294, 4, 94, 165, 1034.52),
(295, 5, 95, 84, 999),
(296, 6, 96, 91, 495),
(297, 7, 97, 45, 1011.29),
(298, 8, 98, 219, 989.64),
(299, 9, 99, 234, 452.56),
(300, 10, 100, 160, 814.05),
(301, 1, 101, 76, 747.57),
(302, 2, 102, 2, 663.43),
(303, 3, 103, 43, 826.48),
(304, 4, 104, 204, 1081.76),
(305, 5, 105, 45, 474.03),
(306, 6, 106, 110, 738.91),
(307, 7, 107, 200, 274.44),
(308, 8, 108, 133, 961.29),
(309, 9, 109, 240, 904.82),
(310, 10, 110, 250, 846.08),
(311, 1, 111, 60, 722.48),
(312, 2, 112, 81, 1236.59),
(313, 3, 113, 158, 970.95),
(314, 4, 114, 178, 852.33),
(315, 5, 115, 212, 362.44),
(316, 6, 116, 46, 1099.46),
(317, 7, 117, 192, 524.26),
(318, 8, 118, 12, 316),
(319, 9, 119, 103, 936.86),
(320, 10, 120, 206, 381.22),
(321, 1, 121, 17, 1054.42),
(322, 2, 122, 85, 840.13),
(323, 3, 123, 143, 1134.03),
(324, 4, 124, 155, 826.27),
(325, 5, 125, 218, 501.31),
(326, 6, 126, 92, 876.53),
(327, 7, 127, 54, 1163.33),
(328, 8, 128, 75, 957.02),
(329, 9, 129, 237, 457.63),
(330, 10, 130, 118, 494.62),
(331, 1, 131, 130, 898.27),
(332, 2, 132, 154, 636.06),
(333, 3, 133, 65, 754.87),
(334, 4, 134, 204, 743.74),
(335, 5, 135, 71, 1012.58),
(336, 6, 136, 65, 1242.49),
(337, 7, 137, 134, 1170.04),
(338, 8, 138, 200, 686.18),
(339, 9, 139, 116, 1001.93),
(340, 10, 140, 166, 935.96),
(341, 1, 141, 10, 452.65),
(342, 2, 142, 239, 1172.53),
(343, 3, 143, 189, 974.73),
(344, 4, 144, 130, 457.21),
(345, 5, 145, 145, 459.11),
(346, 6, 146, 225, 591.58),
(347, 7, 147, 88, 934.83),
(348, 8, 148, 38, 598.66),
(349, 9, 149, 116, 741.45),
(350, 10, 150, 202, 526.71),
(351, 1, 151, 232, 675.74),
(352, 2, 152, 100, 697.01),
(353, 3, 153, 60, 634.05),
(354, 4, 154, 104, 1117.9),
(355, 5, 155, 131, 563.59),
(356, 6, 156, 91, 304.03),
(357, 7, 157, 151, 1209.69),
(358, 8, 158, 104, 1078.76),
(359, 9, 159, 154, 680.5),
(360, 10, 160, 242, 954.51),
(361, 1, 161, 235, 372.22),
(362, 2, 162, 121, 1096.27),
(363, 3, 163, 24, 606.04),
(364, 4, 164, 113, 652.51),
(365, 5, 165, 17, 965.28),
(366, 6, 166, 208, 1013.5),
(367, 7, 167, 187, 690.04),
(368, 8, 168, 102, 532.29),
(369, 9, 169, 205, 1156.49),
(370, 10, 170, 194, 1204.38),
(371, 1, 171, 124, 699.11),
(372, 2, 172, 118, 766.3),
(373, 3, 173, 130, 1152.86),
(374, 4, 174, 233, 372.61),
(375, 5, 175, 8, 257.74),
(376, 6, 176, 154, 307.37),
(377, 7, 177, 184, 445.7),
(378, 8, 178, 147, 338.15),
(379, 9, 179, 46, 987.21),
(380, 10, 180, 18, 852.75),
(381, 1, 181, 116, 557.2),
(382, 2, 182, 45, 597.69),
(383, 3, 183, 214, 828.86),
(384, 4, 184, 68, 1179.24),
(385, 5, 185, 172, 926.15),
(386, 6, 186, 196, 659.6),
(387, 7, 187, 65, 455.28),
(388, 8, 188, 38, 658.66),
(389, 9, 189, 142, 354.61),
(390, 10, 190, 168, 1170.34),
(391, 1, 191, 247, 1062.07),
(392, 2, 192, 39, 1153.56),
(393, 3, 193, 80, 921.89),
(394, 4, 194, 128, 453.62),
(395, 5, 195, 122, 634.56),
(396, 6, 196, 14, 648.43),
(397, 7, 197, 128, 773.11),
(398, 8, 198, 30, 451.31),
(399, 9, 199, 214, 930.59),
(400, 10, 200, 122, 427.01),
(401, 1, 1, 161, 756.04),
(402, 2, 2, 223, 702.85),
(403, 3, 3, 180, 650.96),
(404, 4, 4, 239, 840.2),
(405, 5, 5, 45, 332.44),
(406, 6, 6, 241, 645.6),
(407, 7, 7, 89, 753.69),
(408, 8, 8, 42, 933.81),
(409, 9, 9, 26, 467.37),
(410, 10, 10, 28, 514.34),
(411, 1, 11, 117, 555.22),
(412, 2, 12, 20, 769.06),
(413, 3, 13, 202, 1154.65),
(414, 4, 14, 148, 889.4),
(415, 5, 15, 237, 923.89),
(416, 6, 16, 237, 755.29),
(417, 7, 17, 95, 714.69),
(418, 8, 18, 30, 797.21),
(419, 9, 19, 57, 710.08),
(420, 10, 20, 74, 722.88),
(421, 1, 21, 75, 465.03),
(422, 2, 22, 84, 397.22),
(423, 3, 23, 75, 816.03),
(424, 4, 24, 189, 399.24),
(425, 5, 25, 246, 642.08),
(426, 6, 26, 101, 455.35),
(427, 7, 27, 158, 720.8),
(428, 8, 28, 48, 1029.32),
(429, 9, 29, 130, 1060.95),
(430, 10, 30, 82, 787.49),
(431, 1, 31, 246, 1035.46),
(432, 2, 32, 44, 298.12),
(433, 3, 33, 80, 1085.53),
(434, 4, 34, 169, 1204.43),
(435, 5, 35, 215, 594.2),
(436, 6, 36, 82, 358.93),
(437, 7, 37, 61, 908.97),
(438, 8, 38, 108, 491.9),
(439, 9, 39, 48, 1167.15),
(440, 10, 40, 4, 924.64),
(441, 1, 41, 219, 283.34),
(442, 2, 42, 145, 1244.71),
(443, 3, 43, 120, 703.42),
(444, 4, 44, 135, 831.73),
(445, 5, 45, 63, 337.52),
(446, 6, 46, 18, 694.63),
(447, 7, 47, 200, 503.55),
(448, 8, 48, 46, 625.89),
(449, 9, 49, 134, 1242.15),
(450, 10, 50, 153, 329.72),
(451, 1, 51, 152, 636.24),
(452, 2, 52, 57, 587.83),
(453, 3, 53, 246, 774.81),
(454, 4, 54, 120, 640.7),
(455, 5, 55, 202, 379.25),
(456, 6, 56, 172, 966.09),
(457, 7, 57, 187, 459.15),
(458, 8, 58, 128, 904.72),
(459, 9, 59, 237, 858.34),
(460, 10, 60, 139, 959.36),
(461, 1, 61, 168, 704.78),
(462, 2, 62, 128, 1032.88),
(463, 3, 63, 8, 1070.9),
(464, 4, 64, 40, 1011.38),
(465, 5, 65, 187, 1066.97),
(466, 6, 66, 100, 705.84),
(467, 7, 67, 86, 1085.95),
(468, 8, 68, 32, 729.15),
(469, 9, 69, 53, 962.83),
(470, 10, 70, 206, 1068.4),
(471, 1, 71, 7, 952.04),
(472, 2, 72, 168, 769.89),
(473, 3, 73, 189, 864.13),
(474, 4, 74, 102, 499.78),
(475, 5, 75, 117, 1246.03),
(476, 6, 76, 176, 510.46),
(477, 7, 77, 46, 786.13),
(478, 8, 78, 157, 776.09),
(479, 9, 79, 22, 883.98),
(480, 10, 80, 223, 516.42),
(481, 1, 81, 198, 840.17),
(482, 2, 82, 38, 480.83),
(483, 3, 83, 163, 893.3),
(484, 4, 84, 208, 635.52),
(485, 5, 85, 117, 972.37),
(486, 6, 86, 12, 891.78),
(487, 7, 87, 97, 496.75),
(488, 8, 88, 211, 648.57),
(489, 9, 89, 41, 1001.29),
(490, 10, 90, 4, 1052.12),
(491, 1, 91, 131, 355.71),
(492, 2, 92, 78, 1182.59),
(493, 3, 93, 186, 707.1),
(494, 4, 94, 248, 1074.71),
(495, 5, 95, 98, 1187.88),
(496, 6, 96, 101, 543.33),
(497, 7, 97, 91, 802.32),
(498, 8, 98, 223, 974.35),
(499, 9, 99, 64, 362.11),
(500, 10, 100, 158, 478),
(501, 1, 101, 157, 897.39),
(502, 2, 102, 205, 1172.55),
(503, 3, 103, 208, 1110.55),
(504, 4, 104, 10, 425.15),
(505, 5, 105, 147, 892.38),
(506, 6, 106, 222, 966.79),
(507, 7, 107, 215, 1221.35),
(508, 8, 108, 87, 479.67),
(509, 9, 109, 43, 393.52),
(510, 10, 110, 79, 641.62),
(511, 1, 111, 177, 257.14),
(512, 2, 112, 53, 456.79),
(513, 3, 113, 241, 748.08),
(514, 4, 114, 78, 555.24),
(515, 5, 115, 109, 372.24),
(516, 6, 116, 1, 1128.19),
(517, 7, 117, 103, 637.32),
(518, 8, 118, 11, 1005.11),
(519, 9, 119, 162, 790.24),
(520, 10, 120, 202, 798.36),
(521, 1, 121, 39, 1046.7),
(522, 2, 122, 197, 492.25),
(523, 3, 123, 56, 995.62),
(524, 4, 124, 96, 419.18),
(525, 5, 125, 22, 296.1),
(526, 6, 126, 127, 811.91),
(527, 7, 127, 73, 546.09),
(528, 8, 128, 164, 678.09),
(529, 9, 129, 51, 786.3),
(530, 10, 130, 114, 1105.17),
(531, 1, 131, 208, 1074.48),
(532, 2, 132, 34, 754.92),
(533, 3, 133, 54, 819.16),
(534, 4, 134, 169, 865.27),
(535, 5, 135, 24, 500.24),
(536, 6, 136, 220, 912.54),
(537, 7, 137, 27, 893.57),
(538, 8, 138, 196, 897.57),
(539, 9, 139, 70, 833.44),
(540, 10, 140, 138, 1234.42),
(541, 1, 141, 78, 559.62),
(542, 2, 142, 199, 335.29),
(543, 3, 143, 44, 993.07),
(544, 4, 144, 77, 1056.5),
(545, 5, 145, 205, 515.54),
(546, 6, 146, 200, 444.95),
(547, 7, 147, 189, 876.04),
(548, 8, 148, 226, 1079.19),
(549, 9, 149, 73, 1086.07),
(550, 10, 150, 55, 1235.19),
(551, 1, 151, 175, 1059.11),
(552, 2, 152, 174, 339.15),
(553, 3, 153, 243, 1075.03),
(554, 4, 154, 194, 570.12),
(555, 5, 155, 38, 752.95),
(556, 6, 156, 89, 368.77),
(557, 7, 157, 237, 332.52),
(558, 8, 158, 240, 1042.76),
(559, 9, 159, 85, 752.21),
(560, 10, 160, 14, 408.93),
(561, 1, 161, 244, 376.95),
(562, 2, 162, 236, 669.24),
(563, 3, 163, 232, 1157.86),
(564, 4, 164, 141, 697.59),
(565, 5, 165, 101, 958.81),
(566, 6, 166, 102, 308.26),
(567, 7, 167, 239, 1140.25),
(568, 8, 168, 130, 587.28),
(569, 9, 169, 12, 788.84),
(570, 10, 170, 66, 1069.98),
(571, 1, 171, 92, 918.75),
(572, 2, 172, 106, 493.98),
(573, 3, 173, 41, 372.87),
(574, 4, 174, 37, 1071.76),
(575, 5, 175, 47, 616.03),
(576, 6, 176, 64, 812.33),
(577, 7, 177, 63, 785.44),
(578, 8, 178, 101, 722.66),
(579, 9, 179, 242, 442.05),
(580, 10, 180, 59, 305.52),
(581, 1, 181, 13, 612.1),
(582, 2, 182, 92, 342.08),
(583, 3, 183, 66, 1114.23),
(584, 4, 184, 112, 663.47),
(585, 5, 185, 238, 481.35),
(586, 6, 186, 217, 519.34),
(587, 7, 187, 1, 554.78),
(588, 8, 188, 40, 977.63),
(589, 9, 189, 162, 569.71),
(590, 10, 190, 115, 708.8),
(591, 1, 191, 119, 1031.02),
(592, 2, 192, 65, 466.68),
(593, 3, 193, 57, 343.46),
(594, 4, 194, 99, 968.28),
(595, 5, 195, 236, 777.88),
(596, 6, 196, 148, 561.57),
(597, 7, 197, 176, 1103.82),
(598, 8, 198, 235, 959.96),
(599, 9, 199, 113, 390.89),
(600, 10, 200, 208, 886.71),
(601, 1, 1, 149, 729.19),
(602, 2, 2, 70, 512.83),
(603, 3, 3, 76, 341.71),
(604, 4, 4, 219, 372.56),
(605, 5, 5, 184, 1057.43),
(606, 6, 6, 120, 1006.86),
(607, 7, 7, 243, 546.39),
(608, 8, 8, 89, 880.91),
(609, 9, 9, 129, 583.01),
(610, 10, 10, 237, 387.08),
(611, 1, 11, 209, 892.12),
(612, 2, 12, 156, 1174.44),
(613, 3, 13, 4, 1067.19),
(614, 4, 14, 237, 1028.16),
(615, 5, 15, 213, 665),
(616, 6, 16, 211, 1076.47),
(617, 7, 17, 150, 500.14),
(618, 8, 18, 138, 843.52),
(619, 9, 19, 69, 980.62),
(620, 10, 20, 139, 898.74),
(621, 1, 21, 170, 902.54),
(622, 2, 22, 169, 689.22),
(623, 3, 23, 247, 438.42),
(624, 4, 24, 199, 511.27),
(625, 5, 25, 9, 592.39),
(626, 6, 26, 140, 525.44),
(627, 7, 27, 2, 990.96),
(628, 8, 28, 97, 877.75),
(629, 9, 29, 134, 668.19),
(630, 10, 30, 216, 1159.57),
(631, 1, 31, 146, 1085.28),
(632, 2, 32, 125, 446.99),
(633, 3, 33, 111, 508.8),
(634, 4, 34, 151, 988.83),
(635, 5, 35, 55, 317.16),
(636, 6, 36, 232, 696.54),
(637, 7, 37, 244, 647.87),
(638, 8, 38, 192, 911.62),
(639, 9, 39, 133, 705.81),
(640, 10, 40, 119, 561.54),
(641, 1, 41, 150, 1058.39),
(642, 2, 42, 221, 1067.46),
(643, 3, 43, 2, 443.17),
(644, 4, 44, 178, 1201.98),
(645, 5, 45, 86, 367.5),
(646, 6, 46, 233, 514.43),
(647, 7, 47, 174, 330.05),
(648, 8, 48, 249, 618.23),
(649, 9, 49, 100, 1174.74),
(650, 10, 50, 47, 993.55),
(651, 1, 51, 49, 948.26),
(652, 2, 52, 66, 476.4),
(653, 3, 53, 169, 1075.37),
(654, 4, 54, 52, 981.88),
(655, 5, 55, 204, 723.23),
(656, 6, 56, 110, 514.85),
(657, 7, 57, 61, 651.18),
(658, 8, 58, 242, 951.53),
(659, 9, 59, 169, 483.04),
(660, 10, 60, 151, 833.74),
(661, 1, 61, 112, 1159.11),
(662, 2, 62, 11, 632.4),
(663, 3, 63, 145, 954.97),
(664, 4, 64, 66, 1010.42),
(665, 5, 65, 79, 382.64),
(666, 6, 66, 96, 450.47),
(667, 7, 67, 43, 675.87),
(668, 8, 68, 206, 1188.3),
(669, 9, 69, 207, 741.72),
(670, 10, 70, 96, 1163.48),
(671, 1, 71, 102, 414.06),
(672, 2, 72, 214, 920.78),
(673, 3, 73, 157, 887.33),
(674, 4, 74, 203, 568.21),
(675, 5, 75, 246, 706.87),
(676, 6, 76, 91, 938.92),
(677, 7, 77, 114, 754.79),
(678, 8, 78, 5, 463.06),
(679, 9, 79, 134, 523.02),
(680, 10, 80, 164, 894.51),
(681, 1, 81, 166, 407.46),
(682, 2, 82, 32, 1100.93),
(683, 3, 83, 173, 656.27),
(684, 4, 84, 33, 1003.89),
(685, 5, 85, 239, 270.8),
(686, 6, 86, 185, 479.82),
(687, 7, 87, 125, 305.39),
(688, 8, 88, 44, 265.07),
(689, 9, 89, 235, 1017.56),
(690, 10, 90, 173, 828.93),
(691, 1, 91, 167, 1127.13),
(692, 2, 92, 218, 959),
(693, 3, 93, 45, 960.72),
(694, 4, 94, 94, 760.6),
(695, 5, 95, 69, 1189.6),
(696, 6, 96, 44, 1061.82),
(697, 7, 97, 95, 730.36),
(698, 8, 98, 195, 375.28),
(699, 9, 99, 30, 1020.68),
(700, 10, 100, 48, 1204.16),
(701, 1, 101, 153, 304.2),
(702, 2, 102, 49, 1142.6),
(703, 3, 103, 134, 505.04),
(704, 4, 104, 93, 561.57),
(705, 5, 105, 91, 908.7),
(706, 6, 106, 126, 1069.82),
(707, 7, 107, 190, 624.78),
(708, 8, 108, 201, 280.84),
(709, 9, 109, 36, 629.65),
(710, 10, 110, 213, 433.83),
(711, 1, 111, 151, 760.12),
(712, 2, 112, 74, 815.12),
(713, 3, 113, 83, 692.14),
(714, 4, 114, 162, 447.22),
(715, 5, 115, 165, 1233.2),
(716, 6, 116, 220, 1043.96),
(717, 7, 117, 156, 280.41),
(718, 8, 118, 16, 1116.4),
(719, 9, 119, 153, 544.76),
(720, 10, 120, 157, 589.27),
(721, 1, 121, 85, 501.93),
(722, 2, 122, 117, 1189.13),
(723, 3, 123, 2, 286.59),
(724, 4, 124, 197, 777.4),
(725, 5, 125, 13, 799.95),
(726, 6, 126, 159, 612.55),
(727, 7, 127, 11, 387.73),
(728, 8, 128, 64, 304.77),
(729, 9, 129, 87, 987.05),
(730, 10, 130, 65, 840.49),
(731, 1, 131, 211, 601.24),
(732, 2, 132, 205, 599.6),
(733, 3, 133, 200, 1228.4),
(734, 4, 134, 98, 426.46),
(735, 5, 135, 162, 1203.69),
(736, 6, 136, 218, 581.92),
(737, 7, 137, 166, 921.66),
(738, 8, 138, 146, 593.43),
(739, 9, 139, 183, 391.24),
(740, 10, 140, 47, 466.39),
(741, 1, 141, 142, 441.3),
(742, 2, 142, 194, 1146.48),
(743, 3, 143, 245, 1126.18),
(744, 4, 144, 173, 1200.98),
(745, 5, 145, 100, 960.76),
(746, 6, 146, 201, 1106.25),
(747, 7, 147, 241, 616.23),
(748, 8, 148, 99, 673.65),
(749, 9, 149, 249, 414.47),
(750, 10, 150, 53, 1244.83),
(751, 1, 151, 80, 492.27),
(752, 2, 152, 232, 1210.94),
(753, 3, 153, 214, 1170.43),
(754, 4, 154, 250, 610.77),
(755, 5, 155, 242, 1113.75),
(756, 6, 156, 121, 705.88),
(757, 7, 157, 95, 1205.62),
(758, 8, 158, 94, 828.2),
(759, 9, 159, 61, 1187.99),
(760, 10, 160, 107, 936.29),
(761, 1, 161, 191, 858.2),
(762, 2, 162, 217, 1240.33),
(763, 3, 163, 151, 662.5),
(764, 4, 164, 26, 835.61),
(765, 5, 165, 108, 1074.7),
(766, 6, 166, 212, 465.39),
(767, 7, 167, 167, 1182.4),
(768, 8, 168, 80, 418.06),
(769, 9, 169, 208, 480.16),
(770, 10, 170, 162, 446.99),
(771, 1, 171, 240, 750.75),
(772, 2, 172, 56, 1046.26),
(773, 3, 173, 239, 323.52),
(774, 4, 174, 25, 685.59),
(775, 5, 175, 147, 1137.38),
(776, 6, 176, 211, 1066.44),
(777, 7, 177, 117, 1001.56),
(778, 8, 178, 123, 746.21),
(779, 9, 179, 116, 1068.32),
(780, 10, 180, 145, 310.87),
(781, 1, 181, 53, 1133.83),
(782, 2, 182, 215, 438.42),
(783, 3, 183, 134, 252.81),
(784, 4, 184, 92, 577.81),
(785, 5, 185, 26, 608.72),
(786, 6, 186, 38, 528.14),
(787, 7, 187, 227, 768.82),
(788, 8, 188, 89, 497.85),
(789, 9, 189, 42, 919.82),
(790, 10, 190, 45, 443.85),
(791, 1, 191, 1, 688.71),
(792, 2, 192, 140, 623.62),
(793, 3, 193, 186, 396.24),
(794, 4, 194, 239, 666.73),
(795, 5, 195, 136, 538.58),
(796, 6, 196, 221, 263.9),
(797, 7, 197, 74, 777.97),
(798, 8, 198, 174, 634.14),
(799, 9, 199, 150, 459.78),
(800, 10, 200, 229, 1163.56),
(801, 1, 1, 191, 251.73),
(802, 2, 2, 35, 631.38),
(803, 3, 3, 193, 446.84),
(804, 4, 4, 124, 808.52),
(805, 5, 5, 230, 942.74),
(806, 6, 6, 221, 389.44),
(807, 7, 7, 183, 573.52),
(808, 8, 8, 115, 1107.02),
(809, 9, 9, 77, 391.77),
(810, 10, 10, 202, 820.96),
(811, 1, 11, 67, 403.57),
(812, 2, 12, 177, 759.86),
(813, 3, 13, 75, 1126.61),
(814, 4, 14, 3, 1142.54),
(815, 5, 15, 207, 530.78),
(816, 6, 16, 82, 774.53),
(817, 7, 17, 151, 1094.92),
(818, 8, 18, 16, 703.17),
(819, 9, 19, 149, 1199.84),
(820, 10, 20, 212, 319.27),
(821, 1, 21, 222, 451.18),
(822, 2, 22, 161, 724.53),
(823, 3, 23, 212, 450.5),
(824, 4, 24, 226, 1216.53),
(825, 5, 25, 192, 969.7),
(826, 6, 26, 81, 609.86),
(827, 7, 27, 232, 742.92),
(828, 8, 28, 172, 323.13),
(829, 9, 29, 242, 987.82),
(830, 10, 30, 180, 551.27),
(831, 1, 31, 249, 291.19),
(832, 2, 32, 48, 596.34),
(833, 3, 33, 2, 367.19),
(834, 4, 34, 114, 254.44),
(835, 5, 35, 57, 990.12),
(836, 6, 36, 23, 1061.98),
(837, 7, 37, 6, 1077.45),
(838, 8, 38, 99, 1020.03),
(839, 9, 39, 9, 510.37),
(840, 10, 40, 21, 469.75),
(841, 1, 41, 145, 1024.86),
(842, 2, 42, 106, 1168.46),
(843, 3, 43, 84, 1135.82),
(844, 4, 44, 131, 1017.28),
(845, 5, 45, 244, 624.38),
(846, 6, 46, 106, 1199.19),
(847, 7, 47, 98, 636.24),
(848, 8, 48, 62, 630.89),
(849, 9, 49, 78, 891.32),
(850, 10, 50, 230, 843.52),
(851, 1, 51, 103, 407.98),
(852, 2, 52, 219, 467.44),
(853, 3, 53, 3, 1097.7),
(854, 4, 54, 197, 1037.27),
(855, 5, 55, 130, 251.52),
(856, 6, 56, 219, 1220.53),
(857, 7, 57, 66, 1194.11),
(858, 8, 58, 56, 390.62),
(859, 9, 59, 50, 1154.98),
(860, 10, 60, 191, 540.82),
(861, 1, 61, 7, 1020.22),
(862, 2, 62, 236, 323.28),
(863, 3, 63, 8, 1073.94),
(864, 4, 64, 7, 444.44),
(865, 5, 65, 146, 687.76),
(866, 6, 66, 110, 1167.63),
(867, 7, 67, 52, 1086.59),
(868, 8, 68, 106, 450.6),
(869, 9, 69, 26, 1239.92),
(870, 10, 70, 57, 895.21),
(871, 1, 71, 49, 275.91),
(872, 2, 72, 31, 1148.32),
(873, 3, 73, 12, 537.87),
(874, 4, 74, 224, 798.5),
(875, 5, 75, 157, 884.48),
(876, 6, 76, 72, 972.29),
(877, 7, 77, 200, 911.89),
(878, 8, 78, 109, 960.85),
(879, 9, 79, 206, 836.39),
(880, 10, 80, 1, 283.84),
(881, 1, 81, 96, 1208.69),
(882, 2, 82, 183, 551.1),
(883, 3, 83, 80, 1114.26),
(884, 4, 84, 120, 1216.98),
(885, 5, 85, 82, 831.05),
(886, 6, 86, 70, 356.73),
(887, 7, 87, 168, 723.21),
(888, 8, 88, 199, 504.75),
(889, 9, 89, 1, 261.11),
(890, 10, 90, 122, 334.04),
(891, 1, 91, 64, 775.9),
(892, 2, 92, 210, 465.4),
(893, 3, 93, 136, 463.74),
(894, 4, 94, 146, 497.39),
(895, 5, 95, 108, 775.39),
(896, 6, 96, 65, 392.6),
(897, 7, 97, 146, 341.96),
(898, 8, 98, 37, 359.06),
(899, 9, 99, 183, 320.1),
(900, 10, 100, 163, 761.81),
(901, 1, 101, 170, 954.41),
(902, 2, 102, 223, 370.1),
(903, 3, 103, 153, 369.45),
(904, 4, 104, 4, 337.66),
(905, 5, 105, 33, 1099.92),
(906, 6, 106, 226, 285.84),
(907, 7, 107, 34, 1124.77),
(908, 8, 108, 110, 331.92),
(909, 9, 109, 173, 814.35),
(910, 10, 110, 137, 1167.73),
(911, 1, 111, 142, 390.24),
(912, 2, 112, 246, 1005.08),
(913, 3, 113, 139, 322.35),
(914, 4, 114, 5, 791.3),
(915, 5, 115, 211, 822.84),
(916, 6, 116, 57, 423.37),
(917, 7, 117, 22, 572.2),
(918, 8, 118, 184, 1077.02),
(919, 9, 119, 8, 787.77),
(920, 10, 120, 169, 946.24),
(921, 1, 121, 92, 755.58),
(922, 2, 122, 158, 385.7),
(923, 3, 123, 163, 316.52),
(924, 4, 124, 81, 648.83),
(925, 5, 125, 210, 1151.41),
(926, 6, 126, 28, 847),
(927, 7, 127, 121, 529.99),
(928, 8, 128, 231, 794.3),
(929, 9, 129, 144, 316.3),
(930, 10, 130, 101, 357.73),
(931, 1, 131, 52, 747.5),
(932, 2, 132, 240, 431),
(933, 3, 133, 142, 365.91),
(934, 4, 134, 174, 1118.78),
(935, 5, 135, 105, 823.15),
(936, 6, 136, 100, 1094.08),
(937, 7, 137, 169, 1023.42),
(938, 8, 138, 154, 1191.27),
(939, 9, 139, 140, 660.92),
(940, 10, 140, 98, 982.93),
(941, 1, 141, 81, 714.26),
(942, 2, 142, 21, 907.78),
(943, 3, 143, 104, 911.05),
(944, 4, 144, 237, 969.48),
(945, 5, 145, 75, 572.68),
(946, 6, 146, 147, 569.7),
(947, 7, 147, 27, 500.78),
(948, 8, 148, 176, 760.63),
(949, 9, 149, 78, 798.06),
(950, 10, 150, 117, 1225.75),
(951, 1, 151, 162, 929.25),
(952, 2, 152, 154, 534.92),
(953, 3, 153, 16, 709.06),
(954, 4, 154, 108, 308.32),
(955, 5, 155, 78, 1003.51),
(956, 6, 156, 76, 588.25),
(957, 7, 157, 137, 846.91),
(958, 8, 158, 250, 915.63),
(959, 9, 159, 181, 692.18),
(960, 10, 160, 87, 710.75),
(961, 1, 161, 189, 327.17),
(962, 2, 162, 42, 1069.46),
(963, 3, 163, 46, 957.6),
(964, 4, 164, 88, 345.34),
(965, 5, 165, 193, 790.57),
(966, 6, 166, 21, 469.36),
(967, 7, 167, 62, 1109.45),
(968, 8, 168, 176, 1164.52),
(969, 9, 169, 90, 1034.22),
(970, 10, 170, 58, 933.21),
(971, 1, 171, 207, 1005.85),
(972, 2, 172, 243, 415.43),
(973, 3, 173, 62, 927.55),
(974, 4, 174, 194, 390.32),
(975, 5, 175, 120, 982.49),
(976, 6, 176, 35, 1129.22),
(977, 7, 177, 6, 433.3),
(978, 8, 178, 131, 837.77),
(979, 9, 179, 241, 442.88),
(980, 10, 180, 38, 1215.4),
(981, 1, 181, 3, 818.11),
(982, 2, 182, 43, 898.2),
(983, 3, 183, 248, 870.47),
(984, 4, 184, 196, 1132.52),
(985, 5, 185, 213, 1123.41),
(986, 6, 186, 57, 375.57),
(987, 7, 187, 203, 539.15),
(988, 8, 188, 14, 1223.17),
(989, 9, 189, 82, 1120.32),
(990, 10, 190, 96, 276.17),
(991, 1, 191, 15, 468.43),
(992, 2, 192, 97, 1214.08),
(993, 3, 193, 63, 648.73),
(994, 4, 194, 19, 621.69),
(995, 5, 195, 36, 395.3),
(996, 6, 196, 195, 905.88),
(997, 7, 197, 226, 504.96),
(998, 8, 198, 86, 528.27),
(999, 9, 199, 143, 715.53),
(1000, 10, 200, 229, 616.63);

-- --------------------------------------------------------

--
-- Table structure for table `room_type`
--

CREATE TABLE `room_type` (
  `room_type_id` smallint(10) UNSIGNED NOT NULL,
  `room_description` varchar(250) DEFAULT NULL,
  `bed_size` varchar(50) DEFAULT NULL,
  `ensuite` binary(1) DEFAULT NULL
) ENGINE=InnoDB DEFAULT CHARSET=utf8mb4;

--
-- Dumping data for table `room_type`
--

INSERT INTO `room_type` (`room_type_id`, `room_description`, `bed_size`, `ensuite`) VALUES
(1, '6', 'single', 0x00),
(2, '2', 'single', 0x00),
(3, '6', 'queen', 0x00),
(4, '8', 'king', 0x31),
(5, '3', 'king', 0x00),
(6, '1', 'double', 0x31),
(7, '6', 'double', 0x00),
(8, '9', 'single', 0x00),
(9, '6', 'single', 0x31),
(10, '8', 'king', 0x00);

-- --------------------------------------------------------

--
-- Table structure for table `student`
--

CREATE TABLE `student` (
  `student_id` smallint(10) UNSIGNED NOT NULL,
  `next_of_kin_id` smallint(10) UNSIGNED DEFAULT NULL,
  `title` varchar(50) DEFAULT NULL,
  `forename` varchar(50) DEFAULT NULL,
  `surname` varchar(50) DEFAULT NULL,
  `date_of_birth` date DEFAULT NULL,
  `date_enrolled` date DEFAULT NULL,
  `gender` varchar(50) DEFAULT NULL,
  `home_address` varchar(250) DEFAULT NULL,
  `postcode` varchar(8) DEFAULT NULL,
  `contact_number` varchar(13) DEFAULT NULL,
  `personal_email` varchar(50) DEFAULT NULL,
  `university_email` varchar(50) DEFAULT NULL,
  `student_category` varchar(50) DEFAULT NULL,
  `uni_advisor_id` smallint(10) UNSIGNED DEFAULT NULL,
  `current_status` varchar(50) DEFAULT NULL,
  `course_id` smallint(10) UNSIGNED DEFAULT NULL
) ENGINE=InnoDB DEFAULT CHARSET=utf8mb4;

--
-- Dumping data for table `student`
--

INSERT INTO `student` (`student_id`, `next_of_kin_id`, `title`, `forename`, `surname`, `date_of_birth`, `date_enrolled`, `gender`, `home_address`, `postcode`, `contact_number`, `personal_email`, `university_email`, `student_category`, `uni_advisor_id`, `current_status`, `course_id`) VALUES
(1, 1, 'Miss', 'Alva', 'Renner', '1986-12-07', '2004-02-04', ' gender neutral', '996 Jessica Pike Suite 688', '95437', '727-303-2695x', 'alexzander.cartwright@example.org', 'dprice@example.org', 'second-year graduate', 1, 'waiting', 1),
(2, 2, 'Prof.', 'Merritt', 'Morar', '1975-08-30', '2007-11-10', ' female', '0083 Janae Overpass Suite 399', '22737', '759.942.4971x', 'schuster.myrtice@example.org', 'mertz.esperanza@example.net', ' first-year postgrad', 2, 'placed', 2),
(3, 3, 'Miss', 'Ardith', 'Murray', '2004-02-29', '1970-05-03', ' all', '634 Darwin Skyway', '86540', '09639256148', 'philip58@example.com', 'elangosh@example.com', ' third-year graduate', 3, 'waiting', 3),
(4, 4, 'Prof.', 'Deven', 'Brekke', '1989-03-23', '2016-05-21', ' two-spirit', '524 Cierra Club Suite 998', '37662', '575.701.9107x', 'lubowitz.kelsi@example.com', 'muller.alvena@example.net', 'first-year graduate', 4, 'waiting', 4),
(5, 5, 'Prof.', 'Holly', 'Mante', '1976-06-10', '1980-12-31', ' third gender', '8541 Loyal Glen Suite 260', '85511', '387.254.0028', 'greyson93@example.net', 'arvel.stamm@example.net', 'first-year graduate', 5, 'placed', 5),
(6, 6, 'Mr.', 'Josefa', 'Bernhard', '1979-10-04', '1972-02-06', ' transgender', '375 Lubowitz Village Suite 862', '72037', '422.885.2039', 'nicholas67@example.com', 'acronin@example.org', ' third-year graduate', 6, 'placed', 6),
(7, 7, 'Prof.', 'Garnet', 'O\'Keefe', '2014-06-20', '2004-03-04', ' two-spirit', '38887 Billy Ways Apt. 867', '19299', '1-922-535-644', 'janiya.koch@example.net', 'alta.koss@example.net', ' second-year postgrad', 7, 'placed', 7),
(8, 8, 'Prof.', 'Lacey', 'Schowalter', '1976-05-23', '2010-02-26', 'male', '90700 Brown Squares Suite 850', '63993', '(877)517-5118', 'zdenesik@example.org', 'marcel.barton@example.org', ' second-year postgrad', 8, 'placed', 8),
(9, 9, 'Dr.', 'Dock', 'Durgan', '1988-12-29', '2016-12-30', ' none', '08722 Jerde Islands Suite 971', '01539', '(662)840-8724', 'feichmann@example.com', 'ipurdy@example.org', 'first-year graduate', 9, 'placed', 9),
(10, 10, 'Dr.', 'Winifred', 'Okuneva', '1989-03-16', '2014-07-23', ' transgender', '16022 Gerlach Rapid', '83728-21', '05025839508', 'beatty.adam@example.net', 'marian37@example.org', ' third-year graduate', 10, 'waiting', 10),
(11, 11, 'Prof.', 'Blaze', 'Brakus', '2003-02-15', '1996-03-09', ' non-binary', '318 Kassandra Tunnel', '20267', '(133)554-8119', 'mclaughlin.delphia@example.org', 'hayes.ludie@example.com', ' second-year postgrad', 11, 'placed', 11),
(12, 12, 'Prof.', 'Nikko', 'Kuhn', '1981-07-15', '1983-03-07', ' third gender', '16001 Parker Cove', '63614', '1-569-301-990', 'damon.robel@example.net', 'lemuel02@example.org', ' third-year graduate', 12, 'placed', 12),
(13, 13, 'Mr.', 'Carolyn', 'Reilly', '1978-06-17', '2000-04-29', ' none', '338 Tremaine Crescent Apt. 824', '47018-82', '1-422-698-775', 'smith.tony@example.com', 'zetta.corkery@example.net', 'first-year graduate', 13, 'placed', 13),
(14, 14, 'Mr.', 'Pansy', 'O\'Reilly', '2003-04-15', '1981-06-10', ' two-spirit', '20928 Hayes Ways', '12255', '553.348.0587', 'pkunze@example.org', 'jstoltenberg@example.net', 'second-year graduate', 14, 'waiting', 14),
(15, 15, 'Dr.', 'Tyree', 'Schamberger', '1974-01-15', '2008-07-11', ' third gender', '6639 Stiedemann Forest', '34962', '(195)821-8378', 'meghan.lueilwitz@example.net', 'uwisozk@example.com', ' third-year graduate', 15, 'waiting', 15),
(16, 16, 'Mrs.', 'Lera', 'Feeney', '1989-08-31', '2006-11-04', ' gender neutral', '6245 Veum Extension', '76637-75', '1-077-876-774', 'johnston.ransom@example.com', 'fkessler@example.org', ' third-year graduate', 16, 'placed', 16),
(17, 17, 'Dr.', 'Delores', 'Satterfield', '1985-11-03', '1974-04-05', ' pangender', '08809 Terence Plaza', '18948-20', '264.500.3287x', 'jokuneva@example.com', 'beth.simonis@example.net', 'second-year graduate', 17, 'waiting', 17),
(18, 18, 'Prof.', 'Everette', 'Carter', '1976-05-26', '1992-02-01', ' third gender', '4789 Renee Summit Apt. 750', '93545', '364-025-5853', 'frolfson@example.com', 'douglas.mack@example.com', ' third-year graduate', 18, 'waiting', 18),
(19, 19, 'Prof.', 'Nakia', 'Jenkins', '1990-11-17', '2017-04-11', ' none', '2625 Evans Crescent', '88829-58', '(562)925-4272', 'hackett.nayeli@example.com', 'elmira.beer@example.org', ' first-year postgrad', 19, 'placed', 19),
(20, 20, 'Mrs.', 'Godfrey', 'Friesen', '1989-08-15', '1974-04-05', ' none', '83840 Langosh Mill', '60970-38', '126.976.6370', 'howe.chelsey@example.org', 'conrad.spinka@example.net', ' third-year graduate', 20, 'waiting', 20),
(21, 21, 'Mr.', 'Lisa', 'Miller', '2008-08-12', '2022-01-15', ' genderqueer', '47805 Kayleigh Rapid', '50184-26', '1-109-831-566', 'elvie.emard@example.net', 'zlowe@example.com', ' second-year postgrad', 21, 'waiting', 1),
(22, 22, 'Ms.', 'Eddie', 'Collier', '1994-01-22', '1990-01-06', ' two-spirit', '958 Schmidt Fords Suite 923', '84807-47', '(162)100-5178', 'charlotte.armstrong@example.net', 'conroy.greta@example.org', 'first-year graduate', 22, 'waiting', 2),
(23, 23, 'Mr.', 'Chanelle', 'Schaden', '1983-02-03', '1976-02-20', ' non-binary', '80526 Aimee Coves Suite 379', '96633-94', '580.751.6614x', 'swelch@example.net', 'pthiel@example.net', ' first-year postgrad', 23, 'placed', 3),
(24, 24, 'Dr.', 'Trace', 'Blanda', '1991-12-12', '2002-09-27', ' third gender', '388 Aubrey Canyon', '08368', '1-770-569-787', 'kory.daniel@example.org', 'ko\'hara@example.org', 'first-year graduate', 24, 'placed', 4),
(25, 25, 'Prof.', 'Derick', 'Quigley', '1995-12-22', '2021-06-18', ' all', '9518 Angus Valley', '07434', '390.598.7780', 'mtreutel@example.net', 'willa53@example.net', ' third-year graduate', 25, 'waiting', 5),
(26, 26, 'Ms.', 'Billie', 'Kilback', '1999-09-07', '2005-05-21', ' gender neutral', '20209 Wolf Haven Apt. 318', '25064-15', '523.647.8940', 'keagan45@example.net', 'yschneider@example.org', ' third-year graduate', 26, 'placed', 6),
(27, 27, 'Dr.', 'Hal', 'Nikolaus', '2017-10-21', '1975-09-29', ' agender', '0619 Lilyan Hill Suite 638', '30002', '134-308-8048x', 'gmitchell@example.org', 'casimir.pfannerstill@example.com', ' second-year postgrad', 27, 'placed', 7),
(28, 28, 'Prof.', 'Terry', 'Kerluke', '2003-06-07', '2003-05-13', ' non-binary', '31305 Sean Oval', '17713-57', '09743936847', 'magnus.kozey@example.org', 'hiram15@example.com', ' third-year graduate', 28, 'placed', 8),
(29, 29, 'Mrs.', 'Jeff', 'Douglas', '2006-11-03', '2009-02-16', 'male', '27915 Hermann Road Apt. 774', '05570', '107-098-2894x', 'kfahey@example.net', 'savanah26@example.com', ' third-year graduate', 29, 'placed', 9),
(30, 30, 'Mr.', 'Clarabelle', 'Upton', '1972-08-07', '1988-05-17', ' non-binary', '077 Eleonore Streets', '63258', '(520)859-9690', 'greta18@example.net', 'theresia15@example.org', 'first-year graduate', 30, 'placed', 10),
(31, 31, 'Prof.', 'Carmela', 'Reichel', '2022-01-19', '2005-03-23', ' non-binary', '0177 Brigitte Mission', '43423-78', '1-485-619-526', 'mbechtelar@example.net', 'douglas.korey@example.org', 'second-year graduate', 31, 'placed', 11),
(32, 32, 'Prof.', 'Myrtie', 'Wiegand', '2015-05-06', '2017-07-01', ' genderqueer', '8043 Ortiz Forks Suite 985', '28716-45', '351-523-1329', 'qschoen@example.net', 'benton.hamill@example.net', ' second-year postgrad', 32, 'placed', 12),
(33, 33, 'Prof.', 'Rollin', 'Shanahan', '2011-08-15', '1989-02-02', ' pangender', '55298 Carlie Views', '68613-07', '823.478.3548x', 'wframi@example.net', 'catharine.bartell@example.net', ' first-year postgrad', 33, 'placed', 13),
(34, 34, 'Mr.', 'Junius', 'Mraz', '2003-03-02', '2020-10-31', ' pangender', '024 Marjorie Mountain Suite 960', '09213-39', '(465)796-5131', 'christiansen.trever@example.org', 'jay29@example.net', 'first-year graduate', 34, 'waiting', 14),
(35, 35, 'Mrs.', 'Scotty', 'Gutkowski', '1982-10-30', '2008-03-21', ' non-binary', '3215 Ramon Square', '29217', '1-544-377-848', 'kiarra.hettinger@example.net', 'easton.kohler@example.org', ' third-year graduate', 35, 'waiting', 15),
(36, 36, 'Prof.', 'Evie', 'Hintz', '1974-03-29', '1997-04-12', ' transgender', '35786 Sawayn Ports', '35476', '065.833.8732', 'wiza.kariane@example.org', 'efadel@example.com', ' second-year postgrad', 36, 'placed', 16),
(37, 37, 'Dr.', 'Nathaniel', 'King', '1989-10-11', '1980-12-30', ' two-spirit', '02885 Renee Expressway', '92938', '755.940.2490', 'markus.wisoky@example.com', 'mckenzie.jennie@example.com', ' third-year graduate', 37, 'waiting', 17),
(38, 38, 'Miss', 'Zita', 'Hauck', '2000-02-21', '1993-02-18', ' none', '495 King Greens Suite 390', '94809-58', '1-099-890-727', 'millie42@example.org', 'adams.delphine@example.org', 'first-year graduate', 38, 'placed', 18),
(39, 39, 'Dr.', 'Darby', 'Robel', '1975-12-25', '1977-08-03', ' non-binary', '10808 Homenick Mission Suite 918', '43029', '1-732-092-947', 'caleigh.osinski@example.com', 'bheathcote@example.org', 'first-year graduate', 39, 'waiting', 19),
(40, 40, 'Dr.', 'Evie', 'Pouros', '1999-01-13', '2019-08-15', ' pangender', '69853 Monica Plain Suite 572', '30484', '(011)330-2555', 'zieme.emmalee@example.com', 'mcglynn.sabryna@example.org', ' third-year graduate', 40, 'placed', 20),
(41, 41, 'Prof.', 'Deontae', 'Johns', '1971-08-17', '1974-09-27', ' agender', '3380 Ross Valley Apt. 349', '92750-50', '1-287-657-021', 'maudie34@example.net', 'sabrina.murphy@example.com', 'second-year graduate', 41, 'placed', 1),
(42, 42, 'Miss', 'Destany', 'Hahn', '2019-10-19', '1975-08-14', ' female', '31174 Kautzer Crescent', '38062-86', '223.599.9000x', 'abdiel48@example.com', 'qklein@example.org', ' third-year graduate', 42, 'placed', 2),
(43, 43, 'Prof.', 'Alessandra', 'Altenwerth', '1975-04-10', '2020-03-19', ' pangender', '29492 McGlynn Groves', '75694', '618.594.7838x', 'darwin93@example.net', 'ncarroll@example.org', ' second-year postgrad', 43, 'placed', 3),
(44, 44, 'Prof.', 'Deshaun', 'Grant', '1986-11-21', '1971-03-22', ' transgender', '28750 Haley Lakes', '96099', '(459)635-1875', 'erdman.beaulah@example.org', 'jrowe@example.com', ' first-year postgrad', 44, 'waiting', 4),
(45, 45, 'Mrs.', 'Derick', 'Effertz', '1990-10-27', '2020-02-01', ' pangender', '8314 Yoshiko Creek', '33712-65', '369-143-4856x', 'twilderman@example.com', 'vschuppe@example.com', ' third-year graduate', 45, 'placed', 5),
(46, 46, 'Dr.', 'Jordane', 'Hills', '1971-03-04', '1978-08-07', ' none', '2168 Deja Turnpike Suite 347', '04160', '1-576-118-421', 'lang.itzel@example.com', 'sbode@example.org', 'second-year graduate', 46, 'waiting', 6),
(47, 47, 'Miss', 'Alphonso', 'Bartoletti', '1985-06-24', '1983-03-08', ' gender neutral', '5330 Litzy Camp', '68794-20', '1-976-109-542', 'baumbach.kennith@example.org', 'hollis.schimmel@example.org', ' third-year graduate', 47, 'waiting', 7),
(48, 48, 'Miss', 'Myrtie', 'Ziemann', '2022-02-25', '1991-07-05', ' female', '0987 Gaylord Forks Suite 443', '04942', '052-395-6516x', 'ward.tod@example.net', 'alfredo.farrell@example.net', 'second-year graduate', 48, 'waiting', 8),
(49, 49, 'Mr.', 'Curt', 'Trantow', '2003-04-19', '2013-07-08', ' none', '428 Madeline Stream', '45304', '+81(1)1423769', 'watsica.ebony@example.com', 'ritchie.loren@example.net', ' third-year graduate', 49, 'waiting', 9),
(50, 50, 'Mrs.', 'Estel', 'Brakus', '1987-03-08', '1982-09-25', ' female', '47262 VonRueden Islands', '49741', '250.794.4400', 'coby.lemke@example.net', 'agnes57@example.com', 'second-year graduate', 50, 'placed', 10),
(51, 51, 'Prof.', 'Otilia', 'Nolan', '2001-01-18', '1971-09-09', ' none', '2359 Boehm Trail', '64739-19', '365-569-5854x', 'o\'conner.zaria@example.net', 'eloise.bayer@example.com', ' third-year graduate', 51, 'waiting', 11),
(52, 52, 'Mr.', 'Samanta', 'Walter', '2003-07-04', '1999-07-27', ' two-spirit', '5415 Kerluke Flats', '89127-43', '(925)243-0584', 'patience90@example.org', 'qwitting@example.net', ' first-year postgrad', 52, 'placed', 12),
(53, 53, 'Miss', 'Kristopher', 'Sanford', '1973-02-18', '1973-10-28', ' agender', '91641 Lela Field', '76119', '457.099.9965', 'bgutmann@example.net', 'qgraham@example.org', 'first-year graduate', 53, 'waiting', 13),
(54, 54, 'Mr.', 'Jerald', 'Koelpin', '1999-10-24', '1986-11-21', ' transgender', '3948 Dedrick Row Apt. 036', '85360-20', '530.930.5063x', 'jonathon.gibson@example.net', 'paucek.nikki@example.com', ' first-year postgrad', 54, 'placed', 14),
(55, 55, 'Dr.', 'Trycia', 'Haag', '1998-10-26', '2020-11-07', ' third gender', '0549 Aric Port', '76911', '559-070-8031x', 'cornell.schroeder@example.net', 'mosciski.adolf@example.com', 'second-year graduate', 55, 'placed', 15),
(56, 56, 'Mrs.', 'Madie', 'Yost', '2013-08-16', '1990-07-10', ' third gender', '10846 Smitham Valley Apt. 539', '07662', '782.559.3878', 'edmond.tillman@example.net', 'ehuel@example.org', 'second-year graduate', 56, 'waiting', 16),
(57, 57, 'Miss', 'Aileen', 'Herzog', '1998-07-02', '2013-08-04', ' non-binary', '368 Williamson Expressway', '53787', '1-380-030-540', 'zboncak.cassandra@example.org', 'murazik.maggie@example.org', 'first-year graduate', 57, 'placed', 17),
(58, 58, 'Mrs.', 'Lucio', 'Feeney', '1994-06-03', '1991-08-15', ' none', '78461 Dayana Mews', '94560', '(893)663-8729', 'torp.tyreek@example.org', 'clementine63@example.com', ' second-year postgrad', 58, 'placed', 18),
(59, 59, 'Mrs.', 'Rhianna', 'Schoen', '2013-06-12', '2018-03-06', ' genderqueer', '624 Sporer Falls Suite 944', '35078-90', '03463317999', 'teagan.osinski@example.com', 'fleffler@example.net', 'first-year graduate', 59, 'waiting', 19),
(60, 60, 'Prof.', 'Vladimir', 'Will', '1983-06-29', '2000-03-26', ' agender', '901 Erich Grove', '75738', '03018438376', 'beahan.maryjane@example.net', 'lenna.powlowski@example.net', 'second-year graduate', 60, 'waiting', 20),
(61, 61, 'Ms.', 'Timmothy', 'Bailey', '2020-06-20', '2019-01-21', ' non-binary', '1592 Quigley Alley Apt. 426', '18547', '1-124-280-437', 'lang.john@example.net', 'nwatsica@example.org', ' third-year graduate', 61, 'waiting', 1),
(62, 62, 'Dr.', 'Retta', 'Raynor', '2008-12-10', '1986-10-05', ' agender', '8898 Nia Court Apt. 756', '48846-54', '05046571092', 'hammes.johanna@example.com', 'kmoore@example.com', ' first-year postgrad', 62, 'waiting', 2),
(63, 63, 'Dr.', 'Eldora', 'Aufderhar', '1992-01-12', '2013-04-29', ' gender neutral', '320 Effertz Centers Suite 449', '33730-80', '644.918.4254x', 'robert88@example.com', 'barrows.brenden@example.com', ' second-year postgrad', 63, 'waiting', 3),
(64, 64, 'Mr.', 'Florine', 'Ondricka', '1976-10-24', '2006-12-17', ' two-spirit', '619 Sipes Summit', '53171-15', '270.287.6378', 'willow44@example.net', 'dylan80@example.net', 'second-year graduate', 64, 'placed', 4),
(65, 65, 'Mr.', 'Nicolette', 'Tillman', '2000-09-15', '1993-11-26', ' all', '0104 Feil Wall', '51546', '1-781-273-083', 'kirlin.carlos@example.org', 'eheller@example.com', 'first-year graduate', 65, 'waiting', 5),
(66, 66, 'Dr.', 'Makenzie', 'Ledner', '1989-01-13', '1982-08-25', ' third gender', '548 Mitchell Landing', '22049-82', '380.451.8251x', 'makenzie.mayer@example.org', 'friesen.citlalli@example.net', ' first-year postgrad', 66, 'waiting', 6),
(67, 67, 'Mr.', 'Kenna', 'Hettinger', '2014-05-06', '2002-07-21', ' genderqueer', '06137 Yvonne Key', '45610-85', '(115)613-5477', 'nschiller@example.net', 'marquis.schmeler@example.net', ' second-year postgrad', 67, 'waiting', 7),
(68, 68, 'Prof.', 'Graciela', 'Wolf', '1989-10-24', '2000-02-10', ' gender neutral', '902 Raymond Spur', '35877-53', '(443)150-7288', 'earl.ziemann@example.com', 'gibson.cathryn@example.net', 'first-year graduate', 68, 'placed', 8),
(69, 69, 'Prof.', 'Cathrine', 'Mills', '1980-03-05', '2017-08-31', ' none', '380 Streich Park', '45753-21', '+07(5)2593596', 'gmayer@example.com', 'lindgren.annette@example.org', 'first-year graduate', 69, 'placed', 9),
(70, 70, 'Miss', 'Eveline', 'Skiles', '1978-10-29', '1984-08-18', ' female', '678 Carissa Stravenue', '40939-47', '07442596988', 'christiansen.carson@example.net', 'denesik.destinee@example.net', 'first-year graduate', 70, 'placed', 10),
(71, 71, 'Mrs.', 'Ruthe', 'Morissette', '2001-07-09', '1984-03-03', ' agender', '726 Bryana Park', '42861-91', '1-621-839-440', 'bogan.don@example.org', 'keeling.nestor@example.org', ' first-year postgrad', 71, 'placed', 11),
(72, 72, 'Mr.', 'Eda', 'Bernier', '1982-07-07', '2019-11-05', ' non-binary', '03802 Quitzon Square', '79926', '576-488-9405x', 'zjerde@example.com', 'nicolas.donald@example.org', ' first-year postgrad', 72, 'placed', 12),
(73, 73, 'Dr.', 'Vern', 'Wilkinson', '2004-08-16', '1995-09-23', ' gender neutral', '5070 Jo Terrace', '76735-73', '07326758983', 'lizeth.blanda@example.com', 'winfield45@example.com', ' first-year postgrad', 73, 'waiting', 13),
(74, 74, 'Dr.', 'Jameson', 'Schinner', '1970-08-21', '1975-07-21', ' gender neutral', '14911 Karen Curve', '69947-92', '350.385.0949x', 'bd\'amore@example.net', 'cullen06@example.org', ' first-year postgrad', 74, 'waiting', 14),
(75, 75, 'Dr.', 'Sandra', 'Baumbach', '1988-01-18', '2020-10-04', ' agender', '39676 Norene Field Apt. 196', '66108-81', '1-329-670-793', 'everett25@example.net', 'fbeahan@example.org', ' third-year graduate', 75, 'placed', 15),
(76, 76, 'Prof.', 'Quentin', 'Wyman', '2016-12-11', '1986-05-08', ' none', '5331 Yundt Corners Apt. 501', '58771', '893.406.1746', 'syble76@example.com', 'woodrow.beatty@example.com', ' second-year postgrad', 76, 'waiting', 16),
(77, 77, 'Dr.', 'Bernadette', 'Borer', '1992-12-03', '1995-11-20', ' gender neutral', '2977 Anastasia Ports', '26375-96', '(620)075-1897', 'elnora68@example.net', 'mcdermott.brianne@example.net', 'second-year graduate', 77, 'waiting', 17),
(78, 78, 'Mr.', 'Lucy', 'McKenzie', '2004-01-17', '1984-05-12', ' genderqueer', '6338 Walsh Green', '73687', '362.434.9374', 'savanna51@example.com', 'beaulah38@example.com', ' third-year graduate', 78, 'waiting', 18),
(79, 79, 'Prof.', 'Kamille', 'Nader', '1996-09-12', '2022-06-21', ' none', '8919 Vallie Parkway Suite 833', '53310-05', '940.992.3150x', 'mason.mcglynn@example.org', 'ischaefer@example.net', ' second-year postgrad', 79, 'waiting', 19),
(80, 80, 'Mrs.', 'Mike', 'Jakubowski', '1998-06-12', '2016-02-20', ' agender', '87654 Kuvalis Field Suite 906', '58753', '398-693-6880x', 'wmonahan@example.net', 'zcummerata@example.org', ' first-year postgrad', 80, 'waiting', 20),
(81, 81, 'Ms.', 'Eliza', 'Raynor', '2021-09-05', '1980-01-31', ' female', '30980 Verlie Vista Suite 010', '66868-08', '836.908.5180x', 'sanford.earnest@example.org', 'pagac.noah@example.org', 'first-year graduate', 81, 'placed', 1),
(82, 82, 'Prof.', 'Natalie', 'Schumm', '1997-10-23', '2010-08-07', ' agender', '50899 Ronny Camp Apt. 101', '61914', '+60(9)6454525', 'auer.odell@example.net', 'omclaughlin@example.net', ' second-year postgrad', 82, 'placed', 2),
(83, 83, 'Miss', 'Hailey', 'Sporer', '1976-05-08', '2014-12-17', ' two-spirit', '63380 Sanford Landing Suite 025', '80592-25', '+34(7)1330326', 'lillie01@example.org', 'elesch@example.org', 'first-year graduate', 83, 'placed', 3),
(84, 84, 'Dr.', 'Veronica', 'Barrows', '2020-04-23', '1989-05-21', ' non-binary', '15739 Kilback Greens', '24206-78', '(839)146-3448', 'jayde63@example.net', 'verla.kohler@example.org', ' second-year postgrad', 84, 'waiting', 4),
(85, 85, 'Dr.', 'Delphine', 'Gottlieb', '1990-04-05', '2000-07-22', ' all', '94406 Sandy Villages', '28769-52', '031.643.1596x', 'ksawayn@example.net', 'william40@example.org', 'first-year graduate', 85, 'waiting', 5),
(86, 86, 'Mrs.', 'Haskell', 'Schuster', '1994-02-11', '1975-11-14', ' gender neutral', '5061 Russell Courts Apt. 668', '42456', '1-593-860-261', 'russel36@example.org', 'wendy70@example.org', ' third-year graduate', 86, 'waiting', 6),
(87, 87, 'Mr.', 'Fiona', 'Okuneva', '1999-05-01', '1998-09-05', ' none', '1279 Fay Islands', '91482-56', '+23(9)5809756', 'bfarrell@example.org', 'jailyn63@example.com', 'second-year graduate', 87, 'placed', 7),
(88, 88, 'Mr.', 'Clifford', 'Beer', '2014-05-14', '2017-12-06', ' pangender', '001 Roob Stravenue Suite 923', '92999', '825.965.7391x', 'ullrich.kamryn@example.org', 'adella31@example.org', 'first-year graduate', 88, 'waiting', 8),
(89, 89, 'Mrs.', 'Kelli', 'Greenfelder', '2012-08-21', '2020-09-16', ' genderqueer', '46524 Elroy Lock Apt. 233', '94045-25', '(956)740-4328', 'lee17@example.net', 'nboyer@example.com', ' third-year graduate', 89, 'waiting', 9),
(90, 90, 'Dr.', 'Josue', 'Harvey', '1978-01-27', '2002-02-17', ' gender neutral', '652 Erdman Stream Apt. 773', '00013-93', '+35(4)4829117', 'hessel.jimmy@example.org', 'schowalter.concepcion@example.org', ' third-year graduate', 90, 'placed', 10),
(91, 91, 'Dr.', 'Amya', 'VonRueden', '1999-11-19', '1998-01-26', 'male', '3212 Blake Points', '05022-78', '835.443.0641x', 'damaris74@example.net', 'francesca73@example.org', 'second-year graduate', 91, 'waiting', 11),
(92, 92, 'Mrs.', 'Barrett', 'Cartwright', '2010-09-06', '2011-09-18', 'male', '8382 Durgan Avenue Suite 315', '19202', '319-912-7456', 'wilderman.dena@example.net', 'salvatore00@example.net', ' third-year graduate', 92, 'placed', 12),
(93, 93, 'Mrs.', 'Stephen', 'Hagenes', '1978-12-17', '1999-05-06', 'male', '86137 Wyatt Causeway Suite 784', '20663-55', '07635790757', 'letitia.dickens@example.net', 'darren19@example.org', 'second-year graduate', 93, 'placed', 13),
(94, 94, 'Prof.', 'Lucius', 'Lehner', '1983-10-02', '1997-09-18', ' two-spirit', '1775 Meggie Rapids Apt. 242', '29796-55', '329-698-0142x', 'mathilde.tromp@example.net', 'golda.mraz@example.net', ' second-year postgrad', 94, 'placed', 14),
(95, 95, 'Mr.', 'Brenda', 'Champlin', '1985-11-23', '1982-12-19', ' third gender', '8736 Wolf Course Suite 543', '34872-06', '(504)396-2879', 'arne.hyatt@example.org', 'isauer@example.org', 'second-year graduate', 95, 'waiting', 15),
(96, 96, 'Prof.', 'Gisselle', 'Cremin', '2003-04-18', '2006-12-04', ' third gender', '4308 Kertzmann Springs', '79902-94', '834-277-4392x', 'dawson50@example.net', 'heaney.donavon@example.org', ' first-year postgrad', 96, 'waiting', 16),
(97, 97, 'Mr.', 'Rafaela', 'Parker', '1981-06-16', '2012-02-10', ' all', '871 Chasity Avenue', '01039', '494.503.8124x', 'jschinner@example.net', 'jermaine.skiles@example.com', ' third-year graduate', 97, 'placed', 17),
(98, 98, 'Dr.', 'Adaline', 'Lubowitz', '1984-02-13', '2009-11-09', ' female', '6381 Hoyt Camp Suite 674', '51349-33', '256-803-3485', 'ao\'hara@example.com', 'cparker@example.com', ' first-year postgrad', 98, 'placed', 18),
(99, 99, 'Dr.', 'Quinton', 'Johnston', '1974-09-15', '2007-08-27', ' non-binary', '80505 Ubaldo Wells', '69394-42', '126-303-0919x', 'wiza.heath@example.com', 'marvin.retta@example.com', ' first-year postgrad', 99, 'waiting', 19),
(100, 100, 'Dr.', 'Brycen', 'Rolfson', '1975-05-12', '2008-04-23', ' two-spirit', '691 Lang Drive', '67543', '(520)788-7000', 'tremayne04@example.com', 'broderick78@example.net', ' third-year graduate', 100, 'placed', 20),
(101, 101, 'Prof.', 'Silas', 'Feil', '1991-01-11', '2016-02-26', ' pangender', '0534 Bonnie Manors', '21952', '493.179.9458', 'dcormier@example.net', 'evie15@example.net', ' first-year postgrad', 1, 'placed', 1),
(102, 102, 'Mr.', 'Hunter', 'Stark', '1993-02-26', '1989-04-04', ' gender neutral', '74152 Monica Landing Suite 213', '20004-07', '836.824.5448', 'gbauch@example.com', 'vwhite@example.org', ' third-year graduate', 2, 'placed', 2),
(103, 103, 'Mrs.', 'Porter', 'Feest', '2002-10-20', '2018-10-08', ' female', '591 Ritchie Hollow', '95456-78', '113-555-2277x', 'katrine10@example.net', 'ikerluke@example.org', 'first-year graduate', 3, 'waiting', 3),
(104, 104, 'Mr.', 'Anderson', 'Larson', '2001-06-16', '1974-02-13', ' female', '00734 Rice View', '78423-11', '(316)631-6635', 'koepp.jackson@example.com', 'murray.carey@example.org', ' second-year postgrad', 4, 'waiting', 4),
(105, 105, 'Prof.', 'Kiley', 'Nikolaus', '1996-10-03', '2021-02-26', ' agender', '018 Leonard Mission', '93471', '872.544.7228', 'jo84@example.net', 'nicholas91@example.com', 'second-year graduate', 5, 'waiting', 5),
(106, 106, 'Miss', 'Okey', 'Rice', '2018-07-05', '2007-05-15', ' two-spirit', '2730 Torp Glens', '04373', '(060)087-5393', 'glenna.koch@example.org', 'oheathcote@example.com', ' second-year postgrad', 6, 'waiting', 6),
(107, 107, 'Dr.', 'Pink', 'Nitzsche', '1987-09-20', '1970-12-29', ' pangender', '9754 Josefina Place Suite 161', '18401-24', '277-103-9117x', 'armando75@example.com', 'isabell88@example.org', 'second-year graduate', 7, 'waiting', 7),
(108, 108, 'Prof.', 'Lucio', 'Torp', '1999-11-25', '2018-05-30', ' transgender', '9599 Waters Haven', '88131-88', '01924107439', 'ahermann@example.net', 'zelda63@example.net', 'second-year graduate', 8, 'placed', 8),
(109, 109, 'Prof.', 'Davin', 'Schroeder', '1989-10-04', '1993-03-01', ' transgender', '7544 Benjamin Bypass Suite 564', '53843', '193-885-8635', 'gordon.hudson@example.net', 'lura.eichmann@example.org', ' third-year graduate', 9, 'waiting', 9),
(110, 110, 'Mrs.', 'Columbus', 'Hodkiewicz', '1994-10-17', '1976-02-15', ' all', '9029 Crist Mission Suite 344', '44676', '206.405.3289', 'ywillms@example.net', 'waelchi.julia@example.net', 'first-year graduate', 10, 'waiting', 10),
(111, 111, 'Miss', 'Gerry', 'Wintheiser', '2018-07-28', '2003-07-06', ' female', '56447 Beier Bridge Apt. 732', '68600', '+74(8)9486097', 'rodriguez.karley@example.net', 'qblanda@example.org', ' third-year graduate', 11, 'placed', 11),
(112, 112, 'Miss', 'Ozella', 'Larson', '2000-11-02', '2017-03-27', ' gender neutral', '283 Chelsie Turnpike Suite 884', '54777', '542.467.5388', 'payton88@example.com', 'herzog.jack@example.net', ' second-year postgrad', 12, 'placed', 12),
(113, 113, 'Mrs.', 'Ruby', 'Keeling', '2016-07-22', '2008-10-24', ' all', '7551 Weissnat Spring', '85299', '183-725-4463', 'volkman.augusta@example.org', 'xankunding@example.com', ' third-year graduate', 13, 'waiting', 13),
(114, 114, 'Dr.', 'Kellie', 'Stokes', '1975-01-19', '2010-10-23', ' transgender', '01770 Wilkinson Ports Apt. 189', '37266', '+87(0)8476442', 'darius.bauch@example.com', 'efren.howell@example.com', ' third-year graduate', 14, 'placed', 14),
(115, 115, 'Dr.', 'Urban', 'Stokes', '1980-03-22', '1970-01-17', ' female', '28280 Wolf Fords', '12493', '046-818-0478', 'dean.gerlach@example.com', 'murray.joannie@example.com', 'first-year graduate', 15, 'waiting', 15),
(116, 116, 'Mr.', 'Dustin', 'Hermiston', '1994-01-19', '2020-05-22', ' genderqueer', '901 Karl Unions Apt. 281', '36304-48', '(669)851-0968', 'wkshlerin@example.net', 'anderson.marks@example.org', ' third-year graduate', 16, 'placed', 16),
(117, 117, 'Miss', 'Vito', 'Tillman', '1970-08-12', '1990-12-25', ' third gender', '62759 Kraig Keys Suite 406', '02682', '1-777-073-081', 'king.harris@example.com', 'larson.karen@example.org', 'second-year graduate', 17, 'waiting', 17),
(118, 118, 'Prof.', 'Lambert', 'Ziemann', '1975-06-24', '2006-12-08', ' female', '3871 Jordy Plains', '40224', '767.850.7664x', 'laisha06@example.com', 'cgerlach@example.com', ' third-year graduate', 18, 'placed', 18),
(119, 119, 'Dr.', 'Zane', 'Senger', '2014-11-28', '1975-05-09', ' transgender', '462 Kihn Drive Suite 382', '32362-26', '823.321.2578', 'dixie68@example.com', 'hrussel@example.net', 'second-year graduate', 19, 'waiting', 19),
(120, 120, 'Miss', 'Frederique', 'Cartwright', '2001-09-30', '2017-08-04', ' all', '78934 Stroman Divide Suite 083', '14568', '310.933.5784', 'orobel@example.com', 'tmills@example.org', ' third-year graduate', 20, 'waiting', 20),
(121, 121, 'Miss', 'Garret', 'Feil', '1996-07-26', '2021-10-31', ' pangender', '67397 O\'Connell Rue', '44987-94', '038-729-2611x', 'schumm.alfonzo@example.org', 'qdavis@example.com', ' first-year postgrad', 21, 'placed', 1),
(122, 122, 'Miss', 'Nadia', 'Batz', '2021-03-21', '2013-01-29', ' none', '7771 Toy Extensions', '68609-51', '291-427-9964x', 'vjacobson@example.net', 'johnson.marjory@example.com', 'first-year graduate', 22, 'placed', 2),
(123, 123, 'Prof.', 'Jackeline', 'Vandervort', '1986-08-24', '2019-03-01', ' female', '2639 Martin Causeway Suite 157', '57636', '029.127.9838', 'ada08@example.org', 'garth05@example.net', ' second-year postgrad', 23, 'placed', 3),
(124, 124, 'Miss', 'Cloyd', 'Parisian', '1972-06-21', '1997-07-01', ' genderqueer', '09058 Conn Mission', '62034-21', '1-245-136-686', 'zulauf.zander@example.com', 'eunice.lueilwitz@example.com', ' third-year graduate', 24, 'waiting', 4),
(125, 125, 'Prof.', 'Yasmeen', 'Feil', '2015-05-28', '2009-05-17', 'male', '71784 Stoltenberg Island', '75563-18', '+39(6)0627905', 'blaze80@example.net', 'co\'connell@example.com', ' third-year graduate', 25, 'placed', 5),
(126, 126, 'Prof.', 'Sierra', 'Schaefer', '1990-11-30', '1989-07-13', ' all', '51007 Howell Hills Apt. 379', '21273-79', '(910)651-0406', 'astrid89@example.net', 'eldridge43@example.net', ' second-year postgrad', 26, 'waiting', 6),
(127, 127, 'Mrs.', 'Emery', 'Kilback', '1991-10-05', '1982-08-11', ' transgender', '7895 Domenico Shore Apt. 772', '32364', '1-958-817-185', 'christ89@example.org', 'karine86@example.org', ' third-year graduate', 27, 'placed', 7),
(128, 128, 'Prof.', 'Sydni', 'Cronin', '1996-12-24', '2008-12-17', ' none', '60606 Ettie Street', '06083', '1-231-999-474', 'dianna66@example.org', 'heidenreich.kailee@example.org', ' third-year graduate', 28, 'placed', 8),
(129, 129, 'Dr.', 'Sonia', 'Ferry', '1982-01-21', '2014-12-13', ' female', '1133 Ron Square Suite 364', '01214', '251.031.1784x', 'borer.joyce@example.com', 'trantow.marshall@example.org', 'first-year graduate', 29, 'waiting', 9),
(130, 130, 'Mr.', 'Arianna', 'Walter', '2016-12-17', '1986-10-09', ' pangender', '6868 Fahey Court Apt. 857', '43502-31', '(885)383-2553', 'carlie70@example.net', 'sonny05@example.net', 'second-year graduate', 30, 'waiting', 10),
(131, 131, 'Miss', 'Luis', 'Bartell', '1977-06-07', '1978-05-13', ' none', '44568 Alyce Parkways Suite 076', '89208-99', '07810436244', 'okilback@example.net', 'stark.arden@example.com', ' second-year postgrad', 31, 'placed', 11),
(132, 132, 'Dr.', 'Turner', 'O\'Reilly', '1977-07-23', '1981-01-12', ' genderqueer', '252 Dibbert Trail', '51453-14', '214-184-1565x', 'marta.bauch@example.com', 'pbruen@example.com', ' second-year postgrad', 32, 'waiting', 12),
(133, 133, 'Dr.', 'Mathilde', 'Heaney', '1999-01-31', '2014-01-13', ' agender', '37094 Batz Flats', '98208', '483.550.1229x', 'stoltenberg.nigel@example.com', 'hilll.dylan@example.net', ' first-year postgrad', 33, 'waiting', 13),
(134, 134, 'Prof.', 'Marilou', 'Hackett', '1977-02-02', '2013-11-18', ' non-binary', '142 Heaney Court Suite 431', '26075-81', '949.483.7678', 'lisette.marks@example.net', 'leannon.cicero@example.com', ' first-year postgrad', 34, 'placed', 14),
(135, 135, 'Mr.', 'Issac', 'Sipes', '1999-07-06', '2012-12-25', ' agender', '3660 Vivian Corners Apt. 666', '89693-86', '(985)088-3494', 'zfranecki@example.com', 'pflatley@example.net', ' third-year graduate', 35, 'waiting', 15),
(136, 136, 'Dr.', 'Elissa', 'Bartoletti', '1984-09-02', '1996-08-29', ' all', '11529 Esteban Plaza', '53596-72', '01189659978', 'darrell24@example.com', 'kkrajcik@example.org', 'first-year graduate', 36, 'placed', 16),
(137, 137, 'Mr.', 'Madilyn', 'Gutkowski', '1998-10-22', '2018-04-04', ' third gender', '3921 Christiansen Shore', '72716', '(533)199-1763', 'runolfsdottir.alessandra@example.com', 'fidel92@example.net', 'first-year graduate', 37, 'placed', 17),
(138, 138, 'Mr.', 'Bethel', 'Hegmann', '2014-06-05', '1996-04-11', ' non-binary', '404 Emmerich Roads', '31671', '612-893-1893', 'laverna82@example.com', 'gaston.murphy@example.com', ' third-year graduate', 38, 'placed', 18),
(139, 139, 'Mrs.', 'Claudie', 'Moore', '2005-07-22', '1983-02-05', 'male', '3154 Lang Grove', '66651-07', '+18(9)9881867', 'paucek.eugenia@example.net', 'rosalyn.white@example.com', ' third-year graduate', 39, 'placed', 19),
(140, 140, 'Ms.', 'Dedrick', 'Hermann', '1992-04-07', '1982-06-03', ' transgender', '3346 Erica Landing', '64222', '473.524.7102x', 'schimmel.loren@example.net', 'gaylord.madyson@example.net', 'second-year graduate', 40, 'placed', 20),
(141, 141, 'Mr.', 'Genoveva', 'Von', '1981-08-11', '1972-01-20', ' transgender', '81417 Miller Run', '95223-19', '01553069950', 'louisa96@example.org', 'chandler41@example.net', 'second-year graduate', 41, 'placed', 1),
(142, 142, 'Miss', 'Dion', 'Torp', '2014-05-04', '2000-08-24', ' non-binary', '7460 Hahn Underpass Apt. 875', '45873', '1-871-644-095', 'ulehner@example.net', 'rohan.don@example.com', ' first-year postgrad', 42, 'placed', 2),
(143, 143, 'Mr.', 'Corine', 'Aufderhar', '1991-08-23', '1992-05-15', ' gender neutral', '554 Lisandro Passage Suite 913', '83297', '579-091-5827', 'wgreenfelder@example.org', 'beahan.juliana@example.net', 'first-year graduate', 43, 'placed', 3),
(144, 144, 'Dr.', 'Jeanne', 'Thompson', '2008-08-13', '1972-07-25', ' non-binary', '2706 Orn Valley Suite 792', '37912-40', '997-034-2222x', 'smonahan@example.com', 'jklein@example.org', 'first-year graduate', 44, 'placed', 4),
(145, 145, 'Prof.', 'Katherine', 'Feeney', '1990-05-17', '2020-08-29', ' pangender', '1325 Jany Unions', '30800-68', '861-773-0265x', 'jorge.cassin@example.com', 'deonte16@example.net', ' first-year postgrad', 45, 'placed', 5),
(146, 146, 'Prof.', 'Mackenzie', 'Klein', '2021-07-30', '2011-10-12', ' two-spirit', '740 Jonas Ranch', '99857-27', '382-260-5345x', 'pamela59@example.com', 'jedediah05@example.com', ' third-year graduate', 46, 'placed', 6),
(147, 147, 'Dr.', 'Abigail', 'Denesik', '1983-03-08', '1974-11-30', ' transgender', '047 Milan Point Suite 381', '81430-51', '(093)958-5092', 'dubuque.twila@example.net', 'hessel.mafalda@example.net', 'first-year graduate', 47, 'placed', 7),
(148, 148, 'Dr.', 'Sarah', 'Jacobi', '1972-05-27', '1979-10-17', ' genderqueer', '905 Lucie Road', '49263-55', '+82(1)9043979', 'nmclaughlin@example.org', 'harris.lauretta@example.org', 'first-year graduate', 48, 'placed', 8),
(149, 149, 'Mr.', 'Julia', 'Cronin', '2005-07-16', '2010-01-08', ' female', '55643 Briana Prairie Apt. 389', '07919', '856.883.2192', 'uveum@example.org', 'johathan16@example.net', ' third-year graduate', 49, 'placed', 9),
(150, 150, 'Ms.', 'Adonis', 'Rath', '1982-10-11', '2000-08-25', ' transgender', '5152 Denesik Parkway', '81413-24', '988.503.1044x', 'addie70@example.org', 'violet.roberts@example.org', ' third-year graduate', 50, 'placed', 10),
(151, 151, 'Dr.', 'Gerda', 'Kutch', '1988-11-09', '2021-01-28', ' agender', '5791 Jaunita Ports', '40262-51', '(279)077-1318', 'mante.izabella@example.net', 'roob.abdul@example.org', ' third-year graduate', 51, 'waiting', 11),
(152, 152, 'Prof.', 'Devan', 'Mohr', '2017-09-13', '1995-10-07', ' two-spirit', '761 Bert Neck Apt. 798', '24150-85', '1-750-720-072', 'armstrong.madison@example.org', 'nichole.hilpert@example.net', ' third-year graduate', 52, 'placed', 12),
(153, 153, 'Prof.', 'Dee', 'Monahan', '1985-09-04', '2000-02-15', ' genderqueer', '016 Considine Hill', '87467-20', '08213920442', 'fbayer@example.org', 'weissnat.terrence@example.com', ' third-year graduate', 53, 'placed', 13),
(154, 154, 'Mrs.', 'Shane', 'Kessler', '2007-07-17', '2012-12-25', ' all', '056 Schroeder Stream Suite 506', '33999', '803.763.5762x', 'dbotsford@example.com', 'vilma.shanahan@example.net', ' third-year graduate', 54, 'waiting', 14),
(155, 155, 'Dr.', 'Emma', 'Schinner', '1981-06-07', '1997-11-23', ' female', '56978 Hills Fork', '36394', '1-337-174-671', 'turner.nathanael@example.org', 'pouros.amina@example.com', ' second-year postgrad', 55, 'placed', 15),
(156, 156, 'Dr.', 'Brant', 'Bruen', '1980-12-21', '2009-10-10', 'male', '87616 Cassandre Stream', '58461', '395-471-0624x', 'cindy93@example.net', 'glangworth@example.org', ' second-year postgrad', 56, 'waiting', 16),
(157, 157, 'Dr.', 'Werner', 'Oberbrunner', '1970-03-12', '2001-10-18', 'male', '6037 Kautzer Avenue', '16765-44', '859.666.0327x', 'zlittle@example.com', 'lemke.marc@example.net', 'first-year graduate', 57, 'placed', 17),
(158, 158, 'Mrs.', 'Monroe', 'Grady', '1994-05-19', '1999-02-27', ' none', '62412 Roselyn Island Suite 390', '31891', '432.422.5626x', 'lskiles@example.com', 'ycummerata@example.com', 'first-year graduate', 58, 'placed', 18),
(159, 159, 'Mr.', 'Sadye', 'Kling', '1980-05-13', '2021-09-20', ' pangender', '18493 Geraldine View', '99282', '680.272.9719x', 'tdach@example.net', 'saul41@example.com', 'first-year graduate', 59, 'placed', 19),
(160, 160, 'Mr.', 'Berry', 'Botsford', '2015-07-28', '1983-05-07', ' non-binary', '60632 Dortha Crossing', '28827', '09017202490', 'rreinger@example.com', 'aprice@example.org', 'second-year graduate', 60, 'placed', 20),
(161, 161, 'Dr.', 'Joany', 'Frami', '1990-07-22', '1973-12-17', ' non-binary', '677 Kelton Curve', '24249-86', '+60(0)0234616', 'gleichner.jordi@example.net', 'zoey53@example.com', ' second-year postgrad', 61, 'waiting', 1),
(162, 162, 'Ms.', 'Matilde', 'McDermott', '1970-05-14', '2006-08-29', ' transgender', '7003 Eino Junction', '08422-36', '216-004-8101x', 'mdoyle@example.org', 'xlegros@example.org', 'first-year graduate', 62, 'placed', 2),
(163, 163, 'Dr.', 'Adolf', 'West', '2000-07-11', '1993-03-25', ' third gender', '2688 Rolfson Row', '97908-45', '153.264.2566x', 'dayna.greenfelder@example.net', 'jesus.gerhold@example.net', 'first-year graduate', 63, 'placed', 3),
(164, 164, 'Mr.', 'Zane', 'Langworth', '2018-09-07', '2006-08-10', ' two-spirit', '8824 Arvilla Gardens', '72198', '692.221.1952', 'soledad02@example.net', 'fahey.ellis@example.net', 'second-year graduate', 64, 'waiting', 4),
(165, 165, 'Prof.', 'Elody', 'Greenholt', '2016-08-27', '2003-07-13', ' female', '9649 Alexane Neck', '73149-95', '326.363.6505x', 'aracely05@example.net', 'keara.jacobson@example.com', 'second-year graduate', 65, 'placed', 5),
(166, 166, 'Dr.', 'Kraig', 'Effertz', '1973-10-03', '2018-09-30', ' female', '570 Jessika River', '24702', '387.566.8631x', 'tromp.pete@example.org', 'bbergnaum@example.net', ' third-year graduate', 66, 'placed', 6),
(167, 167, 'Prof.', 'Zora', 'Gutkowski', '1994-06-11', '1983-02-19', ' pangender', '9253 Aufderhar Square Apt. 495', '81021-06', '072-386-0659x', 'dooley.kristofer@example.org', 'hilll.fanny@example.net', ' second-year postgrad', 67, 'placed', 7),
(168, 168, 'Mr.', 'Lew', 'Strosin', '1974-03-21', '2004-02-11', ' non-binary', '282 Cummings Underpass', '87843-58', '860.752.5392x', 'bridget85@example.org', 'ocruickshank@example.com', 'first-year graduate', 68, 'placed', 8),
(169, 169, 'Miss', 'Augustus', 'Donnelly', '2015-04-09', '1977-01-03', ' pangender', '12379 Victor Plaza', '76899-68', '(790)117-2239', 'alysson60@example.net', 'jayde32@example.net', ' second-year postgrad', 69, 'placed', 9),
(170, 170, 'Prof.', 'Kristian', 'Mitchell', '2014-06-26', '1984-09-22', ' two-spirit', '3280 Maxine Locks', '41671', '1-617-952-807', 'ulices92@example.org', 'bessie59@example.com', 'second-year graduate', 70, 'waiting', 10),
(171, 171, 'Miss', 'Richard', 'Aufderhar', '1992-04-11', '2013-11-11', ' third gender', '9165 Amina Junction Apt. 445', '87712', '305.127.7652', 'nora.pfannerstill@example.net', 'keshaun85@example.org', ' third-year graduate', 71, 'placed', 11),
(172, 172, 'Ms.', 'Rudolph', 'Boehm', '1990-07-09', '1980-03-04', ' female', '658 Loma Spurs', '69645', '561-557-4180x', 'destini.kerluke@example.com', 'murphy.dora@example.org', ' first-year postgrad', 72, 'waiting', 12),
(173, 173, 'Mrs.', 'Alexys', 'Dickens', '1976-06-12', '1986-05-30', ' agender', '377 Delilah View Apt. 893', '44671', '1-443-208-951', 'johnathan.dare@example.org', 'kunze.lenora@example.org', 'second-year graduate', 73, 'waiting', 13),
(174, 174, 'Dr.', 'Stephania', 'Emmerich', '1995-06-14', '2004-10-17', ' none', '282 Art Flat Suite 445', '66887-03', '481-934-8090x', 'rlarson@example.net', 'little.lora@example.com', ' first-year postgrad', 74, 'waiting', 14),
(175, 175, 'Dr.', 'Adrain', 'Metz', '1998-07-21', '2003-08-27', ' pangender', '5883 Langosh Cove', '12256', '1-809-710-140', 'johns.julio@example.com', 'sporer.hudson@example.com', 'second-year graduate', 75, 'placed', 15),
(176, 176, 'Mr.', 'Arthur', 'Goodwin', '1999-02-03', '2007-11-12', ' gender neutral', '835 Bernier Skyway', '34595-45', '528.648.3154x', 'ledner.alvina@example.org', 'federico45@example.org', ' second-year postgrad', 76, 'waiting', 16),
(177, 177, 'Mrs.', 'Furman', 'Abbott', '1987-03-03', '1984-07-15', ' agender', '52902 Willie Burg', '42897', '1-070-138-300', 'koelpin.shyann@example.org', 'leopold15@example.org', 'second-year graduate', 77, 'waiting', 17),
(178, 178, 'Dr.', 'Valentina', 'Herzog', '1992-12-12', '1996-05-25', ' none', '7135 Lemke Avenue Suite 881', '96866-88', '073-958-5217x', 'huels.kavon@example.net', 'gene.dare@example.net', 'first-year graduate', 78, 'waiting', 18),
(179, 179, 'Prof.', 'Ocie', 'Denesik', '2007-02-05', '1995-07-03', ' pangender', '2249 Reilly Courts Suite 578', '16417-48', '857-989-7671x', 'sporer.mireya@example.org', 'reina73@example.com', ' second-year postgrad', 79, 'waiting', 19),
(180, 180, 'Dr.', 'Elias', 'Franecki', '2018-08-30', '1990-03-18', ' female', '039 Effie Stravenue Suite 143', '65830-13', '05169826873', 'lemuel.jones@example.net', 'kraig.littel@example.net', ' second-year postgrad', 80, 'placed', 20),
(181, 181, 'Miss', 'Burdette', 'Sauer', '2011-02-24', '1993-11-01', ' all', '425 Heaney Lock', '60633', '06954485385', 'lind.trenton@example.net', 'kaylee.emard@example.com', ' first-year postgrad', 81, 'waiting', 1),
(182, 182, 'Mr.', 'Jazmin', 'Beer', '1970-09-29', '1975-04-07', ' all', '448 Schultz Fords', '03903', '(469)860-0985', 'vergie15@example.net', 'garth48@example.org', ' first-year postgrad', 82, 'waiting', 2),
(183, 183, 'Mr.', 'Joshua', 'Casper', '1984-12-11', '2013-09-28', ' gender neutral', '69310 Ebert Crossroad Apt. 344', '24352-61', '1-009-367-655', 'leannon.amanda@example.com', 'lnikolaus@example.net', ' third-year graduate', 83, 'waiting', 3),
(184, 184, 'Ms.', 'Clay', 'Rohan', '2021-01-01', '2003-04-24', ' two-spirit', '75970 Cleora Mountain', '72850', '331.750.9090x', 'kailyn31@example.net', 'ethel.schaefer@example.com', ' third-year graduate', 84, 'placed', 4),
(185, 185, 'Prof.', 'Domenica', 'Ondricka', '2006-02-05', '1980-09-03', ' third gender', '84331 Hartmann Drive Apt. 265', '76263-75', '008.030.7341x', 'jayson68@example.com', 'ykuphal@example.com', ' second-year postgrad', 85, 'placed', 5),
(186, 186, 'Dr.', 'Sylvia', 'Kertzmann', '1971-12-27', '1998-11-06', ' genderqueer', '67730 Emmerich Course Suite 426', '23320-05', '1-153-604-471', 'roberts.carroll@example.net', 'etowne@example.com', ' third-year graduate', 86, 'waiting', 6),
(187, 187, 'Ms.', 'Julianne', 'O\'Kon', '2005-04-20', '2019-11-17', ' gender neutral', '957 Devin Brooks', '15931', '363-901-0038x', 'noemie.okuneva@example.org', 'ofay@example.net', 'second-year graduate', 87, 'placed', 7),
(188, 188, 'Dr.', 'Heather', 'Emmerich', '2013-03-21', '2018-01-10', ' genderqueer', '007 Hallie Pass Apt. 385', '85928', '+69(1)0122918', 'schiller.aimee@example.com', 'asha32@example.net', 'first-year graduate', 88, 'waiting', 8),
(189, 189, 'Prof.', 'Uriel', 'Schmeler', '1996-04-13', '1993-02-10', ' non-binary', '857 Mallory Forest', '52398', '482.742.4542x', 'kilback.holly@example.org', 'hhermiston@example.org', 'second-year graduate', 89, 'waiting', 9),
(190, 190, 'Prof.', 'Ruby', 'Glover', '1998-09-27', '2003-11-05', ' agender', '9203 Claudine Rapid', '49686-34', '934-913-3527x', 'tremaine.murray@example.org', 'zo\'connell@example.org', 'first-year graduate', 90, 'waiting', 10),
(191, 191, 'Prof.', 'Zander', 'Sawayn', '1979-04-29', '1982-05-04', ' non-binary', '54205 Albertha Green Suite 858', '05658-86', '(104)846-3452', 'mittie20@example.net', 'kbeatty@example.net', 'second-year graduate', 91, 'placed', 11),
(192, 192, 'Dr.', 'Jana', 'Goodwin', '2021-03-30', '1999-07-19', ' transgender', '37117 Harris Route', '76894', '(179)514-9767', 'kamryn24@example.org', 'candido.kutch@example.org', ' second-year postgrad', 92, 'placed', 12),
(193, 193, 'Ms.', 'Eliezer', 'Zulauf', '1995-04-24', '2002-10-28', ' female', '01585 Lakin Dale Apt. 130', '44437', '1-863-555-048', 'germaine83@example.net', 'nathen.price@example.com', ' second-year postgrad', 93, 'waiting', 13),
(194, 194, 'Dr.', 'Nova', 'Barton', '1984-07-14', '1985-08-03', ' third gender', '148 Rachel Burg Apt. 091', '14041-11', '375-072-4789x', 'volkman.fletcher@example.com', 'mlabadie@example.net', ' first-year postgrad', 94, 'placed', 14),
(195, 195, 'Prof.', 'Annabell', 'Jacobi', '1973-03-04', '2014-03-09', ' genderqueer', '533 Mitchell Club', '12339', '312.217.4743', 'rau.dillon@example.com', 'eadams@example.org', ' third-year graduate', 95, 'placed', 15),
(196, 196, 'Mr.', 'Genevieve', 'O\'Keefe', '2002-06-30', '2007-03-23', ' non-binary', '621 Larson Drives Suite 460', '47210', '471.156.2394x', 'ruthie43@example.net', 'stokes.rachael@example.com', 'second-year graduate', 96, 'waiting', 16),
(197, 197, 'Ms.', 'Rusty', 'Kling', '2016-10-23', '1982-07-25', ' two-spirit', '37325 Rolfson Springs Apt. 318', '21535', '1-975-576-200', 'vfahey@example.org', 'kolby.leuschke@example.com', 'second-year graduate', 97, 'placed', 17),
(198, 198, 'Dr.', 'Adonis', 'Schamberger', '1972-04-08', '2017-08-29', ' all', '9342 Koch Manor Suite 614', '96321', '(363)450-1708', 'littel.ana@example.net', 'jessika35@example.org', 'first-year graduate', 98, 'placed', 18),
(199, 199, 'Miss', 'Phoebe', 'Robel', '2020-01-05', '2013-08-27', ' gender neutral', '7996 Tatyana Ridges', '11040-20', '245-389-6203x', 'larkin.vicky@example.org', 'ecrona@example.net', 'first-year graduate', 99, 'placed', 19),
(200, 200, 'Miss', 'Mitchel', 'Ferry', '2008-01-31', '2020-06-22', ' non-binary', '6211 Bailey Cove', '47322', '1-851-793-195', 'bridie42@example.net', 'fredy26@example.org', ' third-year graduate', 100, 'waiting', 20),
(201, 201, 'Prof.', 'Karlie', 'Lakin', '1985-10-29', '2021-08-20', ' none', '669 Jaylon Mills Suite 871', '10475-28', '1-639-393-726', 'dswaniawski@example.net', 'cummerata.hildegard@example.net', ' third-year graduate', 1, 'waiting', 1),
(202, 202, 'Ms.', 'Omer', 'Dare', '1976-07-06', '2011-06-11', ' third gender', '766 Emily Bridge', '04831', '846-269-5540', 'amos88@example.com', 'willms.wiley@example.org', 'second-year graduate', 2, 'waiting', 2),
(203, 203, 'Dr.', 'Susan', 'Gleason', '1972-01-12', '2020-12-26', ' agender', '67664 Gottlieb Drives Apt. 671', '90196', '956-152-0673', 'onie.klein@example.net', 'oma04@example.com', 'second-year graduate', 3, 'waiting', 3),
(204, 204, 'Ms.', 'Gust', 'Rodriguez', '2007-04-22', '1991-09-28', ' non-binary', '9056 Nick Walk Apt. 056', '63169-09', '683-578-6383', 'bradford.kovacek@example.org', 'krajcik.cathryn@example.com', ' first-year postgrad', 4, 'placed', 4),
(205, 205, 'Miss', 'Wilton', 'Bauch', '2000-01-19', '1982-12-20', ' two-spirit', '965 Thad Mall', '54699', '(861)615-9160', 'hellen.parisian@example.org', 'fsanford@example.com', ' second-year postgrad', 5, 'waiting', 5),
(206, 206, 'Prof.', 'Delta', 'Lueilwitz', '1997-06-12', '1995-01-09', ' none', '8489 Goldner Expressway Apt. 130', '51203-46', '705-318-4612x', 'darrell74@example.org', 'wkirlin@example.com', ' third-year graduate', 6, 'placed', 6),
(207, 207, 'Ms.', 'Monserrat', 'Blick', '2012-07-12', '2002-03-19', ' agender', '69139 Laron Cliff', '84800', '(547)496-9624', 'isom.huel@example.net', 'mrath@example.org', 'second-year graduate', 7, 'placed', 7),
(208, 208, 'Dr.', 'Neva', 'Corkery', '2010-09-03', '1987-08-15', ' agender', '497 Hilpert Way', '27642-44', '1-944-295-202', 'qcrona@example.com', 'keon.robel@example.org', 'second-year graduate', 8, 'waiting', 8),
(209, 209, 'Mr.', 'Jacklyn', 'Greenholt', '1980-03-30', '1998-03-21', ' two-spirit', '8157 Tremblay Ways', '37408', '778.614.1263', 'thora53@example.com', 'heaney.ludwig@example.net', 'first-year graduate', 9, 'waiting', 9),
(210, 210, 'Prof.', 'Antonette', 'Schiller', '2021-04-10', '2008-02-02', ' third gender', '97099 Shemar Cliffs Suite 527', '88911', '(815)422-8723', 'conroy.arvilla@example.com', 'christa.ernser@example.net', ' third-year graduate', 10, 'placed', 10),
(211, 211, 'Dr.', 'Okey', 'Bogan', '1978-05-07', '1973-10-12', ' female', '957 Watsica Rapids', '72305-92', '715.542.0972', 'rempel.waldo@example.org', 'cheyanne55@example.net', ' third-year graduate', 11, 'waiting', 11),
(212, 212, 'Prof.', 'Lavonne', 'Berge', '1988-06-17', '1991-02-19', ' gender neutral', '035 Tito Course', '70639', '+71(3)8196510', 'andy.hilpert@example.com', 'gpouros@example.com', ' third-year graduate', 12, 'placed', 12),
(213, 213, 'Ms.', 'Coby', 'Cassin', '1997-08-03', '2006-09-14', ' none', '202 McLaughlin Fall Suite 028', '86425-53', '281-923-5728', 'cole.stephen@example.org', 'braxton.blick@example.com', 'first-year graduate', 13, 'placed', 13),
(214, 214, 'Ms.', 'Amparo', 'Bahringer', '1995-08-23', '2010-04-26', ' genderqueer', '36476 Bednar Groves', '56467', '973.343.0650', 'schaefer.rowena@example.net', 'gorczany.marianne@example.com', ' second-year postgrad', 14, 'waiting', 14),
(215, 215, 'Dr.', 'Howell', 'Effertz', '1978-06-28', '1976-03-31', ' pangender', '57044 Isabel Lodge Suite 425', '94727-44', '1-579-237-415', 'brandt71@example.com', 'talon.homenick@example.com', 'second-year graduate', 15, 'placed', 15),
(216, 216, 'Prof.', 'Rachel', 'Schuppe', '1994-05-27', '1978-08-22', ' third gender', '51214 Annabel Branch Suite 951', '07103', '368.673.9168', 'alysha78@example.net', 'sierra.rau@example.com', ' third-year graduate', 16, 'waiting', 16),
(217, 217, 'Dr.', 'Etha', 'Schaden', '1972-10-25', '2001-09-01', ' none', '7429 Amir Ville', '96650-60', '(911)692-1703', 'emmerich.carroll@example.com', 'luz.corkery@example.com', ' third-year graduate', 17, 'placed', 17),
(218, 218, 'Prof.', 'Felipe', 'Effertz', '1992-03-30', '2013-08-13', ' agender', '66943 Bashirian Radial Apt. 120', '27983', '(874)663-4006', 'kerluke.emerson@example.com', 'okassulke@example.net', ' first-year postgrad', 18, 'waiting', 18);
INSERT INTO `student` (`student_id`, `next_of_kin_id`, `title`, `forename`, `surname`, `date_of_birth`, `date_enrolled`, `gender`, `home_address`, `postcode`, `contact_number`, `personal_email`, `university_email`, `student_category`, `uni_advisor_id`, `current_status`, `course_id`) VALUES
(219, 219, 'Mr.', 'Jimmie', 'Brekke', '1972-08-14', '1978-12-27', ' pangender', '054 Trace Crest Apt. 411', '41338', '+92(3)7722138', 'alta.dietrich@example.com', 'crawford.veum@example.net', ' third-year graduate', 19, 'waiting', 19),
(220, 220, 'Mr.', 'Zachery', 'Weimann', '2013-08-15', '2005-08-19', ' two-spirit', '0036 Macejkovic Extensions Apt. 663', '45213-17', '1-688-725-655', 'kuhn.rhianna@example.net', 'brakus.lucio@example.org', 'first-year graduate', 20, 'placed', 20),
(221, 221, 'Dr.', 'Kendrick', 'Hoeger', '1993-06-04', '2000-02-17', ' agender', '68731 Schinner Trail', '30532', '618.586.1360', 'lilliana.vonrueden@example.net', 'gonzalo.erdman@example.net', 'second-year graduate', 21, 'waiting', 1),
(222, 222, 'Miss', 'Brandy', 'Sauer', '1995-06-23', '1982-01-26', ' agender', '908 Ellie Via', '23360-91', '(037)593-1964', 'koss.guido@example.com', 'parisian.alessia@example.org', ' second-year postgrad', 22, 'placed', 2),
(223, 223, 'Prof.', 'Myrtis', 'Dibbert', '1972-01-20', '2000-11-26', ' pangender', '779 Breitenberg Inlet', '23966', '474.917.9267x', 'sharon76@example.net', 'rosalind.west@example.org', ' second-year postgrad', 23, 'waiting', 3),
(224, 224, 'Miss', 'Rosalia', 'Kshlerin', '1982-08-02', '2003-05-29', ' gender neutral', '30296 Alexanne Meadow', '60649', '06508916600', 'alicia.schultz@example.org', 'adrian63@example.net', ' second-year postgrad', 24, 'placed', 4),
(225, 225, 'Mrs.', 'Ramon', 'Schiller', '2011-10-16', '1973-08-22', ' all', '125 Devon Meadows', '45590', '214-174-1082', 'tobin56@example.com', 'felicity18@example.com', 'first-year graduate', 25, 'waiting', 5),
(226, 226, 'Ms.', 'Madge', 'Kunze', '1978-04-10', '1992-01-21', ' non-binary', '0485 Lauryn Mount Suite 148', '02529', '(401)475-2772', 'veronica94@example.org', 'little.jaylen@example.net', ' first-year postgrad', 26, 'waiting', 6),
(227, 227, 'Ms.', 'Kitty', 'Boyer', '1995-04-02', '1986-01-26', ' non-binary', '58651 Izabella Wells', '01935-62', '1-274-138-941', 'antwan99@example.org', 'amiya.denesik@example.org', 'second-year graduate', 27, 'placed', 7),
(228, 228, 'Dr.', 'Makayla', 'Franecki', '2011-01-05', '2009-05-16', ' transgender', '65328 Gayle Ridges', '91375-63', '103.349.2794x', 'ylemke@example.net', 'dewitt53@example.net', 'first-year graduate', 28, 'placed', 8),
(229, 229, 'Mr.', 'Porter', 'Jones', '2021-04-08', '1978-01-31', ' third gender', '1805 Pfannerstill Brooks Apt. 994', '29315', '029.628.3498', 'zferry@example.com', 'savanna15@example.net', ' first-year postgrad', 29, 'waiting', 9),
(230, 230, 'Mr.', 'Asa', 'Berge', '1998-03-15', '1976-05-12', ' pangender', '6237 Wolff Burg Apt. 819', '22922', '+10(2)3066327', 'bwalker@example.com', 'nelda.ankunding@example.org', ' first-year postgrad', 30, 'placed', 10),
(231, 231, 'Miss', 'Sheldon', 'Russel', '2014-07-20', '1998-02-03', 'male', '5480 Breitenberg Plain Apt. 870', '88384', '234.949.2697', 'swift.savanna@example.com', 'moshe18@example.net', ' second-year postgrad', 31, 'placed', 11),
(232, 232, 'Mr.', 'Earlene', 'Kautzer', '2006-04-28', '2008-12-07', ' agender', '8557 Kuphal Cliffs', '36515-13', '414.201.1572', 'virginie.tremblay@example.com', 'nschinner@example.org', 'second-year graduate', 32, 'placed', 12),
(233, 233, 'Mrs.', 'Cade', 'Rath', '1992-07-03', '2007-01-29', ' transgender', '4621 Kavon Green Suite 968', '50953', '1-611-797-384', 'heaney.salma@example.org', 'hartmann.anastasia@example.com', ' third-year graduate', 33, 'waiting', 13),
(234, 234, 'Miss', 'Queenie', 'Runolfsson', '1989-08-12', '1989-05-25', ' two-spirit', '055 Klein Garden Apt. 902', '99852-52', '+25(2)5870370', 'schiller.jerome@example.org', 'hattie19@example.com', 'first-year graduate', 34, 'placed', 14),
(235, 235, 'Dr.', 'Jovani', 'Kuhlman', '1990-10-16', '1992-07-27', ' pangender', '730 Brekke Stream Apt. 152', '39204', '1-534-192-255', 'leonel.mueller@example.net', 'zboncak.otis@example.org', ' first-year postgrad', 35, 'placed', 15),
(236, 236, 'Dr.', 'Omari', 'Padberg', '1979-04-08', '1978-04-28', 'male', '3973 Harris Junction', '08793-37', '(019)297-9838', 'jadyn32@example.com', 'isac.hand@example.com', ' second-year postgrad', 36, 'waiting', 16),
(237, 237, 'Ms.', 'Marquis', 'Beer', '1973-04-09', '1985-05-16', ' all', '32479 Felipe Springs', '54854', '+69(9)0457237', 'ndubuque@example.com', 'keebler.gladys@example.net', ' first-year postgrad', 37, 'waiting', 17),
(238, 238, 'Mr.', 'Llewellyn', 'Torphy', '1978-04-12', '1991-10-06', ' non-binary', '302 Bernier Forges', '54928-52', '(969)793-8153', 'rosamond38@example.net', 'bbarton@example.com', 'second-year graduate', 38, 'waiting', 18),
(239, 239, 'Mr.', 'Marty', 'Rice', '2000-08-10', '1987-06-07', ' transgender', '6233 Borer Heights', '10065-51', '(545)066-2758', 'alexys.harber@example.net', 'lklocko@example.org', ' third-year graduate', 39, 'waiting', 19),
(240, 240, 'Dr.', 'Velva', 'Welch', '2005-04-21', '2000-02-09', ' transgender', '57769 Altenwerth Mills', '96681', '1-532-609-753', 'xzulauf@example.org', 'keara35@example.org', ' first-year postgrad', 40, 'placed', 20),
(241, 241, 'Prof.', 'Sonny', 'Lakin', '1988-03-09', '2016-06-16', ' gender neutral', '30850 Kennith Village', '52204', '1-069-325-649', 'zella.langworth@example.org', 'natasha.goyette@example.com', ' second-year postgrad', 41, 'waiting', 1),
(242, 242, 'Dr.', 'Astrid', 'Simonis', '2009-01-19', '2000-08-05', ' all', '685 Saul Summit', '92069', '(282)880-9062', 'ronaldo55@example.com', 'pouros.amelie@example.org', 'second-year graduate', 42, 'waiting', 2),
(243, 243, 'Ms.', 'Madelyn', 'Schneider', '2009-10-05', '1979-12-13', ' non-binary', '214 Rolfson Cliffs Apt. 690', '44115', '750-408-1518', 'queen33@example.net', 'christelle.funk@example.net', ' second-year postgrad', 43, 'placed', 3),
(244, 244, 'Dr.', 'Israel', 'Boyer', '2001-06-17', '2006-07-15', ' agender', '7702 Otho Summit Apt. 439', '13554-28', '(878)372-4592', 'leora.purdy@example.org', 'fvolkman@example.org', 'second-year graduate', 44, 'waiting', 4),
(245, 245, 'Mrs.', 'Margarett', 'Thompson', '2016-12-27', '1987-10-10', ' agender', '1877 Turner Manor', '36970-47', '(005)441-1648', 'melyna.kuhic@example.com', 'derek07@example.org', ' third-year graduate', 45, 'placed', 5),
(246, 246, 'Dr.', 'Llewellyn', 'Christiansen', '2002-08-13', '1997-05-08', ' transgender', '157 Buford Lock', '36092', '01535361077', 'idickinson@example.org', 'terrance69@example.com', ' second-year postgrad', 46, 'placed', 6),
(247, 247, 'Mrs.', 'Kelvin', 'Treutel', '2021-09-04', '2003-07-26', ' two-spirit', '504 Kariane Summit', '64039-10', '529-414-3763x', 'schmeler.justen@example.org', 'kerluke.joey@example.com', ' third-year graduate', 47, 'waiting', 7),
(248, 248, 'Prof.', 'Ruthie', 'Pouros', '2007-02-28', '1994-01-09', ' all', '4937 Hayes Cape', '27372-83', '(222)977-2227', 'anais02@example.net', 'ofahey@example.com', 'first-year graduate', 48, 'waiting', 8),
(249, 249, 'Dr.', 'Rashawn', 'Kuphal', '2005-02-09', '2001-01-25', ' genderqueer', '336 Gabriel Hollow Suite 218', '18227-63', '+25(7)5008024', 'samanta.ferry@example.org', 'klocko.elmo@example.com', 'first-year graduate', 49, 'waiting', 9),
(250, 250, 'Miss', 'Emerson', 'Jacobi', '1987-08-30', '1995-09-21', ' all', '46279 Klein Circles Apt. 816', '33502-37', '09586126188', 'tamia.prohaska@example.net', 'klarkin@example.com', ' second-year postgrad', 50, 'placed', 10);

-- --------------------------------------------------------

--
-- Table structure for table `university`
--

CREATE TABLE `university` (
  `uni_id` smallint(10) UNSIGNED NOT NULL,
  `university_name` varchar(250) DEFAULT NULL,
  `campus_address` varchar(250) DEFAULT NULL,
  `admin_email` varchar(50) DEFAULT NULL
) ENGINE=InnoDB DEFAULT CHARSET=utf8mb4;

--
-- Dumping data for table `university`
--

INSERT INTO `university` (`uni_id`, `university_name`, `campus_address`, `admin_email`) VALUES
(1, 'University of Leeds', '8468 Becker Hill', 'welcome@hull.ac.uk'),
(2, 'University of Hull', '4425 Glenna Mountain Suite 024', 'admin@yorksj.ac.uk'),
(3, 'York St John University', '9831 Alexandro Orchard', 'hello@leeds.ac.uk'),
(4, 'Univeristy of Sheffield', '63402 Rath Ford', 'admin@york.ac.uk'),
(5, 'University of York', '328 Amber Isle Apt. 884', 'admin@sheffield.ac.uk');

-- --------------------------------------------------------

--
-- Table structure for table `university_staff`
--

CREATE TABLE `university_staff` (
  `uni_staff_id` smallint(10) UNSIGNED NOT NULL,
  `title` varchar(50) DEFAULT NULL,
  `forename` varchar(50) DEFAULT NULL,
  `surname` varchar(50) DEFAULT NULL,
  `mobile_number` varchar(13) DEFAULT NULL,
  `university_email` varchar(50) DEFAULT NULL,
  `department_number` varchar(50) DEFAULT NULL,
  `course_id` smallint(10) DEFAULT NULL
) ENGINE=InnoDB DEFAULT CHARSET=utf8mb4;

--
-- Dumping data for table `university_staff`
--

INSERT INTO `university_staff` (`uni_staff_id`, `title`, `forename`, `surname`, `mobile_number`, `university_email`, `department_number`, `course_id`) VALUES
(1, 'Ms.', 'Kimberly', 'Bosco', '(190)960-7082', 'matt68@example.com', '3', 6),
(2, 'Miss', 'Xavier', 'Klocko', '(278)070-0399', 'bill.abernathy@example.net', '', 2),
(3, 'Miss', 'Bernita', 'Kuhn', '1-717-540-738', 'amiller@example.org', '1', 18),
(4, 'Prof.', 'Carey', 'Osinski', '969-219-8608', 'adeline26@example.net', '7', 6),
(5, 'Prof.', 'Loyce', 'Collier', '+91(3)1496825', 'pagac.celestine@example.net', '4', 5),
(6, 'Prof.', 'Demario', 'Cruickshank', '+87(2)3321987', 'gabrielle46@example.net', '4', 10),
(7, 'Prof.', 'Berneice', 'Strosin', '(722)412-0635', 'koch.darrin@example.com', '4', 9),
(8, 'Ms.', 'Alexie', 'Cummerata', '054.216.7624', 'malika28@example.net', '6', 14),
(9, 'Ms.', 'Samson', 'Pagac', '06807653347', 'felix.schmeler@example.com', '5', 16),
(10, 'Dr.', 'Esta', 'Hettinger', '1-141-386-103', 'destiney.gorczany@example.com', '3', 6),
(11, 'Mr.', 'Jennyfer', 'Mosciski', '(425)898-4963', 'zgleason@example.com', '2', 16),
(12, 'Dr.', 'Rosalia', 'Kutch', '(854)780-4491', 'celine.walsh@example.net', '7', 12),
(13, 'Prof.', 'Nora', 'Rippin', '+97(0)6869785', 'christop.ritchie@example.net', '4', 3),
(14, 'Mr.', 'Sincere', 'Abbott', '947-557-3426', 'emard.aubrey@example.org', '1', 12),
(15, 'Dr.', 'Marco', 'Cartwright', '1-905-967-645', 'claudine.tillman@example.net', '5', 19),
(16, 'Prof.', 'Misael', 'Zieme', '032.917.0138', 'halvorson.samir@example.net', '', 19),
(17, 'Prof.', 'Tyshawn', 'Mueller', '08890981630', 'alessandra.kris@example.org', '3', 8),
(18, 'Prof.', 'Coty', 'Corwin', '1-436-095-874', 'sklocko@example.com', '8', 12),
(19, 'Dr.', 'German', 'Berge', '735.997.9924x', 'daphney.yost@example.com', '6', 1),
(20, 'Dr.', 'Margaretta', 'Dibbert', '02377244400', 'erick12@example.com', '4', 11),
(21, 'Ms.', 'Dallas', 'Jacobs', '142.018.1340x', 'schaefer.glennie@example.net', '9', 8),
(22, 'Prof.', 'Nadia', 'Olson', '593.984.2559x', 'diamond58@example.org', '2', 18),
(23, 'Prof.', 'Devan', 'Littel', '956.289.0839', 'senger.henriette@example.com', '7', 13),
(24, 'Miss', 'Rupert', 'Powlowski', '+28(8)8775793', 'alessia.grimes@example.com', '1', 19),
(25, 'Dr.', 'Vanessa', 'Nicolas', '742-288-3640x', 'adell56@example.org', '6', 11),
(26, 'Mr.', 'Melissa', 'Hills', '1-798-414-015', 'mann.erick@example.com', '3', 8),
(27, 'Dr.', 'Anissa', 'Leffler', '254.119.7643x', 'schultz.leo@example.com', '4', 2),
(28, 'Miss', 'Gregoria', 'Schowalter', '198-585-2378x', 'janae81@example.net', '7', 13),
(29, 'Miss', 'Karina', 'Koch', '730-779-6658x', 'afadel@example.com', '9', 15),
(30, 'Ms.', 'Juana', 'Heidenreich', '498.380.2540', 'britchie@example.net', '7', 5),
(31, 'Dr.', 'Beryl', 'Padberg', '1-781-801-151', 'gislason.hoyt@example.com', '5', 5),
(32, 'Prof.', 'Jamison', 'Halvorson', '244.889.5221x', 'runolfsdottir.emilie@example.net', '7', 5),
(33, 'Mrs.', 'Emory', 'Hoeger', '1-310-891-737', 'roob.assunta@example.com', '', 18),
(34, 'Mrs.', 'Lora', 'Miller', '1-024-936-042', 'elenora92@example.org', '8', 8),
(35, 'Prof.', 'Beatrice', 'Schuppe', '359-136-1902x', 'heaven.fritsch@example.org', '4', 20),
(36, 'Prof.', 'Enola', 'Rosenbaum', '00249263432', 'moen.wilbert@example.com', '4', 10),
(37, 'Dr.', 'Amely', 'Flatley', '03548479618', 'larkin.phyllis@example.com', '3', 15),
(38, 'Prof.', 'Zora', 'Bechtelar', '(044)612-4339', 'monte.hagenes@example.org', '3', 3),
(39, 'Mrs.', 'Regan', 'White', '152.135.2450', 'okemmer@example.com', '1', 15),
(40, 'Prof.', 'Reyes', 'Abbott', '+46(6)0637389', 'beer.eula@example.org', '8', 4),
(41, 'Mr.', 'Domenic', 'King', '(980)494-8736', 'nicolette89@example.net', '9', 19),
(42, 'Prof.', 'Berta', 'Hahn', '510.187.9792', 'pgrady@example.org', '3', 10),
(43, 'Prof.', 'Alan', 'Hoppe', '962-251-4244', 'hrenner@example.com', '9', 13),
(44, 'Dr.', 'Quinn', 'Leuschke', '+61(4)5509389', 'vkuvalis@example.com', '5', 15),
(45, 'Dr.', 'Murphy', 'Schuster', '105.259.0114x', 'graham.rosamond@example.net', '3', 5),
(46, 'Miss', 'Marjorie', 'Hessel', '019.519.5381x', 'khuels@example.org', '8', 11),
(47, 'Dr.', 'Maverick', 'Muller', '1-590-934-361', 'krempel@example.net', '3', 15),
(48, 'Mrs.', 'Kayden', 'Gorczany', '680.597.9354x', 'megane92@example.org', '9', 4),
(49, 'Dr.', 'Randal', 'Waters', '077.922.1968x', 'mwisoky@example.net', '1', 16),
(50, 'Mrs.', 'Imelda', 'Hilll', '1-306-399-091', 'dooley.ola@example.com', '3', 17),
(51, 'Dr.', 'Jacinthe', 'Rolfson', '495.265.9432', 'mmckenzie@example.org', '9', 10),
(52, 'Mrs.', 'Darrell', 'Ledner', '315-076-5778x', 'cassidy.wintheiser@example.org', '1', 7),
(53, 'Prof.', 'Junius', 'Wisozk', '(286)012-4074', 'fmurazik@example.com', '7', 4),
(54, 'Mr.', 'Christina', 'Berge', '052-839-0062', 'lorena46@example.org', '4', 10),
(55, 'Ms.', 'Keenan', 'Wilderman', '178.620.3458x', 'barney.haag@example.com', '6', 14),
(56, 'Mr.', 'Rogers', 'Lubowitz', '+13(6)0273990', 'bruce.morissette@example.org', '5', 7),
(57, 'Dr.', 'Hailie', 'Runolfsdottir', '919-295-0667x', 'thompson.ronny@example.com', '1', 14),
(58, 'Prof.', 'Davon', 'Johnston', '029.060.4039', 'kskiles@example.com', '2', 5),
(59, 'Mr.', 'Krystal', 'Shanahan', '(679)703-5456', 'darrick16@example.com', '5', 9),
(60, 'Dr.', 'Hilma', 'Mayert', '955-371-6798', 'tate86@example.org', '', 7),
(61, 'Dr.', 'Adaline', 'Kuhn', '1-371-319-008', 'layla10@example.com', '4', 20),
(62, 'Mrs.', 'Katheryn', 'Sanford', '874-264-9830x', 'deonte.harber@example.org', '9', 17),
(63, 'Mr.', 'Alba', 'Crona', '(197)450-1283', 'prolfson@example.net', '3', 5),
(64, 'Prof.', 'Georgianna', 'Murphy', '211-014-3588', 'bauch.ashton@example.net', '8', 2),
(65, 'Dr.', 'Pascale', 'Johns', '647-243-9115', 'uwunsch@example.org', '9', 4),
(66, 'Dr.', 'Vilma', 'Pollich', '754.658.9101x', 'kasandra30@example.net', '5', 2),
(67, 'Miss', 'Mervin', 'Kris', '942-600-5291x', 'simonis.lupe@example.org', '', 18),
(68, 'Mr.', 'Vergie', 'Gibson', '152-603-1915x', 'metz.gideon@example.net', '9', 20),
(69, 'Mr.', 'Ebba', 'Williamson', '750.506.8610x', 'hallie81@example.org', '2', 1),
(70, 'Mr.', 'Wade', 'Wiza', '+39(0)1955069', 'marietta.koelpin@example.com', '1', 10),
(71, 'Prof.', 'Roosevelt', 'Rodriguez', '1-711-805-481', 'shields.collin@example.org', '9', 15),
(72, 'Ms.', 'Darron', 'Gottlieb', '737.599.6768', 'hintz.kathleen@example.com', '5', 20),
(73, 'Prof.', 'Theresa', 'Gaylord', '915.172.5497x', 'jamaal37@example.com', '7', 4),
(74, 'Mrs.', 'Elisa', 'Pollich', '1-297-139-912', 'yschmitt@example.net', '2', 3),
(75, 'Miss', 'Brook', 'Kris', '1-040-008-829', 'parisian.easton@example.org', '', 18),
(76, 'Mr.', 'Abdiel', 'Crooks', '1-573-273-670', 'alexzander56@example.org', '', 20),
(77, 'Miss', 'Barrett', 'Moen', '(389)667-0738', 'hhand@example.com', '4', 6),
(78, 'Dr.', 'Roxane', 'Stanton', '+55(3)1906728', 'euna32@example.net', '', 6),
(79, 'Mr.', 'Francisca', 'Wiegand', '828-431-6783', 'aisha.jacobi@example.com', '9', 5),
(80, 'Prof.', 'Karianne', 'Schneider', '1-669-882-335', 'rylee.o\'keefe@example.net', '1', 16),
(81, 'Prof.', 'Lavina', 'Littel', '445-368-2375x', 'deshawn61@example.org', '1', 7),
(82, 'Prof.', 'Eli', 'Kreiger', '678.678.0258x', 'mueller.asha@example.org', '7', 20),
(83, 'Prof.', 'Kaylee', 'Becker', '(224)428-3213', 'pstracke@example.org', '9', 5),
(84, 'Prof.', 'Hilma', 'Lebsack', '1-632-839-935', 'serenity75@example.org', '1', 5),
(85, 'Dr.', 'Helena', 'Hackett', '(052)106-3747', 'mlockman@example.com', '9', 4),
(86, 'Ms.', 'Dandre', 'Lang', '1-467-499-428', 'rwisoky@example.com', '8', 2),
(87, 'Ms.', 'Quinn', 'King', '356-120-2735x', 'dakota.schuster@example.net', '3', 13),
(88, 'Dr.', 'Ken', 'Bogan', '06759546732', 'bruce.schowalter@example.org', '7', 4),
(89, 'Prof.', 'Natasha', 'Glover', '916.822.7578x', 'considine.jacinto@example.com', '4', 16),
(90, 'Prof.', 'Kris', 'O\'Connell', '+53(7)1294610', 'rmccullough@example.org', '8', 11),
(91, 'Mr.', 'Hallie', 'Fahey', '430-474-3764x', 'xo\'reilly@example.com', '4', 9),
(92, 'Mr.', 'Ericka', 'O\'Connell', '+64(9)9563831', 'bode.roberto@example.org', '', 10),
(93, 'Prof.', 'Delmer', 'Koelpin', '(064)914-9191', 'hward@example.net', '', 1),
(94, 'Prof.', 'Mohamed', 'Veum', '(766)541-7826', 'marshall97@example.org', '4', 4),
(95, 'Ms.', 'Kurtis', 'Carter', '1-799-819-470', 'tkulas@example.net', '4', 6),
(96, 'Prof.', 'Cole', 'Denesik', '1-981-092-532', 'cdavis@example.com', '8', 1),
(97, 'Mr.', 'Clark', 'O\'Keefe', '+48(8)4582901', 'bbradtke@example.net', '4', 9),
(98, 'Prof.', 'Onie', 'Pagac', '752.760.0274x', 'fschmidt@example.org', '2', 18),
(99, 'Mr.', 'Rosalinda', 'Jacobs', '1-323-850-527', 'metz.elinor@example.net', '1', 9),
(100, 'Prof.', 'Louie', 'Lindgren', '+38(3)7961924', 'kaitlin01@example.org', '7', 3);

-- --------------------------------------------------------

--
-- Table structure for table `yahuas_account_details`
--

CREATE TABLE `yahuas_account_details` (
  `username` varchar(50) NOT NULL,
  `yahuas_staff_id` smallint(10) UNSIGNED DEFAULT NULL,
  `password` varchar(50) DEFAULT NULL,
  `date_account_created` date DEFAULT NULL
) ENGINE=InnoDB DEFAULT CHARSET=utf8mb4;

--
-- Dumping data for table `yahuas_account_details`
--

INSERT INTO `yahuas_account_details` (`username`, `yahuas_staff_id`, `password`, `date_account_created`) VALUES
('alexa85@example.org', 61, 'aut', '1998-02-08'),
('alexandria.hettinger@example.com', 29, 'consequuntur', '1981-12-07'),
('alfredo.mueller@example.com', 5, 'eos', '2001-08-14'),
('amalia.zieme@example.com', 52, 'molestiae', '1997-07-11'),
('annabell31@example.com', 32, 'ratione', '1998-12-21'),
('anya34@example.com', 91, 'sed', '1978-08-03'),
('aric63@example.org', 79, 'ut', '1994-02-26'),
('arne.witting@example.net', 89, 'vel', '1988-01-09'),
('barrows.kareem@example.com', 80, 'error', '2016-02-10'),
('beer.octavia@example.com', 12, 'eum', '2011-08-02'),
('beier.margie@example.com', 7, 'dignissimos', '1979-10-10'),
('bonnie95@example.com', 34, 'ut', '1972-07-28'),
('bosco.kennedi@example.net', 45, 'consequatur', '2017-07-31'),
('brigitte.bartell@example.org', 44, 'temporibus', '1979-05-06'),
('bstehr@example.org', 86, 'eos', '1994-02-25'),
('caitlyn04@example.net', 88, 'et', '2002-10-21'),
('cconn@example.com', 83, 'suscipit', '1972-06-05'),
('cdurgan@example.org', 78, 'et', '1992-03-08'),
('christian10@example.com', 58, 'consequatur', '1970-04-24'),
('claudie.mosciski@example.com', 64, 'nostrum', '2005-01-27'),
('coby.schumm@example.org', 51, 'ut', '2021-05-11'),
('conn.reagan@example.org', 94, 'temporibus', '1978-03-02'),
('cruickshank.ciara@example.net', 67, 'et', '2020-11-02'),
('davis.earl@example.net', 82, 'recusandae', '1981-08-25'),
('davis.jordi@example.com', 75, 'repellendus', '1986-10-21'),
('deontae67@example.org', 41, 'libero', '1970-05-24'),
('dokuneva@example.com', 96, 'et', '1970-05-16'),
('donavon78@example.com', 9, 'sed', '1981-06-08'),
('donnelly.fatima@example.net', 2, 'est', '2005-05-02'),
('dupton@example.net', 85, 'neque', '1995-09-01'),
('ehomenick@example.com', 25, 'expedita', '2001-06-22'),
('elmer.bogisich@example.org', 10, 'eum', '1998-01-22'),
('elmira.padberg@example.org', 28, 'commodi', '1975-12-16'),
('emie98@example.com', 56, 'perspiciatis', '2016-04-02'),
('emma.roob@example.org', 36, 'qui', '1982-03-08'),
('emmie.effertz@example.com', 84, 'at', '1998-12-01'),
('ethel31@example.net', 3, 'reprehenderit', '2019-06-11'),
('fay.alexys@example.net', 37, 'architecto', '1997-09-29'),
('fherman@example.org', 1, 'architecto', '2018-06-26'),
('fjohnson@example.org', 76, 'ab', '2013-01-14'),
('gabbott@example.net', 100, 'provident', '2012-09-28'),
('gerard59@example.com', 35, 'rerum', '2008-04-07'),
('giovanni12@example.org', 50, 'molestiae', '2007-03-03'),
('gkreiger@example.net', 24, 'aut', '1984-09-17'),
('gleason.bonnie@example.org', 54, 'sint', '1992-07-08'),
('grady.rowena@example.org', 92, 'autem', '2012-03-02'),
('grunolfsdottir@example.net', 73, 'minus', '1998-12-09'),
('heath92@example.com', 38, 'maiores', '1977-12-17'),
('herminio.kunze@example.org', 23, 'eum', '2020-11-24'),
('herzog.jermey@example.net', 77, 'excepturi', '1981-10-01'),
('hirthe.romaine@example.org', 30, 'nemo', '2017-07-21'),
('hkassulke@example.com', 70, 'omnis', '2007-11-19'),
('ihickle@example.com', 87, 'deleniti', '1980-06-13'),
('jakubowski.frederique@example.org', 42, 'voluptatem', '1986-05-18'),
('jazmyne.hagenes@example.net', 55, 'eum', '1989-12-15'),
('jeanette65@example.org', 72, 'nihil', '1993-06-04'),
('jenkins.stephon@example.org', 90, 'suscipit', '1972-07-23'),
('jrodriguez@example.net', 97, 'quia', '1998-02-21'),
('kherzog@example.com', 60, 'aut', '1976-05-25'),
('kling.darrick@example.org', 47, 'ducimus', '2022-07-19'),
('krajcik.hayley@example.net', 59, 'nihil', '1971-04-27'),
('langworth.jerod@example.com', 57, 'magnam', '1977-06-14'),
('linwood35@example.org', 33, 'est', '1995-11-04'),
('margaretta36@example.com', 20, 'sed', '2010-04-11'),
('margot.renner@example.com', 53, 'impedit', '1992-08-01'),
('mckenzie.dortha@example.com', 17, 'quibusdam', '2012-01-08'),
('melvina67@example.com', 74, 'debitis', '2018-01-14'),
('monty.strosin@example.net', 6, 'beatae', '2000-10-20'),
('myrtie.greenfelder@example.com', 13, 'aut', '2001-01-24'),
('nellie56@example.com', 40, 'rem', '1991-03-18'),
('nkulas@example.net', 81, 'esse', '2005-06-11'),
('nolan.cleo@example.org', 62, 'nihil', '1988-03-11'),
('ntorphy@example.net', 66, 'et', '2013-09-29'),
('ograham@example.org', 22, 'voluptatibus', '2000-07-06'),
('oleta96@example.net', 8, 'quia', '2008-03-19'),
('orlo.hamill@example.net', 71, 'tempore', '2011-01-07'),
('peter.kiehn@example.org', 21, 'veritatis', '2022-04-07'),
('pjohns@example.org', 18, 'eum', '2021-09-04'),
('prohaska.idella@example.net', 31, 'est', '2010-05-28'),
('reece.doyle@example.com', 16, 'qui', '1975-07-04'),
('reinger.payton@example.com', 68, 'numquam', '1986-01-25'),
('rempel.kailee@example.com', 99, 'sit', '1991-08-02'),
('rgorczany@example.org', 11, 'velit', '1979-07-01'),
('rippin.carmine@example.net', 15, 'fugiat', '1978-04-07'),
('rollin.windler@example.net', 49, 'animi', '2011-03-28'),
('ron.mccullough@example.org', 26, 'dolorem', '1991-01-17'),
('rowe.elijah@example.org', 65, 'culpa', '1976-09-19'),
('samir.jacobson@example.com', 46, 'nisi', '2013-06-08'),
('schoen.kaylee@example.org', 43, 'molestiae', '1973-03-02'),
('sharon.schiller@example.com', 39, 'porro', '2003-05-06'),
('sibyl.welch@example.com', 63, 'et', '1992-03-03'),
('stark.ruthie@example.net', 69, 'voluptatibus', '2017-01-23'),
('tdicki@example.org', 48, 'nihil', '1977-01-12'),
('tgislason@example.com', 93, 'alias', '2000-02-01'),
('tmclaughlin@example.com', 19, 'molestiae', '2008-10-02'),
('uklein@example.net', 4, 'expedita', '2017-06-11'),
('vern.dickens@example.net', 95, 'et', '1981-03-10'),
('vfranecki@example.com', 14, 'vitae', '2006-12-29'),
('wfarrell@example.net', 27, 'assumenda', '2009-12-19'),
('yhettinger@example.net', 98, 'veritatis', '2004-04-19');

-- --------------------------------------------------------

--
-- Table structure for table `yahuas_staff`
--

CREATE TABLE `yahuas_staff` (
  `yahuas_staff_id` smallint(10) UNSIGNED NOT NULL,
  `title` varchar(50) DEFAULT NULL,
  `forename` varchar(50) DEFAULT NULL,
  `surname` varchar(50) DEFAULT NULL,
  `home_address` varchar(250) DEFAULT NULL,
  `home_postcode` varchar(8) DEFAULT NULL,
  `mobile_number` varchar(13) DEFAULT NULL,
  `university_email` varchar(50) DEFAULT NULL,
  `role` varchar(50) DEFAULT NULL
) ENGINE=InnoDB DEFAULT CHARSET=utf8mb4;

--
-- Dumping data for table `yahuas_staff`
--

INSERT INTO `yahuas_staff` (`yahuas_staff_id`, `title`, `forename`, `surname`, `home_address`, `home_postcode`, `mobile_number`, `university_email`, `role`) VALUES
(1, 'Miss', 'Allan', 'Lakin', '8517 Frami Gateway Suite 872\nNew Bernard, ND 17815', '89363-27', '910-234-6857x', 'kshlerin.frieda@example.net', 'handyman'),
(2, 'Mrs.', 'Annette', 'Hoeger', '3689 Champlin Park\nO\'Konside, PA 67065-0373', '67125', '(950)940-5945', 'burnice10@example.org', 'administrator'),
(3, 'Dr.', 'Miles', 'Hand', '9490 Crystal Lakes\nSouth Consuelo, MO 51587-8741', '82241', '+08(9)0302633', 'idooley@example.net', 'administrator'),
(4, 'Dr.', 'Rogelio', 'Ortiz', '688 Zella Corners Apt. 019\nNew Donna, PA 24830', '05486-41', '1-304-353-408', 'betsy62@example.org', 'manager'),
(5, 'Dr.', 'Laverna', 'Hyatt', '548 Brant Groves\nWest Kaileyhaven, RI 50887-4317', '34635-63', '(791)507-4672', 'sierra63@example.org', 'HR'),
(6, 'Dr.', 'Jedediah', 'Gerlach', '338 Ivory Mountain Apt. 487\nRomaguerafort, AL 46738-1846', '76080-91', '484.479.5213x', 'ycollins@example.org', 'cleaner'),
(7, 'Mr.', 'Eloisa', 'Hoeger', '1362 Korey Shore Apt. 796\nNew Marcia, WV 04505-7535', '83044-50', '(107)785-5413', 'lind.olen@example.net', 'inspector'),
(8, 'Mrs.', 'Elmore', 'Kohler', '220 Alisha Center\nAufderharberg, DE 31216', '42615-44', '048.331.7345x', 'alexanne17@example.com', 'manager'),
(9, 'Dr.', 'Peggie', 'Conn', '29871 Spencer Tunnel Apt. 945\nKonopelskiland, KS 87955', '07045', '634.809.3065x', 'mallie.bode@example.org', 'HR'),
(10, 'Mrs.', 'Zachariah', 'Marquardt', '96699 Mraz Junction\nNew Amparoborough, LA 47568-0088', '33248-61', '285-164-0704x', 'kabshire@example.org', 'inspector'),
(11, 'Miss', 'Calista', 'Quigley', '19013 Ted Squares\nSamsonberg, UT 31383', '75529', '1-511-677-959', 'doug.murray@example.org', 'cleaner'),
(12, 'Dr.', 'Leonie', 'Schamberger', '54125 Kutch Ferry\nWest Eastonville, MA 07819-2347', '59052', '(609)533-3477', 'lauretta.swift@example.com', 'inspector'),
(13, 'Prof.', 'Marlee', 'Kozey', '02710 Elinor Manor\nPort Alexys, RI 63253', '32341-80', '853.882.4879', 'brekke.cristian@example.com', 'administrator'),
(14, 'Prof.', 'Kara', 'Pfeffer', '25407 Mueller Harbor\nNorth Webstermouth, OK 00852', '86575', '393.663.9968x', 'hkeeling@example.org', 'inspector'),
(15, 'Mr.', 'Lessie', 'Erdman', '7688 Beulah Station\nLake Breanatown, GA 31231-0170', '81748', '854-325-4938x', 'ethan68@example.com', 'inspector'),
(16, 'Mrs.', 'Amelia', 'Breitenberg', '788 Rempel Groves\nLake Tyshawnburgh, AL 98686-7445', '96170', '+54(9)6614523', 'dan.legros@example.net', 'cleaner'),
(17, 'Miss', 'Damaris', 'Heaney', '77662 Rylan Light\nMayertbury, NH 64490-1538', '09879', '(557)444-7003', 'streich.valentina@example.com', 'HR'),
(18, 'Mrs.', 'Hope', 'Frami', '577 Ona Cliffs\nSouth Lukasberg, OK 81915-2328', '66822', '763-343-7580', 'jeremie.nienow@example.org', 'handyman'),
(19, 'Dr.', 'Nico', 'Bartell', '14650 Olson Street\nAlexannefurt, IN 51410', '33675-00', '330.070.7404x', 'nannie28@example.org', 'cleaner'),
(20, 'Dr.', 'Alessandro', 'Reichel', '4093 Joy Terrace Apt. 439\nLake Dustinville, IA 75820-4891', '60647-38', '(714)368-5939', 'olind@example.com', 'inspector'),
(21, 'Dr.', 'Wyman', 'Kozey', '8757 Cristopher Parkways\nJerelview, MN 77392-9205', '62984', '05974994713', 'padberg.lilian@example.com', 'cleaner'),
(22, 'Dr.', 'Chloe', 'Purdy', '98416 Arnoldo Corners\nEast Zander, MT 03193-3703', '38560-81', '516-368-9654x', 'kieran40@example.net', 'handyman'),
(23, 'Mr.', 'Frankie', 'Boyle', '73336 Cesar Corners\nAmeliamouth, AK 95422', '41148', '892.862.7624x', 'torp.antonietta@example.org', 'inspector'),
(24, 'Prof.', 'Isadore', 'Hegmann', '548 Heathcote Point Suite 839\nKiehnport, CO 35809', '08470', '1-534-898-756', 'wbreitenberg@example.org', 'HR'),
(25, 'Prof.', 'Ceasar', 'Runolfsdottir', '441 Schowalter Circle Suite 246\nNorth Kathleen, VA 89866-4435', '70395', '670-914-2982x', 'bechtelar.emma@example.com', 'administrator'),
(26, 'Dr.', 'Sincere', 'Moen', '968 Freddy Junction\nLake Alene, GA 57831', '38093-88', '557.138.1958x', 'royce20@example.net', 'inspector'),
(27, 'Miss', 'Alena', 'O\'Keefe', '82288 Jones Forge Suite 935\nSchusterchester, IA 98065', '55234', '(283)654-7035', 'lemke.elsie@example.org', 'HR'),
(28, 'Mrs.', 'Coralie', 'Greenholt', '20114 Maggio Ports\nWest Irving, OR 11191-0985', '16019-51', '(876)687-1149', 'casey21@example.org', 'cleaner'),
(29, 'Prof.', 'Tanya', 'Collins', '27588 Porter Circles\nEast Dellastad, FL 33198-4047', '39954-15', '668-700-5945x', 'mferry@example.net', 'administrator'),
(30, 'Dr.', 'Gustave', 'Veum', '5867 Wiza Hill\nDaughertyport, UT 66991-6583', '05382', '1-607-364-921', 'leuschke.armand@example.net', 'manager'),
(31, 'Mr.', 'Nathanael', 'McCullough', '70592 Steuber Prairie Suite 280\nDanside, RI 89734', '16765-36', '1-592-798-891', 'grimes.carleton@example.net', 'handyman'),
(32, 'Mr.', 'Aryanna', 'Doyle', '464 Mitchell Heights\nXzavierbury, CO 30564-2976', '81094', '1-888-649-664', 'fgoldner@example.com', 'administrator'),
(33, 'Mrs.', 'Ramona', 'Hickle', '20765 Franecki Rue\nHowellview, MT 79303-2222', '67811-94', '1-281-687-786', 'westley69@example.org', 'HR'),
(34, 'Ms.', 'Collin', 'Haley', '1172 Russel Flats Apt. 915\nSouth Arielle, CA 00663-5300', '95952', '918-493-4763x', 'jamison.emard@example.com', 'cleaner'),
(35, 'Ms.', 'Jerrod', 'Simonis', '395 Kelvin Common\nReicherthaven, MT 92596', '03570-56', '666.906.9534x', 'stacy.adams@example.net', 'handyman'),
(36, 'Prof.', 'Lorena', 'Blick', '5852 Tiffany Springs\nSipesfort, IN 45777-2687', '46097', '(512)751-1496', 'kozey.rozella@example.com', 'manager'),
(37, 'Prof.', 'Madonna', 'Hayes', '632 Marquardt Inlet\nEast Davion, MS 22735-1965', '14374', '884-526-8568x', 'king.howard@example.net', 'HR'),
(38, 'Dr.', 'Giovanni', 'Kilback', '15395 Lyda Viaduct Apt. 283\nSouth Ilenebury, NV 27241-0583', '00310', '233-817-1349', 'akeem07@example.com', 'cleaner'),
(39, 'Dr.', 'Allen', 'Hoeger', '125 Alexandria Turnpike Apt. 708\nBrainview, DE 65722-8492', '16055', '215.957.6921x', 'gwaters@example.net', 'HR'),
(40, 'Dr.', 'Jesse', 'Borer', '084 Sandy Flat\nEast Alexandrineborough, WI 01783', '03025', '357.642.5850x', 'cassin.jettie@example.com', 'manager'),
(41, 'Prof.', 'Alyson', 'Bernhard', '50459 Howe Ridges\nNew Octaviamouth, WA 28932', '48995', '505-215-2569', 'pamela.abernathy@example.org', 'HR'),
(42, 'Mr.', 'Treva', 'Steuber', '090 Carrie Cove\nJenkinsview, MT 46327', '04614', '343-299-0416', 'kiley64@example.org', 'cleaner'),
(43, 'Mrs.', 'Javier', 'Swaniawski', '1316 Cronin Squares Apt. 624\nEast Drewborough, OK 40043', '39851', '086-093-2449x', 'ankunding.darrick@example.org', 'manager'),
(44, 'Dr.', 'Rosella', 'Franecki', '30722 Macejkovic Canyon Apt. 498\nAuermouth, AZ 81086-0345', '13284', '908-377-2466x', 'altenwerth.destinee@example.com', 'cleaner'),
(45, 'Prof.', 'Felipe', 'Berge', '46093 Doug Extensions Suite 080\nSouth Yolanda, KS 01474', '88332-68', '779.563.9826x', 'wilburn.upton@example.com', 'cleaner'),
(46, 'Mrs.', 'Alexandra', 'Howell', '554 Carmelo Mill\nEliseoberg, MO 99519', '02908', '+95(8)5500376', 'o\'hara.dimitri@example.org', 'HR'),
(47, 'Mrs.', 'Giovanni', 'Sawayn', '8207 Pablo Common\nNew Christy, MT 33156-6730', '85332-13', '04626368504', 'favian.dare@example.org', 'inspector'),
(48, 'Mrs.', 'Dejuan', 'O\'Conner', '8004 Jones Manors\nAmosburgh, MI 87682-5993', '69528', '1-470-551-912', 'cparker@example.org', 'cleaner'),
(49, 'Mrs.', 'Sammy', 'Kerluke', '5048 Jones Knoll\nEast Zetta, MD 92101-0391', '72160', '(522)085-7482', 'watsica.eloise@example.com', 'administrator'),
(50, 'Ms.', 'Sarai', 'Gulgowski', '980 Goodwin Island\nKilbackfort, PA 67700', '38180-70', '+04(2)4176602', 'kulas.ephraim@example.com', 'cleaner'),
(51, 'Dr.', 'Ozella', 'Runolfsdottir', '503 Rick Squares Suite 614\nSouth Bethany, IA 59737', '08010-84', '082-651-0730', 'oharvey@example.net', 'administrator'),
(52, 'Mr.', 'Amie', 'Bogan', '595 Kertzmann Crescent\nSammiestad, AK 01436-7018', '88329-66', '(668)639-8493', 'brody89@example.net', 'administrator'),
(53, 'Dr.', 'Burnice', 'Welch', '427 Emard Heights\nWest Electaborough, NY 12005-9404', '85457', '(554)095-2250', 'pwilkinson@example.com', 'manager'),
(54, 'Mr.', 'Clarabelle', 'Hagenes', '88537 Rocio Falls\nWest Erling, MA 00416', '62038', '(430)533-8603', 'julio.bechtelar@example.com', 'cleaner'),
(55, 'Mrs.', 'Lora', 'Sanford', '195 O\'Keefe Hollow Suite 244\nRicardochester, RI 56013-9569', '35526', '(280)318-6068', 'hodkiewicz.caitlyn@example.org', 'HR'),
(56, 'Prof.', 'Elna', 'Hackett', '8273 Ebert Mall Suite 995\nEast Lincolnside, MO 21096-5003', '81710', '+84(0)8014745', 'marlene47@example.net', 'inspector'),
(57, 'Prof.', 'Joanie', 'Welch', '069 Ardella Mount\nEast Bettyburgh, ND 78273', '87428', '087-336-5779x', 'ilangworth@example.com', 'cleaner'),
(58, 'Mr.', 'Jabari', 'Russel', '5836 Shields Tunnel Suite 340\nLebsackchester, WY 75290-1338', '62097', '119-504-3604x', 'morissette.johanna@example.net', 'manager'),
(59, 'Mr.', 'Robin', 'Mohr', '2984 Larson Inlet\nWest Ethel, IL 46154-9444', '79733', '01802563630', 'gyundt@example.net', 'HR'),
(60, 'Dr.', 'Malachi', 'Schmitt', '33694 Dwight Stravenue\nEast Birdiefurt, NV 52002-0726', '70671-38', '752.230.1033x', 'joelle.wyman@example.net', 'manager'),
(61, 'Mrs.', 'Emory', 'Barton', '834 Schuppe Hill Suite 930\nLake Avaview, TN 89896-2187', '55746', '658.808.9588x', 'johathan23@example.org', 'administrator'),
(62, 'Prof.', 'Briana', 'Paucek', '982 Forrest Creek Apt. 468\nTorphytown, NH 51997', '19388-78', '023-680-3862x', 'jessika.carter@example.com', 'administrator'),
(63, 'Mr.', 'Andres', 'Kihn', '2643 Jakubowski Parks Suite 514\nNew Abdul, NY 70657', '16650', '1-084-691-885', 'haley.kaia@example.net', 'HR'),
(64, 'Dr.', 'Bertrand', 'McCullough', '750 Lang Groves Suite 761\nLake Jamisonland, IL 11144-9746', '35767', '(336)380-4760', 'goodwin.franco@example.org', 'manager'),
(65, 'Prof.', 'Aliyah', 'O\'Hara', '731 Ferry Mount Suite 609\nJudgeland, MI 02413', '46129-58', '1-597-095-577', 'coty86@example.net', 'cleaner'),
(66, 'Dr.', 'Nayeli', 'Skiles', '2179 Ortiz Court\nLake Einoberg, AK 86774', '66673', '319.914.4939', 'murazik.hadley@example.com', 'HR'),
(67, 'Ms.', 'Karianne', 'Lind', '98773 Bogan Crossing Apt. 127\nErnserborough, WA 26651-4977', '63084', '982-551-1338x', 'farrell.berenice@example.net', 'manager'),
(68, 'Dr.', 'Parker', 'Kautzer', '4417 Bartoletti Mews\nNew Kavonhaven, MD 92271', '41620', '(983)083-2053', 'rahsaan89@example.org', 'administrator'),
(69, 'Prof.', 'Melba', 'Jacobi', '783 Elna Heights\nLake Kurtisbury, AR 94681-7716', '85968-34', '+28(0)8409564', 'uconsidine@example.net', 'manager'),
(70, 'Prof.', 'Tiffany', 'Kuvalis', '136 Faye Trafficway Apt. 467\nLake Rosa, ID 41597', '07067-50', '1-023-885-250', 'kmante@example.com', 'administrator'),
(71, 'Dr.', 'Alyson', 'Hettinger', '10183 Emie Plains\nWest Wellington, VA 21147-3032', '67607-09', '(782)326-5127', 'leilani49@example.net', 'administrator'),
(72, 'Ms.', 'Jerry', 'Hegmann', '084 Homenick Way\nEast German, MT 27157', '51537', '02020869880', 'wferry@example.com', 'handyman'),
(73, 'Mr.', 'Frederik', 'Dooley', '171 Schoen Track Apt. 501\nBatzbury, IL 83788', '19968-09', '982.384.2127x', 'chadd14@example.net', 'administrator'),
(74, 'Miss', 'Araceli', 'Senger', '89881 Ferry Views\nGrahamtown, VA 04540-4008', '48116-60', '(628)274-7744', 'mae75@example.org', 'HR'),
(75, 'Mr.', 'Nigel', 'Watsica', '4330 Arturo Parkway Suite 818\nDaphneyville, AL 62262', '94007', '(428)857-0475', 'schaden.akeem@example.net', 'inspector'),
(76, 'Prof.', 'Carol', 'Lakin', '51355 Estefania Shore\nChelseyville, MI 53787-6718', '63246-19', '+01(3)4516779', 'satterfield.kyleigh@example.com', 'handyman'),
(77, 'Prof.', 'Bessie', 'Reichert', '8687 Ullrich Station Apt. 132\nWest Clydeview, IA 38389-3094', '16807-82', '534.152.1639x', 'brett.beier@example.net', 'administrator'),
(78, 'Mr.', 'Xavier', 'Hartmann', '7274 Howe Tunnel\nKrajcikside, UT 79959', '02639', '1-899-765-276', 'casper.jones@example.org', 'inspector'),
(79, 'Dr.', 'Vicenta', 'Morissette', '432 Ahmed Branch\nElliottshire, CT 99157', '31679-33', '608.408.2976x', 'mann.oswald@example.org', 'inspector'),
(80, 'Miss', 'Edd', 'Hodkiewicz', '27239 Stracke Isle Apt. 582\nLake Maynardton, CT 68420-2244', '49392', '156.537.3699x', 'rau.mya@example.net', 'manager'),
(81, 'Ms.', 'Guy', 'Schuster', '66812 Lyla Avenue Apt. 796\nLorenzofort, NC 13156', '88356', '592-453-8984x', 'hellen81@example.net', 'HR'),
(82, 'Ms.', 'Pascale', 'Willms', '15390 Mckenna Ports Apt. 176\nKobestad, AR 03727-8707', '55070-36', '539-137-6008x', 'anika88@example.org', 'manager'),
(83, 'Mr.', 'Glenna', 'Dooley', '96556 Giovanni Glen\nRunteton, AR 18891', '19353-67', '(954)029-7788', 'tremblay.carlotta@example.org', 'handyman'),
(84, 'Prof.', 'Martina', 'Lemke', '95644 Kertzmann Club\nNorth Richard, MS 29561-7733', '19837', '1-259-895-669', 'everett.jakubowski@example.org', 'handyman'),
(85, 'Mr.', 'Haleigh', 'Zboncak', '697 Crona Walks Suite 574\nManuelport, MA 88092', '33969-18', '05971259341', 'taylor.friesen@example.net', 'administrator'),
(86, 'Dr.', 'Pink', 'Lang', '29230 Howe Summit\nLake Augustineland, MD 99084-8881', '57104-84', '07491762739', 'schmitt.zoie@example.net', 'inspector'),
(87, 'Prof.', 'Sofia', 'McCullough', '76176 Price Flats Suite 459\nNorth Aronfort, PA 84868', '78565-26', '1-146-713-680', 'schuster.niko@example.org', 'manager'),
(88, 'Mrs.', 'Elena', 'Keebler', '4246 Torphy Shoals Suite 183\nTheresefort, HI 88771-4603', '21440', '1-712-893-199', 'ymckenzie@example.net', 'cleaner'),
(89, 'Mr.', 'Roslyn', 'Reilly', '5980 Yundt Turnpike\nEast Shakiraville, WV 35737-9343', '90699-22', '(719)068-7567', 'ludwig.dach@example.org', 'administrator'),
(90, 'Miss', 'Matilde', 'Zieme', '46257 Jast Drives Suite 825\nEast Cecileland, AK 07768', '33771', '881-847-4845', 'emil.harber@example.com', 'cleaner'),
(91, 'Miss', 'Reva', 'Connelly', '909 Gaylord Circle Apt. 929\nNew Daphneside, WV 10749-9898', '25432-48', '+30(5)7056413', 'wava.goodwin@example.org', 'administrator'),
(92, 'Dr.', 'Lou', 'Ziemann', '97105 Andy Crossing Apt. 629\nLake Piper, UT 40436-9632', '29843-71', '1-260-346-981', 'stanton22@example.com', 'administrator'),
(93, 'Dr.', 'Ethyl', 'Oberbrunner', '188 Turner Tunnel\nArthurburgh, KS 81579-8787', '31663-98', '1-898-516-446', 'meta29@example.org', 'handyman'),
(94, 'Dr.', 'Kyle', 'Wiegand', '9444 Jailyn Common\nSouth Chynaburgh, CA 91838', '62123-39', '404-507-1800x', 'gschmidt@example.org', 'inspector'),
(95, 'Ms.', 'Domenico', 'Schmeler', '38993 Allie Land\nNew Nettieland, MD 30885', '66970', '+95(4)0310054', 'doug14@example.com', 'cleaner'),
(96, 'Dr.', 'Keshaun', 'Heidenreich', '02890 Quigley Station Suite 023\nEmeliaside, KS 08346-8715', '86781', '897.838.0523x', 'uwehner@example.net', 'manager'),
(97, 'Prof.', 'Elyssa', 'Leffler', '28941 Marjorie Turnpike Apt. 071\nWatsicaview, HI 07386', '84195', '(288)795-9221', 'xbeer@example.com', 'manager'),
(98, 'Mrs.', 'Alverta', 'Rau', '78598 Jammie Islands Suite 553\nBlickfort, VT 64511', '84902-00', '1-337-079-350', 'sammie69@example.com', 'manager'),
(99, 'Mrs.', 'Jameson', 'Waelchi', '959 Lisa Creek Apt. 437\nCristfort, MN 08051', '83411', '1-243-652-203', 'greta.cartwright@example.com', 'manager'),
(100, 'Miss', 'Felipa', 'Hodkiewicz', '6018 Rosenbaum Path Apt. 251\nLake Halie, FL 21896', '76386-00', '935.258.0561', 'bertrand.sauer@example.net', 'handyman');

--
-- Indexes for dumped tables
--

--
-- Indexes for table `building`
--
ALTER TABLE `building`
  ADD PRIMARY KEY (`building_id`),
  ADD KEY `Key` (`halls_id`);

--
-- Indexes for table `course`
--
ALTER TABLE `course`
  ADD PRIMARY KEY (`course_id`),
  ADD KEY `head_staff_id` (`head_staff_id`),
  ADD KEY `uni_id` (`uni_id`);

--
-- Indexes for table `halls`
--
ALTER TABLE `halls`
  ADD PRIMARY KEY (`halls_id`),
  ADD KEY `uni_id` (`uni_id`);

--
-- Indexes for table `inspection`
--
ALTER TABLE `inspection`
  ADD PRIMARY KEY (`inspection_id`),
  ADD KEY `room_id` (`room_id`),
  ADD KEY `yahuas_staff_id` (`yahuas_staff_id`);

--
-- Indexes for table `invoice`
--
ALTER TABLE `invoice`
  ADD PRIMARY KEY (`invoice_id`),
  ADD KEY `lease_id` (`lease_id`);

--
-- Indexes for table `lease_agreement`
--
ALTER TABLE `lease_agreement`
  ADD PRIMARY KEY (`lease_id`),
  ADD KEY `student_id` (`student_id`);

--
-- Indexes for table `next_of_kin`
--
ALTER TABLE `next_of_kin`
  ADD PRIMARY KEY (`next_of_kin_id`);

--
-- Indexes for table `room`
--
ALTER TABLE `room`
  ADD PRIMARY KEY (`room_id`),
  ADD KEY `room_type_id` (`room_type_id`),
  ADD KEY `building_id` (`building_id`);

--
-- Indexes for table `room_type`
--
ALTER TABLE `room_type`
  ADD PRIMARY KEY (`room_type_id`);

--
-- Indexes for table `student`
--
ALTER TABLE `student`
  ADD PRIMARY KEY (`student_id`),
  ADD KEY `next_of_kin_id` (`next_of_kin_id`),
  ADD KEY `uni_advisor_id` (`uni_advisor_id`),
  ADD KEY `course_id` (`course_id`);

--
-- Indexes for table `university`
--
ALTER TABLE `university`
  ADD PRIMARY KEY (`uni_id`);

--
-- Indexes for table `university_staff`
--
ALTER TABLE `university_staff`
  ADD PRIMARY KEY (`uni_staff_id`);

--
-- Indexes for table `yahuas_account_details`
--
ALTER TABLE `yahuas_account_details`
  ADD PRIMARY KEY (`username`);

--
-- Indexes for table `yahuas_staff`
--
ALTER TABLE `yahuas_staff`
  ADD PRIMARY KEY (`yahuas_staff_id`);

--
-- AUTO_INCREMENT for dumped tables
--

--
-- AUTO_INCREMENT for table `building`
--
ALTER TABLE `building`
  MODIFY `building_id` smallint(10) UNSIGNED NOT NULL AUTO_INCREMENT, AUTO_INCREMENT=201;

--
-- AUTO_INCREMENT for table `course`
--
ALTER TABLE `course`
  MODIFY `course_id` smallint(10) UNSIGNED NOT NULL AUTO_INCREMENT, AUTO_INCREMENT=21;

--
-- AUTO_INCREMENT for table `halls`
--
ALTER TABLE `halls`
  MODIFY `halls_id` smallint(10) UNSIGNED NOT NULL AUTO_INCREMENT, AUTO_INCREMENT=16;

--
-- AUTO_INCREMENT for table `inspection`
--
ALTER TABLE `inspection`
  MODIFY `inspection_id` smallint(10) UNSIGNED NOT NULL AUTO_INCREMENT, AUTO_INCREMENT=601;

--
-- AUTO_INCREMENT for table `invoice`
--
ALTER TABLE `invoice`
  MODIFY `invoice_id` smallint(10) UNSIGNED NOT NULL AUTO_INCREMENT, AUTO_INCREMENT=101;

--
-- AUTO_INCREMENT for table `lease_agreement`
--
ALTER TABLE `lease_agreement`
  MODIFY `lease_id` smallint(10) UNSIGNED NOT NULL AUTO_INCREMENT, AUTO_INCREMENT=101;

--
-- AUTO_INCREMENT for table `next_of_kin`
--
ALTER TABLE `next_of_kin`
  MODIFY `next_of_kin_id` smallint(10) UNSIGNED NOT NULL AUTO_INCREMENT, AUTO_INCREMENT=251;

--
-- AUTO_INCREMENT for table `room`
--
ALTER TABLE `room`
  MODIFY `room_id` smallint(10) UNSIGNED NOT NULL AUTO_INCREMENT, AUTO_INCREMENT=1001;

--
-- AUTO_INCREMENT for table `room_type`
--
ALTER TABLE `room_type`
  MODIFY `room_type_id` smallint(10) UNSIGNED NOT NULL AUTO_INCREMENT, AUTO_INCREMENT=11;

--
-- AUTO_INCREMENT for table `student`
--
ALTER TABLE `student`
  MODIFY `student_id` smallint(10) UNSIGNED NOT NULL AUTO_INCREMENT, AUTO_INCREMENT=251;

--
-- AUTO_INCREMENT for table `university`
--
ALTER TABLE `university`
  MODIFY `uni_id` smallint(10) UNSIGNED NOT NULL AUTO_INCREMENT, AUTO_INCREMENT=6;

--
-- AUTO_INCREMENT for table `university_staff`
--
ALTER TABLE `university_staff`
  MODIFY `uni_staff_id` smallint(10) UNSIGNED NOT NULL AUTO_INCREMENT, AUTO_INCREMENT=101;

--
-- AUTO_INCREMENT for table `yahuas_staff`
--
ALTER TABLE `yahuas_staff`
  MODIFY `yahuas_staff_id` smallint(10) UNSIGNED NOT NULL AUTO_INCREMENT, AUTO_INCREMENT=101;

--
-- Constraints for dumped tables
--

--
-- Constraints for table `course`
--
ALTER TABLE `course`
  ADD CONSTRAINT `course_ibfk_1` FOREIGN KEY (`head_staff_id`) REFERENCES `university_staff` (`uni_staff_id`),
  ADD CONSTRAINT `course_ibfk_2` FOREIGN KEY (`uni_id`) REFERENCES `university` (`uni_id`);

--
-- Constraints for table `halls`
--
ALTER TABLE `halls`
  ADD CONSTRAINT `halls_ibfk_1` FOREIGN KEY (`uni_id`) REFERENCES `university` (`uni_id`);

--
-- Constraints for table `inspection`
--
ALTER TABLE `inspection`
  ADD CONSTRAINT `inspection_ibfk_1` FOREIGN KEY (`room_id`) REFERENCES `room` (`room_id`),
  ADD CONSTRAINT `inspection_ibfk_2` FOREIGN KEY (`yahuas_staff_id`) REFERENCES `yahuas_staff` (`yahuas_staff_id`);

--
-- Constraints for table `invoice`
--
ALTER TABLE `invoice`
  ADD CONSTRAINT `invoice_ibfk_1` FOREIGN KEY (`lease_id`) REFERENCES `lease_agreement` (`lease_id`);

--
-- Constraints for table `lease_agreement`
--
ALTER TABLE `lease_agreement`
  ADD CONSTRAINT `lease_agreement_ibfk_1` FOREIGN KEY (`student_id`) REFERENCES `student` (`student_id`);

--
-- Constraints for table `room`
--
ALTER TABLE `room`
  ADD CONSTRAINT `room_ibfk_1` FOREIGN KEY (`room_type_id`) REFERENCES `room_type` (`room_type_id`),
  ADD CONSTRAINT `room_ibfk_2` FOREIGN KEY (`building_id`) REFERENCES `building` (`building_id`);

--
-- Constraints for table `student`
--
ALTER TABLE `student`
  ADD CONSTRAINT `student_ibfk_1` FOREIGN KEY (`next_of_kin_id`) REFERENCES `next_of_kin` (`next_of_kin_id`),
  ADD CONSTRAINT `student_ibfk_2` FOREIGN KEY (`uni_advisor_id`) REFERENCES `university_staff` (`uni_staff_id`),
  ADD CONSTRAINT `student_ibfk_3` FOREIGN KEY (`course_id`) REFERENCES `course` (`course_id`);
COMMIT;

/*!40101 SET CHARACTER_SET_CLIENT=@OLD_CHARACTER_SET_CLIENT */;
/*!40101 SET CHARACTER_SET_RESULTS=@OLD_CHARACTER_SET_RESULTS */;
/*!40101 SET COLLATION_CONNECTION=@OLD_COLLATION_CONNECTION */;
